date,AAOI,AAPL,ABBV,ABNB,ABT,ACHR,ACMR,ACN,ADBE,ADI,ADM,ADP,AEE,AEM,AEP,AFRM,AGG,AGIX,ALAB,ALB,ALNY,AMAT,AMCR,AMD,AME,AMGN,AMKR,AMRC,AMT,AMZN,ANET,AON,APD,APH,APLD,APP,ARGX,ARKX,ARM,ASHR,ASML,ASTS,ATI,ATO,AU,AUR,AVAV,AVGO,AXON,AXP,AXTI,BA,BABA,BAC,BE,BIDU,BIIB,BKNG,BKR,BKSY,BLK,BMY,BNY,BOTZ,BRK-B,BSX,BTDR,BTSG,BX,BYND,C,CAT,CATY,CB,CBRE,CBRS,CCI,CCJ,CDE,CDNS,CEG,CHTR,CI,CIBR,CIEN,CIFR,CL,CLF,CMCSA,CME,CMI,CNP,COF,COHR,COIN,COP,COPX,CORZ,COST,CRDO,CRH,CRM,CRML,CRWD,CRWV,CSCO,CSX,CTAS,CTVA,CVBF,CVS,CVX,D,DAL,DASH,DBC,DDOG,DE,DELL,DHI,DHR,DIA,DIS,DKNG,DLR,DOW,DPZ,DRAM,DTE,DUK,DVN,DXCM,EAT,ECL,ED,EEM,EFA,EH,ELV,EMR,ENPH,ENTG,EOG,EOSE,EQIX,ES,ETN,ETR,EVRG,EVTL,EW,EWG,EWJ,EWU,EWY,EXC,EXR,EZU,F,FAST,FCX,FDN,FDX,FE,FINX,FIS,FIX,FN,FNV,FORM,FOXA,FROG,FSLR,FTI,FTNT,FULT,FXI,GD,GDS,GDX,GDXJ,GE,GEHC,GEV,GFS,GILD,GKOS,GLD,GLW,GM,GOOG,GOOGL,GPN,GS,GWW,HALO,HCA,HD,HEI,HIMS,HIVE,HL,HLT,HON,HOOD,HUBB,HUM,HUT,HWC,HWM,HYG,IAI,IAK,IAT,IBB,IBM,ICE,IDU,IDXX,IEF,IEO,IEZ,IGM,IGV,IHE,IHF,IHI,IJR,ILMN,INTC,INTU,IONQ,IPAY,IREN,IRM,ISRG,ITA,ITB,ITOT,ITW,IWM,IWV,IYC,IYE,IYF,IYG,IYH,IYJ,IYK,IYM,IYR,IYT,IYW,IYZ,JCI,JD,JETS,JNJ,JOBY,JPM,KBE,KDP,KGC,KIE,KKR,KLAC,KMB,KMI,KO,KR,KRE,KRYS,KTOS,KVUE,LAC,LCID,LDOS,LEU,LHX,LI,LIN,LIT,LITE,LLY,LMT,LNT,LOW,LQD,LRCX,LUNR,LYFT,LYV,MA,MAGS,MAR,MARA,MCD,MCHI,MCHP,MCK,MCO,MDB,MDLZ,MDT,MDY,MELI,META,MGK,MLM,MMM,MNST,MO,MOG.A,MP,MPC,MPWR,MRK,MRNA,MRSH,MRVL,MS,MSFT,MSTR,MTCH,MTUM,MU,NBIS,NEE,NEM,NET,NFLX,NI,NIO,NKE,NOC,NOK,NOW,NRG,NSC,NTAP,NTNX,NTRA,NU,NUE,NVDA,NVT,NVTS,NXPI,NXT,O,ODFL,OKE,OKLO,OKTA,OMC,ON,ONDS,ONTO,ORCL,ORLY,OUST,OXY,P,PAAS,PANW,PATH,PAVE,PAYC,PCAR,PCG,PDD,PEG,PEJ,PEP,PFE,PG,PGR,PH,PINS,PKG,PL,PLD,PLTR,PM,PNC,PNW,POET,PPG,PPL,PSA,PSX,PTGX,PWR,PYPL,QBTS,QCOM,QQQ,QQQE,QS,QTUM,QUAL,QUBT,RBLX,RCL,RDDT,RDW,REGN,REMX,REZ,RGLD,RGTI,RHP,RIOT,RIVN,RKLB,RMBS,RMD,ROST,RS,RSP,RSPC,RSPD,RSPF,RSPG,RSPH,RSPM,RSPN,RSPR,RSPS,RSPT,RSPU,RTX,RUN,RVMD,S,SATL,SBAC,SBUX,SCCO,SCHD,SCHW,SEDG,SERV,SFNC,SHAZ,SHOP,SHW,SHY,SIDU,SIL,SILJ,SIMO,SKYY,SLB,SLV,SM,SMCI,SMH,SMR,SNAP,SNDK,SNOW,SNPS,SNX,SO,SOFI,SOXX,SPCX,SPG,SPGI,SPIR,SPLV,SPOT,SPY,SQM,SRE,STLD,STM,STX,SW,SWKS,SYF,SYK,SYM,SYY,T,TAN,TDG,TECK,TEL,TER,TGT,TGTX,TJX,TLN,TLT,TMO,TMUS,TOST,TRGP,TRMK,TRV,TSEM,TSLA,TSM,TT,TTWO,TWLO,TWST,TXG,TXN,UAL,UBER,UCTT,UI,UMBF,UNH,UNP,UPS,URA,URI,USAR,USB,USFD,USO,UUP,UUUU,V,VAW,VCR,VDC,VDE,VFH,VGT,VHT,VICI,VIS,VLO,VMC,VNQ,VOX,VPU,VRT,VRTX,VSAT,VSH,VST,VT,VTI,VTR,VTV,VUG,VXUS,VXX,VZ,WBD,WDC,WEC,WELL,WFC,WM,WMB,WMT,WPM,WULF,XBI,XEL,XHB,XLB,XLC,XLE,XLF,XLI,XLK,XLP,XLRE,XLU,XLV,XLY,XOM,XOP,XPEV,XPH,XPO,XRT,XSD,XYZ,ZETA,ZS
2026-03-17,86.33,254.23,219.76,131.95,110.71,6.29,47.34,198.66,254.2,313.66,72.12,209.73,112.23,209.45,133.62,47.56,99.8,34.85,127.57,166.32,320.42,352.46,40.71,196.31,215.56,361.13,46.34,26.12,185.07,215.2,133.07,321.18,286.15,67.56,27.51,459.09,706.03,32.04,127.31,33.54,1389.16,95.7,148.83,186.98,96.2,4.22,222.51,321.31,506.57,300.27,44.36,210.82,136.57,47.28,160.05,120.69,185.29,177.6932,57,26.4,971.01,59.71,116.12,35.38,492.58,71.2,9.25,42.1,112,22.458,107.71,702,47.48,330.87,136.28,,87.93,111.52,21.04,293.75,307.69,222.52,263.47,64.97,370.05,15.09,89.94,8.35,30.08,313.33,543.27,43.66,183.42,245.8,210.23,122.87,77.91,16.42,996.16,104.06,104.93,195.31,9.17,108.3,82.12,79.27,40.305,192.84,80.05,18.92,74.81,197.97,63.03,64.83,169.81,28.76,128.87,574.26,153.01,142.14,195.21,470.9,100.3,25.22,180.39,36.91,396.18,,149.34,132.95,47.42,67.32,142.77,272.59,114.9,58.75,98.37,11.59,295.75,132.49,44.7,116.08,135.72,5.64,976.88,72.44,363.95,106.07,82.81,3.92,84.27,40.74,85.08,46.3,134.43,50.04,138.36,63.53,11.94,45.93,58.09,244.74,354.66,51.21,24.95,50.23,1424.46,500.02,254.87,94.71,58.3,43.83,200.42,65.34,83.16,19.6,36.89,356.29,44.26,93.96,125.13,302.09,72.34,844.05,43.25,144.4,102.93,459.27,129.89,74.04,309.41,310.92,72.42,807.04,1065.53,65.13,509.87,341.43,292.21,24.98,2.21,19.62,301.31,231.42,77.35,471.22,170.77,51.79,61.84,240.24,79.81,164.97,130.12,52.22,167.17,256.11,160.82,118.39,586.98,96.19,118.35,27.51,124.4,85.53,86.06,43.8,55.95,123.83,120.84,44.06,459.28,33.31,44,42.96,107.96,482.76,232.9,94.23,146.19,267.74,250.05,380.28,99.665,61.45,117.34,82.5,62.34,150.442,72.29,174.56,98.37,75.1,190.81,39.59,132.56,28.54,25.07,238.11,9.93,286.89,58.22,27.57,31,56.05,88.97,148.135,100.48,33.27,77.58,74.12,63.45,256.33,95.31,17.77,4.5,10.32,168.98,213.6,368.86,17.97,494.05,71.64,649.56,930.35,636.33,72.63,239.71,109.3,226.47,18.9,14.04,155.82,506.58,61.13,327.28,9.24,326.3,58.44,64.59,941.89,441.03,272.27,57.94,88.44,621,1728.14,622.66,76.87,582.5,149.06,38.795,66.97,307.03,59.3,233.26,1066.66,115.87,53.93,171.94,90.79,157.83,399.41,150.28,31.07,248.23,461.69,116.33,92.53,111.04,211.52,94.36,47.26,5.96,55.12,724.03,8.55,116.72,154.75,291.32,101.92,41.7,198.38,14.25,162.08,181.93,114.71,9.82,194.02,121.84,64.09,184.43,86.56,60.53,78.53,78.39,60.98,11.28,196.61,154.69,89.39,21.39,57.73,63.44,55.81,169.19,11.98,50.87,125.87,115.43,18.36,104.37,84.74,58.84,156.5,27.45,151.48,203.79,893.31,18.56,215.97,27.08,133.21,155.08,172.83,203.92,102.6,6.57,103.9,38.43,286.13,172.71,97.23,571.64,46.13,17.47,131.59,603.31,101.9,6.96,111.65,196.88,7.54,57.79,277.9,144.33,10.13,759.05,90.12,88.11,255.82,16.22,91.95,14.68,15.82,78.59,93.5,233.5,209.19,299.04,196.05,38.0945,55.04,71.83,104.47,30.87,38.1,59.15,34.618,30.5928,46.89,83.19,203.33,13.29,99.13,14.49,3.02,187.15,97.57,173.189,30.95,93.93,42.88,9.62,18.69,24.23,127.8,320.7,82.66,2.37,94.21,31.53,126.18,113.49,46.13,71.66,26.81,31.51,396.88,12.44,4.65,720.17,174.6,429.29,154.72,98.27,17.37,340.25,,190.53,432.94,10.84,75.07,525.23,670.79,77.11,95.94,172.63,33.79,421.09,40.08,53.71,65.15,349.11,52.51,84.29,27.85,57.74,1232.51,49.96,204.34,299.4,116.76,31.51,155.38,327.14,87.45,472.71,213.35,28.39,240.84,41.19,306.33,137.86,399.27,345.98,425.36,206.72,126.88,47.28,18.09,194.45,93.19,77.79,58.6,788.52,110.71,287.57,242.32,97.77,50.52,745.02,19.68,51.58,92.16,118.84,27.68,19.32,308.46,224.54,371.92,230.81,165.13,120.88,90.925,277.13,28.62,321.22,235.96,265.46,93.34,188.2,203.11,268.41,462.49,50.18,17.68,164.33,142.02,330.57,88,199.33,76.1033,78.61,31.99,50.52,27.64,313.81,117.29,213.16,76.23,236.05,73.69,125.08,137.19,16.04,124.19,81.41,102.08,49.52,115.37,58.51,49.56,166.5,139.54,84.7,42.72,47.13,149.64,113.18,158.81,170.08,19.16,54.31,188.35,80.36,332.43,59.79,18.03,156
2026-03-18,92.63,249.94,208.34,131.13,108.49,6.01,46.6,195.15,246,308.59,70.87,208.28,110.75,196.09,130.97,44.42,99.38,34.45,126.34,165.83,314.8,349.47,39.85,199.46,212.77,351.48,46.87,26.68,180.69,209.87,136.07,317.88,281.42,63.905,26.65,442.57,684.77,31.26,128.36,33.14,1355.17,90.74,149.64,185.25,92.39,4.06,215.85,315.93,508.41,294.39,48.76,205.99,134.43,46.83,156.58,121.87,182.31,175.2556,57.48,25.38,968.31,59.37,114.66,34.85,484.47,71.28,8.71,43.07,113.53,21,108.67,693.62,47.19,327.98,133.91,,84.91,109.4,19.26,289.64,317.22,209,264.61,64.96,385.26,14.67,87.52,8.18,28.57,308.9,543.29,43.23,180.14,257.21,202.29,123.65,74.93,16.35,979.92,101.72,101.91,194.34,8.72,108.9525,82.82,77.6,39.64,185.44,79.34,18.59,73.02,198.61,62.2,63.81,164.99,29.27,131.26,571.02,149.21,137.25,191.5,463,99.42,25.28,178.94,37.69,376.92,,147.01,130.75,48.16,67.66,140.05,261.84,113.53,57.56,96.69,11.17,294.95,129.88,43.28,115.58,137.52,5.28,973.56,72.74,360.54,104.26,81.54,3.69,82.61,39.76,84.15,45.38,131.88,49.25,136.37,62.39,11.79,45.08,55.45,242.95,349.74,50.66,24.25,49.21,1423,500.43,243.33,96.18,57.65,43.87,197.81,65.13,83.39,19.22,36.2,353.36,44.49,88.11,116.37,300.96,70.25,858.47,42.47,141.29,103.22,444.74,129.86,73.53,306.3,307.69,69.64,805.48,1045.82,63.65,502.05,330.93,288.33,23.15,2.12,18.5,294.56,229.92,74.9,477.47,170.42,49.36,60.96,241.93,79.4,163.37,127.89,51.67,163.78,251.6,157.16,117.52,577.12,95.75,119.55,27.31,123.15,84.34,85.05,43.24,55.14,122.23,122.95,45.03,446.79,32.38,42.74,42.21,105.74,477.73,231.43,91.36,144.22,260.74,246.02,375.3,97.63,61.45,116.34,81.54,61.39,148.445,70.47,170.81,96.84,74.06,188.65,39.05,133.76,28.2,24.59,237.28,9.54,287.74,57.55,27.07,28.95,55.09,90.63,148.236,98.72,32.61,75.97,73.28,62.62,250.83,93.04,17.51,4.28,9.95,166.75,208.46,368.38,17.05,488.57,69.45,700.81,918.05,642.28,71.76,231.09,108.71,224.71,18.11,13.46,156.47,488.47,60.2,322.52,8.92,315.73,57.23,64.71,920.35,438.67,268.52,56.47,87.21,615.23,1690.26,615.68,75.724,567.92,145.08,37.045,65.13,308.3,57.54,236.24,1075.29,114.5,52.4,171.02,87.62,158.93,391.79,140.56,30.77,246.24,461.73,118.56,90.96,106.54,225.48,94.7,46.62,5.82,53.47,724.84,8.36,113.71,159.11,284.36,100.77,41.47,197.79,13.97,161.16,180.4,120.27,9.06,192.69,115.38,63.04,182.57,86.19,56.7,78.43,76.08,60.46,10.83,201.88,152.9,87.72,20.74,58.38,64.39,51.79,168.91,12.45,50.31,124.49,114.69,18.17,100.72,84.21,57.78,153.54,27.32,146.71,201.17,912.4,18.77,209.42,24.81,131.2,152.77,166.14,201.17,100.92,6.18,100.78,38.05,277.59,172.74,97.09,572,44.59,16.49,130.47,594.9,100.35,6.85,110.84,194.08,7.25,58.27,269.52,142.79,9.55,744.12,86.67,86.62,242.52,15.67,91.57,14.1,15.53,69.48,93.32,227.88,207.22,295.94,193.47,37.35,53.9,70.85,104.65,30.43,37.46,58.54,34.05,29.93,46.56,82.47,204.56,12.79,98.11,14.38,2.96,183.03,92.66,163.112,30.58,93.28,44.88,9.43,18.55,26.01,123.75,312.12,82.51,2.28,87.87,29.26,125.4,113.26,45.32,68.7,27.27,30.35,393.67,12.03,4.62,753.69,173.25,428.67,153.06,96.54,17.18,338.29,,189.9,426.64,10.74,73.76,516.72,661.43,75.03,95.04,168.75,33.23,406.77,38.58,53.58,65.17,345.81,50.06,82.51,27.41,56.58,1199.94,48.89,196.25,300.07,115.05,30.04,152.87,338.6,86.955,464.69,206.62,27.85,233.98,40.35,299.25,141.96,392.78,339.57,426.7,204.22,126.55,44.46,17.35,190.78,92.51,76.66,59.36,784.88,109.06,284.33,236.57,96.84,49.07,725.3,18.4,51.32,88.96,121.67,27.85,18.71,299.02,219.17,363.71,225.32,165.23,119.34,89.9813,272.57,28.1,318.06,238.46,257.86,91.96,185.42,201.48,264.71,451.59,48.59,17.49,170.12,139.82,326.02,87.33,196.75,75.0033,77.25,34.68,49.59,27.35,304.9,115.85,209.21,76.19,233.79,72.8,121.98,128.75,15.3,121.11,80.02,99.59,48.48,113.66,58.43,48.97,165.18,137.96,82.64,42.02,46.73,147.14,110.57,157.59,173.36,18.77,53.07,189.72,78.99,328.77,57.84,17.22,155.99
2026-03-19,101.92,248.96,206.23,130.79,107.19,6.01,46.6,203.55,245.99,310.44,68.64,210.66,109.56,184.78,128.72,44.43,99.49,34.425,126.16,163.26,311.1,357.21,38.69,205.27,211.5,349.92,48.13,26.83,182.76,208.76,136.26,316.99,284.15,65.325,26.7,439.92,684.5,31.37,129.82,33.07,1366.39,94.09,147.54,184.9,85.69,4.18,211.35,319.84,502.18,294.93,58.09,201.18,124.9,47.01,166.69,119.01,183.41,171.7716,60.71,25.63,969.6,58.11,114.9,34.88,481.48,69.89,8.57,43.99,113.47,21.327,109.85,688.65,47.53,323.64,133.21,,85.07,106.6,18.27,287.4,316.47,211.63,264.57,65.23,412.58,14.64,85.5,8.18,28.98,310.71,540.24,43.25,179.73,275.57,202.91,126.02,72.38,16.48,974.78,107.09,101.02,194.99,8.41,107.045,80.66,78.51,38.49,181.83,78.07,18.88,71.86,201.44,61.02,65.01,159.26,28.84,129.94,567.58,156.76,137.98,190.11,461.06,99.2,24.91,179.85,37.49,375.3,,147.14,129.74,48.79,67.27,144.76,258.7,111.69,57.62,96.52,10.87,291.15,129.9,44.64,115.86,138.82,5.52,974.76,69.62,360.23,103.94,81.06,3.71,82.46,39.69,84.08,45.11,134.82,48.01,135.99,62.41,11.64,44.49,53.62,241.67,356.11,49.69,24.27,49.26,1444.6,540.75,231.05,95.1,57.68,43.46,199.65,66.22,83.12,19.45,36.19,349.63,44.55,82.9,108.97,291.61,70.38,877.39,43.36,141.11,102.09,426.41,133.08,73.79,305.73,307.13,68.18,809.5,1043.05,63.27,499.65,328.21,277.16,24.16,2.09,17.61,297.83,229.03,74.16,492.65,166.45,50.14,61.24,232.94,79.66,163.61,126.83,51.87,164.46,250.37,158.5,117.08,579.85,95.74,121.24,28.17,123.42,84.46,85.07,42.92,54.87,122.77,126.59,46.18,455.24,31.9,42.8,41.66,104.94,479.93,227.32,90.64,143.93,260.62,247.63,374.34,96.94,62.48,116.32,81.67,61.18,147.76,69.94,166.94,96.47,73.86,188.68,39.65,133.25,28.02,24.69,237.6,9.69,287.97,57.94,27.15,27.42,54.36,90.6,151.152,98.58,33.44,75.55,73.76,63.19,258,92.78,17.43,4.01,10.3,165.95,205.09,363.7,17.1,489.8,68.74,772.13,917.5,637.51,71.32,229.71,109.19,233.99,18.91,13.38,154.19,491.14,59.55,324.89,9.22,309.58,56.81,63.29,898.95,435.8,270.16,56.49,86.87,616.76,1666.93,606.7,75.446,567.47,142.71,36.87,65.07,304.37,53.1,235.78,1092.69,114.2,52.37,170.91,89.53,158.55,389.02,138.24,31.47,246.86,444.27,121.52,92.41,99.2,221.36,91.74,46.69,5.89,53.44,714.15,8.3,113.27,161.4,278.19,103.09,41.03,202.73,14.16,161.95,178.56,122.58,9.17,192.35,118.74,62.64,182.36,88.39,54.69,80.76,75.84,59.29,10.75,209.46,155.52,87.91,21.06,59.58,65.45,48.34,169.74,12.24,49.99,124.15,112.85,18.19,97.43,82.78,58.09,152.74,27.41,144.84,202.68,900.01,18.66,204.39,26.96,131.09,155.68,163.37,202.05,100.07,6.23,98.38,37.65,277.33,178.34,101.68,577.95,44.19,16.1,131.28,593.02,100.38,6.89,111.25,194.21,7.19,57.52,272,138.12,9.63,737.45,82.95,85.86,225.07,15.41,92.37,14.14,16.12,71.93,94.62,227.41,210.66,294.8,193.32,37.302,53.96,70.78,106.75,30.31,36.83,58.38,34.058,29.6562,47.02,81.92,200.73,13.08,99.29,14.56,3.28,182.28,95.83,156.3515,30.59,93.99,45.66,9.13,18.7,25.58,122.37,310.38,82.49,2.29,82.85,27.41,127.5,113.63,47.82,65.68,27.75,30.79,394.92,11.99,4.56,772.09,175.4,428.25,155.33,96.23,17.08,340.2,,191.31,426.14,12.2,73.37,482.52,659.8,74.66,95.25,167.56,32.42,434.6,36.93,54.12,65.51,339.76,51.28,81.67,27.74,56.95,1191.94,47.36,198.39,302.4,114.47,30.36,154.68,340.07,87.49,470.21,206.59,27.4,239.53,40.94,296.84,166.08,380.3,338.79,423.03,201.75,127.35,44.8,18.38,188.29,94.15,75.34,62.63,794.23,109.26,280.44,234.18,96.56,48.27,719.95,17.81,51.3,89.33,117.36,27.58,17.92,299.71,215.35,361.16,223.68,167.89,119.45,90.215,271.9,27.98,316.74,242.07,257.02,91.59,184.63,200.77,269.17,458.05,52.12,17.73,167.37,139.55,325.44,85.55,196.47,74.7617,77.15,33.77,49.48,27.63,316.93,115.64,206.09,76.39,233.83,74.06,121.09,121.25,15.74,122.33,79.53,98.72,47.74,113.14,59.36,48.99,164.06,138.43,81.97,41.92,46.54,146.61,109.7,158.16,175.04,19.15,53.72,187.37,79.9,331.34,58.99,17.23,155.4
2026-03-20,87.54,247.99,205.07,128.52,105.46,5.76,43.55,199.99,248.15,309.43,66.17,208.69,106.06,179.13,125.66,43.81,98.66,33.53,116.04,156.7,312.17,357.06,38.28,201.33,209.37,347.8,45.81,26.66,176.79,205.37,131.22,325.63,281.01,63.37,25.93,442.39,663.93,30.15,132.35,32.37,1317.25,89.93,141.8,180.49,79.99,4.13,197.72,310.51,496.27,295.5,54.24,195.12,122.41,47.16,150.12,114.26,181.46,172.9616,60.35,26.09,957.91,57.48,114.94,33.6,480.94,69.48,8.11,41.21,110.43,20.868,109.52,680.88,47.83,322.58,131.99,,82.36,101.55,17.67,283.9,281.99,213.01,262.84,64.03,383.89,14.01,85.12,7.82,29.02,307.32,533.54,42.02,181.46,253.63,197.5,126.92,69.08,15.81,972.33,103.4,100.47,195.38,7.72,102.25,81.47,77.65,38.17,179.34,77.33,18.6,71.48,201.73,59.38,63.44,156.64,28.94,125.08,559.73,157.67,133.12,189.35,455.89,99.51,23.67,173.3,36.65,373.35,,141.57,126.81,48.66,66.95,143.4,256.48,109.45,55.64,93.59,9.95,291.48,128.15,44.11,114.66,138.73,5.19,959.16,66.67,356.8,99.9,78.7,3.59,82.5,38.2,81.2,43.85,125.78,46.44,130.26,60.19,11.52,43.76,52.09,237.76,358.85,48.54,23.91,49.79,1356.75,506.27,222.54,92.22,57.82,42.27,192.82,65.26,81.4,19.62,35.16,345.78,41.38,80.12,104.77,286.79,69.65,851.07,43.08,137.21,100.99,413.38,124.58,72.81,298.79,301,68.5,813.53,1041.95,63.43,493.88,320.75,275.16,22.02,2.02,17.24,292.58,221.5,70.89,475.74,169.9,47.46,61.29,231.21,78.92,163.64,127.0604,51.97,161.65,241.77,158.43,112.57,577.26,94.88,121.41,27.75,120.57,82.99,83.98,42.38,54.44,120.41,124.33,43.87,455.56,31.2,42.66,41.29,99.61,477.97,222.56,88.27,141.68,257.68,242.22,368.52,95.51,62.42,116.24,81.76,60.62,146.07,69.26,163.34,93.45,73.08,184.48,39.03,129.7,27.27,24.09,235.37,9.23,286.56,57.85,26.59,26.54,54.34,90,149.867,98.2,32.84,74.75,73.2,63.04,251.68,84.62,17.4,3.71,10.06,165.87,186.76,352.85,16.7,488.15,66.98,706.35,906.7,627.43,68.71,224.63,107.85,228.36,17.83,13.47,148.85,496.32,58.37,319.76,8.46,308.85,55.21,62.97,885.84,435.12,261.16,56.21,86.16,601.47,1635.76,593.66,74.126,560.69,141.2,36.845,64.47,291.44,50.6,232.53,1068.85,114.18,51.38,176.48,87.91,161.47,381.87,135.66,31.06,241.52,422.9,117.62,89.5,95.8,215.42,91.82,45.02,5.43,52.37,706.95,7.98,110.38,145.8,281.09,101.11,39.48,195.28,13.94,158.58,172.7,116.3,8.75,191.37,114.39,60.95,183.92,89.21,53.97,78.41,75.06,59.26,10.06,200.17,149.68,87.3,20.05,60.71,62.63,46.66,162.95,12.06,49.02,124.82,111.26,17.32,96.19,79.44,57.01,150.04,26.97,144.28,206,894.41,18.68,202.73,33.83,128.01,150.68,163.11,201.71,97.27,5.93,97.22,36.55,265.78,175.47,98.87,555.39,44.01,15.73,129.9,582.06,98.9,6.59,108.27,191.89,6.96,56.96,263.65,139.85,9.2,732.87,79.1,82.75,215.21,14.88,90.32,13.38,14.91,67.23,91.7,225.99,211.19,290.56,190.48,37.288,53.01,70.87,106.48,30.04,36.08,57.54,33,29.35,45.75,78.95,198.16,12.22,95.78,14.17,3.59,174.15,92.55,149.4051,30.39,94.66,51.73,8.86,18.94,23.85,116.78,303.53,82.31,2.31,79.19,26.31,123.76,111.44,46.63,61.52,30.04,20.53,384.74,11.44,4.48,709.71,168.02,420.32,152.77,93.39,16.9,332.51,,184.52,424.43,12.22,72.34,474.54,648.57,71.16,91.72,163.95,30.86,411.23,36.21,54.44,66.19,335.67,50.12,81.33,28.31,55.15,1177.39,45.36,195.84,290.83,113.26,30.07,154.98,302.97,85.83,474.39,208.47,27.46,237.41,40.86,296.6,163.63,367.96,329.24,410.36,200.63,124.11,42.07,18.39,187.19,89.95,73.89,57.67,765.27,109.04,275.59,234.92,95.86,46.44,710.47,16.24,51.25,89.4,121.43,27.68,16.75,301.62,211.37,354.51,221.54,167.77,119.52,88.1413,269.03,26.83,311.14,239.86,258.4,88.75,182.65,192.75,255.88,454,46.39,16.65,146.02,136.32,320.34,82.5,194.52,73.3833,74.71,35.97,49.98,27.42,293.1,112.18,195.94,77.6,231.24,72.41,119.02,114.62,15.1,120.31,76.77,96.27,46.98,112.23,59.31,49.08,161.67,135.29,81.29,40.59,44.65,145.33,107.74,159.67,177.12,17.55,52.72,181.85,78.65,322.61,59.37,16.95,151.47
2026-03-23,95.76,251.49,204.93,132.59,104.85,5.89,44.83,200.02,247.64,312.19,67.99,209.71,106.9,184.04,127.92,46.16,99.03,34.343,123.87,167.56,306.66,361.79,39.36,202.68,212.81,349.77,46.12,27.72,176.5,210.14,135.88,325.97,278.66,65.335,27.26,458.95,681.85,30.64,136.89,32.16,1369.62,88.42,146.38,181.03,85.6,4.38,206.27,322.51,507.28,301.91,64.44,198.41,126.06,47.52,141.33,114.53,183.64,175.8716,62.53,27.74,974.58,57,116.36,34.24,479.98,69.54,8.63,42.1,109.35,21.6,111.64,701.7,48.71,326.37,135.75,,81.33,105.57,17.89,292.52,289.76,216.61,261.49,65,407.9,14.89,85.15,8.03,29.01,306.56,548.25,41.76,184,255.05,200.62,127.19,73.55,16.58,965.73,105.1,104.42,195.18,8.26,103.3275,81.96,78.82,38.94,181.21,77.76,19.23,71.29,205.21,59.82,65.13,159.98,27.75,129.23,569.03,164.59,138.82,190,461.97,97.95,23.96,176.47,36.04,366.8,,142.29,127.34,48.49,65.94,146.96,261.13,109.11,57.31,95.84,10.23,289.24,129.83,40.76,115.01,139.68,5.34,966.96,67.65,359.74,101.34,79.41,3.52,82.02,39.32,83.55,44.56,133.81,47.17,131.83,61.9,11.76,44.45,54.94,242.28,355.78,48.77,24.5,49.77,1408.25,546.47,226.85,97.2,57.28,42.64,189.92,68,82.77,19.86,35.38,347.37,42.3,83.38,110.03,291.54,71.65,882.64,43.96,137.34,106.84,404.04,130.97,75.72,299.02,302.06,71.06,831.27,1054.47,62.86,494.58,330.9,279.64,22.46,2.1,17.81,300.67,223.01,72.49,489.07,170.14,52.94,62.72,236.04,79.44,165.66,128.11,52.66,162.69,248.44,157.17,113.42,578.51,95.18,121.22,28.7,122.44,84.44,84.17,42.22,54.5,122.89,123.79,44.01,457.02,33.11,43.69,42.16,101.94,478.04,223.35,91.37,143.39,262.75,247.45,373.13,97.35,63.12,117.27,82.51,60.7,148.21,69.43,165.62,94.11,74.14,186.91,39.9,133.27,27.54,24.93,235.42,9.28,289.91,58.47,26.55,27.81,54.75,90.84,151.143,99.45,33.71,75.11,72.7,63.81,250.08,83.69,17.6,3.94,10.31,162.54,193.61,345.48,17.13,478.05,69.89,728.95,910.55,616.25,69.17,234.25,108.56,233.31,20.31,13.34,151.83,500.38,59.28,326.52,8.91,308.47,55.59,64.34,877.01,441.07,273.25,56.86,87.17,612.67,1666.08,604.06,75.236,577.59,146.56,36.98,64.39,296.65,53.28,232.53,1076.35,115.68,51.28,173.87,90.16,164.32,383,138.2,31.2,244.52,404.35,114.15,90.23,98.14,220.65,93.38,45.47,5.82,52.71,680,8.06,110.95,151.77,284.95,101.3,40.39,200.09,14.68,160.62,175.64,121,9.18,193.39,116.91,60.85,187.7,89.92,56.26,81.1,75.64,59.89,10.9,209.79,154.34,88.7,21.18,60.31,64.46,49.14,164.05,12.13,50.2,126.59,114.32,17.39,96.25,79.82,58.54,150.88,26.77,143.99,205.1,906.06,18.92,209.06,33.82,130.31,160.84,163.24,203.93,97.57,6.06,102.08,36.9,271.32,176.76,98.54,567.45,45.49,16.31,128.35,588,99.9,7.05,110.65,193.95,7.34,56.84,278.96,140.96,9.38,736.53,83.63,83.14,222.84,15.88,91.88,14.37,15.77,68,93.35,227.97,213.09,291.76,191.69,37.35,54.09,71.22,106.91,30.09,36.76,58.04,32.968,29.29,46.33,79.08,194.82,12.35,96.63,14.38,4.96,171.98,93.83,156.1362,30.54,95.3,46.73,9.43,19.17,23.96,121.1,313.95,82.43,2.51,82.73,27.48,123.73,113.86,49.25,62.47,29.05,21.58,391.36,11.7,4.51,702.49,174.2,432.48,156.37,93.75,17.15,336.59,,181.49,428.87,12.82,72.47,492.39,655.38,75.39,93.46,166.64,31.66,404.02,38.7,54.49,66.55,332.59,52.6,81.6,28.76,54.99,1152.97,48.22,200.79,303.92,114.93,30.45,156.5,311.02,86.385,478.12,208.76,27.56,239.92,41.82,295.52,172.13,380.85,338.45,424.94,200.84,127.09,44.5,19.14,188.63,93.96,75.12,61.12,809.36,111.11,269.54,238.37,97.67,48.15,732.05,17.39,51.52,89.33,110.56,27.56,17.79,304.44,215.25,363.24,222.44,169.43,120.78,89.5525,269.45,27.05,315.46,237.39,263.75,89.44,184.37,194.78,256,451.235,49.16,17.46,151.29,138.6,324.19,81.85,195.89,74.3833,76.58,34.33,50.58,27.4,294.79,112.05,195,78.28,227.53,73.6,120.72,119.88,16.19,121.7,76.95,99.4,47.55,112.71,59.63,49.27,163.05,136.95,81.18,40.62,44.78,144.77,110.12,161.13,174.87,18.87,52.7,185.6,79.86,329.34,61.17,17.66,151.8
2026-03-24,113.9,251.64,205.2,130,104.06,5.51,45.92,193.54,238.87,321.83,71.44,204.89,107.69,183.49,128.8,44.79,98.76,33.6,121.76,177.06,308.05,373.99,39.13,205.37,216.98,348.43,50.26,28.32,170.36,207.24,130.8,327.03,286.25,63.98,26.79,435.91,677.5,30.24,134.96,32.03,1399.42,86.98,149.59,181.57,85.81,4.22,196.18,318.29,456.6,302,68.44,196.42,125.48,48.14,145.88,112.53,183.94,171.626,63.49,25.43,976.06,57.39,117.9,33.82,479.33,68.15,8.23,43.31,107.98,20.604,113.74,716.63,48.97,325.61,132.92,,78.59,108.04,18.31,284.32,294.85,217.6,265.87,63.08,429.38,14.88,84.53,8.31,29.22,302.68,554.75,41.88,184.64,272.33,181.04,129.35,73,16.85,973.82,100.3,106.52,183.02,7.99,98.2475,83.02,80.86,38.87,178.13,80.58,19.18,72.8,206.79,60.27,66.65,154.73,28.24,122.57,583.02,176.91,138.33,190.1,461.17,96.39,23.31,174.71,38.31,360.09,,143.32,127.38,50.27,66.6,151.59,264.49,109.88,56.52,95.27,9.89,290.33,130.15,40.97,121.67,142.53,5.09,964.53,67.47,374.1,102.52,79.93,2.88,81.69,38.95,83.28,44.4,128.75,47.29,129.79,61.525,11.84,44.89,56.48,236.61,359.96,49.16,23.51,49.14,1461.52,600.91,230.71,105.53,58.76,42.78,192.85,70.16,79.34,20.01,35.34,346.23,43.48,83.5,109.79,290.63,70.96,909.41,46.08,138.11,105.23,404.13,142.01,76.57,289.2,290.44,70.97,835.72,1065.4,62.04,485.72,330.91,280.69,21.34,2.05,17.93,299.91,221.57,69.08,505.62,172.23,53.25,63.41,239.51,79.17,163.75,128.087,53.2,161.64,240.59,155.82,114.11,570.21,94.86,124.41,29.26,121.13,80.82,84.14,42.29,54.1,123.77,125.98,44.06,432.45,32.7,42.95,41.12,100.71,471.91,222.64,91.2,142.97,265.04,248.78,372.27,96.75,64.42,117.32,82.55,60.62,148.93,69.47,168.67,93.49,74.06,184.88,40.435,136.43,27.47,24.83,235.27,8.99,292.4,58.9,26.21,27.92,54.72,90.91,156.619,98.92,33.93,74.67,71.88,64.34,247.09,77.49,17.55,4.01,10.36,158.99,195.84,351.42,17.75,479.84,70.74,801.99,903.02,610.17,69.66,234.43,108.34,238.84,17.92,13.16,152.7,498.93,58.51,324.29,8.25,307.84,55.64,65.63,881.94,428.46,253.76,57.18,86.58,617.79,1612.02,592.92,74.268,576.18,146.67,36.5,64.32,302.26,53.29,243.91,1101.59,116.37,51.34,173.1,92.36,165.87,372.74,136.25,30.39,245.54,395.53,114.91,91.62,99.02,213.15,90.92,45.68,5.73,53.49,682.16,8.25,104.65,151.13,283.64,104.31,39.31,194.52,14.19,162.74,175.2,125.61,9.28,196.4,124.86,60.46,185.03,90.94,54.96,76.76,75.39,62.34,10.68,219.46,147.09,87.99,20.57,61.25,65.15,49.87,157.21,11.07,50.97,118.96,115.8,17.34,98.09,80.19,58.51,150.59,26.96,143.16,206.21,924.58,18.39,213.5,31.83,130.35,154.78,163.87,206.35,97.92,5.74,103.42,37.06,267.94,184.12,100.39,578.44,44.21,15.93,128.67,583.98,98.81,6.81,110.67,193.3,7.45,55,273.39,136.12,9.05,741.69,84.62,82.97,227.38,15.6,90.07,14.33,16.1,66.07,92.69,228.19,215.8,300.22,191.92,37.21,53.87,71.06,109.36,30.15,37.62,58.25,32.6685,29.14,46.3,79.51,194,12.75,95.52,13.04,5.38,166.76,91.98,156.42,30.64,95.68,47.67,9.22,19.24,23.98,116.15,313.7,82.31,2.39,83.45,27.91,118.64,110.63,50.51,62.95,30.35,22.23,394.59,11.43,4.36,702.48,161.34,415.62,163.62,93.98,16.7,341.02,,178.27,411.2,12.82,72.45,484.85,653.18,76.94,95,169.7,31.95,424.96,39.86,55.36,67.27,328.51,53.01,82.34,28.87,55.43,1162.78,48.56,206.37,320.14,115.92,30.22,158.38,315.77,86.01,490.29,211.26,26.61,246.1,42.065,293.01,180.82,383.03,343.25,430.08,191.37,122.79,47.49,19.81,194.63,93.56,72.34,65.27,834.48,111.65,272.28,239.67,98.44,48.19,746.84,16.6,52.14,91.13,114.54,27.65,18.06,303.76,218.17,360.93,221.31,172.12,120.45,88.9875,268.25,27.3,316.61,241.75,266.7,87.91,180.89,194.89,270.89,448.62,48.1,18.26,152.72,137.9,323.18,82.18,196.96,73.5233,75.95,35.01,50.91,27.28,301.05,113.08,196.61,79.61,224.94,74.46,122.05,120.59,16.22,119.54,77.96,99.69,48.45,111.13,60.84,49.28,164,136.15,81.11,40.29,45.09,144.79,109.68,165.38,180.24,18.86,52.49,186.33,79.34,334.87,59.89,16.15,139.41
2026-03-25,114.41,252.62,207.18,131.81,104.83,5.56,45.64,192.29,237.25,322.03,71.66,202.11,107.8,192.07,128.3,45.05,99.11,33.8793,120.33,181.39,328.7,369.34,40.55,220.27,215.33,353.93,49.93,28.77,167.27,211.71,135.01,321.45,290.09,64.365,28.37,436.69,697.05,31.08,157.07,32.7,1393.89,96.06,149,181.55,89.55,4.32,199.02,318.81,460.15,300.24,67.35,199.61,129.87,48.75,150.22,115.6,189.18,169.51,62.62,27.03,981.35,58.94,117.99,34.38,476.19,69.78,8.6,44.82,108.38,20.874,114.48,719.04,49.5,323.21,134.75,,76.96,109.02,17.84,281.39,303.32,218.91,270.36,63.37,437.7,15.88,85.49,8.54,28.73,293.93,553.36,42.07,185.23,272.04,181.1,128.93,75.64,17.05,974.86,103.91,106.05,181.96,7.92,96.465,87.58,81.83,39.57,176.85,82.03,19.28,72.18,205.15,60.66,67.99,152.92,28.17,123.29,577.99,184.01,137.69,187.15,464.14,95.95,21.42,176.43,39.62,362.53,,143.45,128.16,50.41,66.84,147.11,268.54,110.03,57.42,96.66,10.19,296.09,130.86,42.53,123.18,143.21,5.1,965.95,67.04,375,102.76,79.98,2.65,82.67,39.47,84.75,45.14,127.74,47.67,129.99,62.28,11.67,45.37,57.09,238.7,357.52,49.52,23.71,47.6,1470.64,612.03,233.67,108.07,58.49,47.13,193.51,70.77,78.89,20.1,36,352.5,45,86.32,113.29,296.56,72.2,923.69,46.74,138.26,109.6,416.29,146.35,76.61,289.59,290.93,70.77,841.84,1075.87,63.24,484.02,332.51,279.09,20.84,2.14,18.36,303.16,225.79,72.54,503.2,174.24,55.62,63.79,241.62,79.42,163.95,127.63,53.32,165.75,241.39,156.83,114.49,575.72,95.36,124.565,29.43,121.68,80.4,86.02,42.32,54.38,125.08,126.2,47.18,426.86,31.96,43.1922,41.43,100.53,469.98,225.86,91.82,143.84,266.45,251.82,374.34,97.52,64.15,117.41,82.74,61.34,149.97,69.83,172.42,93.49,74.72,185.94,40.81,137.48,29.75,25.3,239.93,8.97,295.42,59.19,26.37,29.02,54.6,88.91,154.382,99.36,33.98,75.25,70.36,64.57,254.95,79.98,17.66,4.05,10.68,158.88,193.26,352.02,18.08,492.34,72.02,777.17,916.31,624.2,69.77,236.18,108.73,233.45,20.55,13.26,154.92,502.76,58.95,326.79,8.28,311.7,56.65,65.16,879.75,428.05,246.54,57.43,87.89,623,1639.47,594.89,74.744,589.42,148.05,36.605,63.78,305.95,53.74,241.25,1118.66,119.37,53.54,174.2,98.45,165.65,371.04,139.13,30.34,247.18,382.09,115.09,91.16,101.52,218,92.28,45.68,5.78,52.98,691.21,8.41,103.06,151.04,282.61,105.5,38.99,197.37,14.32,165.17,178.68,127.01,9.48,197.61,130.42,60.06,189.05,92.12,55.27,78.12,75.74,63.1,10.31,221.04,146.02,91.16,20.22,61.85,65.47,51.46,153.22,10.93,51.335,119.82,116.34,17.44,102.61,81.07,58.61,151.73,27.28,143.92,202.84,921.56,18.68,213.36,35.37,130.36,154.96,165.5,205.95,97.7,6.1,106.69,37.16,267.63,181.29,104.31,573.5,44.85,16.19,130.35,587.82,99.5,6.88,111.62,194.12,7.32,56.65,279.01,139.63,9.16,749.47,89.15,82.94,232.99,15.14,91.83,15.16,15.62,72.88,95.93,226.31,216.03,298.99,192.85,37.3511,54.1044,70.92,109.59,30.3941,38.41,58.55,32.7649,29.27,46.58,79.7,195,13.04,94.29,13.36,6.22,165.15,92.7,161.9086,30.54,94.99,51.28,9.32,19.34,24.37,118.42,321.95,82.4,2.84,85.38,28.57,110.93,111.47,51.89,65.21,31.5,24.05,399.02,11.69,4.49,677.86,160.61,410.13,163.77,94.61,16.56,345.25,,181.57,408.48,13.73,72.54,473.21,656.82,79.16,95.32,173.47,33.42,413.22,40.67,56.19,67.63,327.65,53.36,82.8,28.81,56.99,1156.49,50.36,210.02,323.36,116.37,31.82,159.74,328.29,86.84,490.77,211.36,26.81,245.46,42.08,290.59,188.74,385.95,347.75,434,193.05,125.43,48.64,20.91,196.77,92.95,73.08,65.04,839.05,112.72,270.55,241.33,98.37,48.95,747.59,16.64,51.89,92.48,113.39,27.7,18.75,304.91,222.54,364.55,222.65,171.44,120.7,89.5575,271.52,27.07,319.37,234.54,269.53,87.84,181.77,195.48,276.16,454.97,49.96,18.29,151.51,139.17,325.15,82.7,197.63,74.0417,77.08,34.25,50.37,27.22,296.14,112.72,196.73,80.26,224.85,73.81,123.06,122.64,16.86,123.92,77.7,100.56,49.41,111.44,60.57,49.34,165.1,136.76,81.51,40.27,45.25,146.24,110.73,163.26,181.62,18.86,53.78,192.86,80.06,340.22,60.01,16.36,139.44
2026-03-26,97.42,252.89,211.12,131.06,104.57,5.37,41.185,196.42,240.88,313.42,72.33,204.51,108.57,187.56,128.85,43.85,98.55,32.63,113.605,174.5,328.16,338.55,39.87,203.77,211.47,353.16,45.14,27.25,168.92,207.54,122.55,323.77,293.17,61.565,25.715,391.21,692.83,29.87,154.8,31.91,1329.5,87.86,143.94,183.18,85.73,4.22,195.91,309.415,450.46,299.39,58.51,194.36,125.41,48.24,133.52,109.91,191.06,168.5504,62.36,28.14,968.46,59.43,116.65,33.29,475.27,70.17,8.71,42.83,109.63,19.5,112.41,703.19,49.6,324.31,134.81,,77.97,104.67,16.17,280.62,295.19,218.51,272.08,63.14,387.99,14.35,84.14,8.49,28.72,297.58,530,42.33,182.12,243.29,173.38,133.25,70.89,15.79,979.65,96.44,103.2,185.64,7.43,98.155,80.45,82.16,39.55,168.85,82.73,19.34,71.18,207.79,60.9,66.86,151.96,28.44,124.3,581.19,175.82,135.96,188.05,459.31,94.75,21.27,174.75,39.47,358.54,,144.39,129.38,51.35,66.09,137.57,264.25,111.52,55.47,94.66,9.7,294.25,126.31,40.18,115.75,147.49,4.82,963.39,67.96,357.1,102.86,80.4,2.39,82.1,38.67,82.71,44.22,119.99,48.4,130.49,60.99,11.6,45.11,55.83,233.81,349.55,50.03,23.17,47.41,1358.66,549.7,227.88,100.35,58.64,46.91,185.83,70.33,81.03,20.16,34.93,355.28,41.99,82.39,105.92,285.24,71.54,873.12,44.57,136.88,107.75,400.64,135.32,75.6,280.74,280.92,69.97,822.64,1065.48,63.29,480.32,328.43,272.64,20.86,1.93,17.19,301.7,225.17,70.35,481.67,175.14,50.58,63.44,230.51,78.92,162.5,128.09,53.08,165.26,241.67,155.96,114.81,573.29,94.59,127.42,29.55,117.77,79.75,85.27,42.09,54.29,123.67,124.4,44.1,432.55,29.84,42.63,37.45,100.21,468.55,220.12,90.33,141.36,261.37,247.44,367.98,96.26,65.12,116.71,82.21,61.14,147.12,69.31,170.78,93.34,73.7,180.01,39.86,131.57,29.18,25.01,239.24,8.47,291.66,59.09,26.27,27.89,54.83,89.99,145.113,98.85,34.07,74.69,71.79,64.47,251.4,75.86,17.57,3.88,9.91,157.58,193.31,349.34,17.58,495.49,70.36,688.8,897,627.33,70.26,236.03,107.88,211.62,19.23,12.995,150.05,500.75,57.03,325.74,8.58,308.93,55.04,64.2,863.56,432.28,241.28,57.58,87.67,613.77,1630.99,547.54,72.816,580.11,143.99,35.99,64.62,289.33,51.7,248.31,1058.28,118.93,53.57,174.14,97.68,163.23,365.97,132.93,30.81,238.21,355.46,105.97,91.16,99.36,210.13,93.32,45.44,5.56,52.07,691.99,8.28,103.64,146.14,283.28,104.45,39.45,196.15,14.02,166.01,171.24,118.44,9.02,196.92,119.85,60.27,187.93,93.57,51.81,79.38,75.31,60.87,9.44,204.75,142.81,92.27,19.31,64.36,62.04,49.65,156.36,11.04,50.15,123.03,115.33,17.37,100.62,80.5,57.87,150.83,27.57,142.42,202.9,901.46,17.96,212.6,32.4,129.74,147.56,162.49,205.46,98.56,5.49,105.31,37.54,268.01,184.01,102.17,545.64,45.2,14.65,130.54,573.79,98.29,6.5,107.78,190.15,7.12,53.85,274,127.26,8.87,756.73,84.6,82.93,230.69,14.41,93.07,14.005,15.21,65.94,91.44,222.5,214.3,299.6,191.08,36.8131,53.42,70.76,111.25,30.33,38.0777,57.34,32.768,29.225,45.24,79.97,192.85,12.4,93.21,13.4,6.42,166.17,91.22,156.3026,30.62,94.47,50.27,9.08,19.4,23.61,115.43,319.55,82.22,2.7,81.16,26.69,111.23,109.92,52.31,60.77,32.68,22.21,380.84,10.99,4.01,603.17,162.33,401.95,159.64,95.42,15.87,328.85,,181.8,412.45,13.49,72.63,478.18,645.09,77.37,95.54,174.42,32.91,378.79,40.44,56.66,66.8,332.68,50.8,82.64,28.92,55.23,1151.94,48.57,203.2,297.34,117,31.98,157.57,323.13,86.11,488.85,211.59,26.39,250.5,42.3,291.13,174.68,372.11,326.11,407.13,194.72,126.1,46.75,20.43,193.41,92.69,70.55,59.51,778.09,111.6,268.05,239.19,97.5,46.7,742.22,16,51.59,92.1,117.26,27.81,17.66,305.53,220.4,358.36,221.7,174.14,119.99,87.005,270.42,27.16,311.17,248.14,266.54,87.72,176.3,195.92,252.4,453.74,47.83,17.47,152.3,136.44,319.55,82.66,196.27,72.12,75.2,36.62,50.74,27.07,273.35,114.02,195.53,79.02,226.51,74.06,122.18,118.95,15.35,123.9,77.93,98.06,49.09,108.81,61.52,49.05,161.27,132.5,81.14,40.29,45.33,145.74,108.83,165.43,185.32,17.61,53.39,191.39,79.96,328.33,59.37,16.08,141.5
2026-03-27,98.21,248.8,209.4,122.87,103.99,5.09,40.07,192.6,234.84,307.44,72.23,201.25,108.72,193.4,130.1,42.53,98.54,31.83,112.47,179.45,317.36,337.17,38.62,201.99,209.24,348.77,44.45,26.75,169.52,199.34,120.77,313.66,292.19,61.81,23.76,381.2,691.4,28.93,144.13,32,1302.47,78.67,140.43,183.19,89.17,4.12,184.43,300.68,429.94,292.27,60.63,190.52,122.69,46.97,133.24,108.12,183.84,162.4856,63.22,23.29,933.85,58.54,114.66,32.46,468.49,69.17,8.37,42.33,108.07,19.113,107.38,695.4,48.85,319.09,131.77,,78.59,103.92,17.13,271.77,301.49,219.14,261.96,60.76,401.61,13.745,84.29,8.11,28.33,293.78,523.24,42.38,176.1,243.48,161.14,133.8,71.61,15.07,983.86,95.24,101.74,179.31,7.04,92.395,74.81,79.92,39.67,165.71,81.99,18.99,70.08,211.15,60.88,64.83,146.6,29.1,114.48,566.64,171.81,134.19,181.52,451.39,92.42,20.72,175.42,40.82,348.14,,144.47,129.99,52.07,62.25,133.67,261.37,111.68,55.2,93.8,9.39,286.39,125.4,37.84,113.59,149.56,4.86,963,67.59,357.36,109.88,80.85,2.06,79.34,38.08,81.43,44.12,120.98,48.32,128.96,60.25,11.37,44.95,56.24,226.78,343.97,50.03,22.26,46.89,1366.77,551.97,233.95,97.93,59.11,43.335,190.29,71.19,78.2,19.68,34.85,346.76,40.4,85.79,110.58,282.81,69.23,853.16,42.94,134.25,103.18,414.7,136.81,72.98,273.76,274.34,65.9,802.89,1057.07,61.63,471.85,321.65,273.39,19.38,1.82,17.93,294.04,223.12,66.02,480.97,169.09,47.405,62.26,227.9,78.72,158.28,125.53,52.13,160.41,236.34,152.67,115.34,558.32,94.6,128.99,29.81,115.25,76.89,83.785,41.03,53.18,121.75,117.67,43.13,416.44,27.51,41.41,35.09,98.3,452.66,216.04,88.905,138.94,259.04,243.1,361.62,94.23,66.2,113.98,80.12,60.06,144.65,69.7,170.92,92.61,72.49,176.09,39.47,131.29,28.7,24.13,240.45,8.1,282.84,57.88,26.23,28.74,53.55,88.5,144.321,98.66,34.03,75.71,73.22,63.37,245.39,71.94,17.52,3.9,9.4,155.53,182.9,343,17.46,491.12,71.91,702.73,878.24,615.84,70.52,230.31,107.62,211.41,17.52,12.86,145.71,484.24,55.45,317.54,8.02,305.9,54.82,62,860.16,424.84,235.51,58.27,87.14,603.8,1599.52,525.72,71.066,570.94,143.04,35.915,66.48,288.39,51.8,251.91,1053.01,119.63,49.56,169.17,94.88,158.39,356.77,126.03,29.74,235.76,357.22,100.82,91.4,102.1,203.02,93.43,45.97,5.31,51.37,679,7.98,99.41,147.74,283.25,102.34,37.61,182.65,13.6,163.37,167.52,116.98,8.28,191.66,120.03,60.69,188.34,93.96,50.23,73.23,73.82,58.35,8.8,204.23,139.66,90.11,17.66,65.32,58.98,51.7,147.02,10.69,49.78,117.06,112.75,17.17,99.81,80.71,56.34,153.04,27.04,142.71,198.84,888.44,17.76,212.25,30.86,128.9,143.06,163.54,202.39,99.69,5.19,103.82,37.65,266.01,188.28,98.97,549.98,43.59,13.9,127.11,562.58,96.3,6.26,105.07,187.3,6.66,52.31,261.8,121.84,8.16,737.71,86.1,82.25,237.54,13.32,90.51,12.8,14.77,60.93,89.73,220.47,211.69,299.59,188.46,36.528,52.06,69.04,112.74,29.59,38.01,56.55,32.41,29.575,44.33,80.36,189.71,12.6,92.51,12.58,5.93,167.06,86.81,158.5626,30.44,92.36,51.76,8.32,18.96,22.98,111.85,315.37,82.39,2.27,84.18,27.85,110.06,106,53.5,63.44,32.72,21.97,374.25,10.3,3.93,615.83,152.8,380.47,157.12,95.55,15.23,323.48,,180.19,406.24,12.36,72.17,472.48,634.09,82.7,95.88,170.97,32.54,380.07,39.41,53.65,65.36,327.44,50.42,81.8,29.1,54.52,1140.03,48.54,202.14,295.61,119.84,31.75,155.12,324.54,85.64,473.36,210.82,25.64,250.23,41.81,285.27,171.92,361.83,326.74,410.23,189.69,119.99,44.53,19.48,190.33,88.44,69.18,58.87,779.92,108.96,259.02,238.79,94.8,46.63,734.3,15.42,50.85,90.86,124.2,27.84,17.61,295.52,219.76,348.05,223.18,176.95,117,85.125,265.36,26.61,307.21,254.32,261.46,87,172.79,196.88,251.07,433.07,46.58,17.02,155.48,134.62,313.09,81.91,193.35,70.395,74.69,39.41,50.31,27.07,275.34,114.36,195.77,77.19,225.06,73.58,122.89,124.7,14.89,119.59,78.09,96.5,48.91,107.04,62.56,47.81,159.2,129.92,81.78,40.01,45.59,143.26,105.68,170.99,188.18,16.93,51.87,189.05,78.58,319.15,55.98,14.55,133.16
2026-03-30,85.19,246.63,213.12,123.1,101.88,4.94,37.93,197.55,241.13,303.1,71.75,205.47,109.68,191.86,131.12,43.03,99.04,31.23,100.27,177.22,316.09,323.12,38.11,196.04,208.37,349,41.25,24.77,170.36,200.95,116.13,324.06,291.56,59.575,20.545,372.08,704.31,27.99,136.96,32.21,1253.96,73.82,135.5,185.02,90.56,3.88,176.97,293.41,415.07,297.49,52.73,189.21,121.98,47.23,119.51,106.6,187.57,164.7004,60.68,21.91,934.06,59.73,115.18,31.99,474.66,62.93,7.88,41.54,111.6,18.288,107.27,667.43,48.89,325.35,133.14,,79.68,102.84,16.5,270.88,298.61,220.94,258.08,60.79,365,12.015,85.73,8.11,28.9,297.58,511.7,42.99,178.13,219.65,160.79,132.89,70.75,13.91,996.58,87.81,101.91,185.03,6.67,95.015,69.15,77.04,39.77,168.66,82.95,19.09,70.14,210.71,61.84,63.19,148.01,29.26,115.81,555.5,164.66,132.53,183.89,452.06,94.32,20.93,175.18,41.87,352.94,,146.06,131.71,51.52,61.9,136.69,262.49,113.39,54.75,94.07,9.13,284.79,123.3,35.64,108.64,149.89,4.395,964.05,68.41,343.53,111.06,81.59,2.02,79.5,38.37,81.52,44.44,116.43,49.11,128.28,60.35,11.21,45.12,54.65,226.1,341.76,50.42,22.25,47.45,1273.18,491.88,233.6,91.41,59.13,42.76,184.7,67.59,79.05,19.66,35,340.79,39.27,85.79,110.61,273.25,68.77,817.35,41.38,136.34,105.01,414.58,128.55,72.76,273.14,273.5,66.3,807.6,1057.22,62.13,467.83,323.5,265.02,18.78,1.75,17.22,295.87,223.48,65.16,472.07,166,42.72,62.38,222.99,78.81,159.66,127.49,52.19,161.86,237.25,156.94,116.21,557.09,95.27,126.89,28.77,113.31,77.62,84.2,40.98,52.6,120.87,120.81,41.19,429.03,26.59,41.75,31.62,97.6,452.775,210.79,88.08,138.31,256.19,239.61,359.93,94.35,65.5,115.05,80.82,60.35,143.33,69.96,171.3,93.06,72.18,173.53,38.59,126.58,28.94,23.64,242.49,7.94,283.77,58.09,26.45,28.6,54.41,90.36,138.258,96.35,33.65,76.27,73.72,63.61,246.94,65.28,17.24,3.79,9.15,154.19,168.52,339.93,17.55,499.26,72.51,654.79,886.63,598.57,71.49,232.58,108.31,199.93,16.35,12.65,148.69,494,55.39,319.31,7.795,308.53,54.95,60.06,860.19,432.05,235.21,58.25,85.74,599.03,1619.2,536.38,70.698,573.57,142.52,35.66,67.02,283.82,45.59,245.16,1002.34,118.1,48.23,174.72,87.81,158.37,358.96,121.44,30.15,230.77,321.8,92.26,92.05,103.12,194.63,92.97,46.5,5.51,51.24,671.59,7.96,104.97,141.23,282.33,101.18,37.93,186.84,13.51,164.75,165.17,112.75,7.83,187.39,112.51,61.15,189.75,92.96,45.58,75.47,75.32,55.66,8.15,189.27,138.8,92.11,16.63,66.24,56.99,51.16,154.35,10.87,49.19,120.97,112.47,17.48,98.42,81.39,55.93,156.82,27.77,144.72,201.39,861.48,18.01,209.04,27.89,128.78,137.55,164.83,201.66,100.55,5.08,103.82,38.02,265.13,184.81,99.87,533.78,44.67,12.98,127.07,558.28,96.06,5.96,102.16,186.49,6.31,51.91,261.37,124.13,7.71,749.29,85.48,82.37,238.76,12.9,91.17,11.83,14.49,57.38,79.73,220.03,208.79,300.49,188.07,36.8696,52.0111,69.92,110.77,29.6447,37.98,55.91,32.73,29.475,43.51,80.96,187.15,12.14,92.71,12.61,4.97,169.83,86.72,155.833,30.48,93.06,47.37,7.73,18.96,21.73,111.77,315.9,82.5,2.15,83.55,27.31,105.45,105.19,51.53,63.52,32.13,21.06,362.53,10.25,4.02,572.5,153.67,383.14,160.13,96.93,15.15,309.79,,182.35,417.59,11.76,72.78,475,631.97,80.92,96.58,171.78,31.32,362.43,38.25,52.5,66.01,326.1,47.41,69.3,28.78,52.89,1132.88,48.32,198.64,276.35,118.78,31.51,155.79,313.03,86.78,480.05,213.94,26.06,248.09,42.08,291.82,158.58,355.28,316.5,403.93,193.08,120.98,43.26,19.81,186.42,85.21,69.91,55.89,736.95,109.98,261.79,239.23,94.95,45.29,713.86,14.23,50.88,90.96,129.83,27.98,16.46,299.54,220.18,347.69,224.07,175,118.24,83.5875,266.36,27.11,301.89,250.27,266.94,87.33,173.76,198.11,234.22,443.16,43.72,16.56,147.54,134.19,311.68,81.62,193.03,70.0017,74.63,39.16,50.3,27.09,251.67,115.33,195.3,76.8,229.96,72.47,123.5,123.7,13.7,118.78,79.165,95.56,49.09,107.96,61.96,48.36,156.61,127.5,81.88,40.21,45.92,143.82,105.66,171.47,185.48,16.72,51.36,186.4,78.37,306.05,57.03,14.81,137.26
2026-03-31,84.59,253.79,217.49,126.28,102.67,5.17,39.35,198.29,243.08,318.14,72.69,203.18,109.92,202.98,131.08,45.82,99.27,32.77,109.6,179.53,330.87,341.79,39.75,203.43,214.36,351.85,45.03,25.5,172.58,208.27,122.78,322.78,290.49,63.175,23.74,398,730.25,29.35,151.28,32.64,1320.83,82.87,145.46,184.72,97.36,4.12,183.05,309.51,424.69,302.48,56.98,199.03,125.46,48.75,135.49,111.42,183.33,168.4128,61.05,25.16,961.71,60.65,118.63,33.22,479.2,62.75,8.65,42.61,114.99,21.048,113.41,708.46,49.86,325.93,135.46,,81.31,108.61,18.77,277.87,279.25,215.88,266.75,62.68,388.23,12.87,85.23,8.45,28.71,295.35,538.02,43.16,182.43,238.21,174.61,132,76.35,14.96,996.43,93.87,105.12,186.67,7.94,97.6025,77.47,77.59,41.05,169.14,83.71,19.39,71.82,206.9,61.82,66.48,150.15,28.95,118.05,563.3,164.13,137.22,189.6,463.19,96.38,21.62,180.21,41.65,358.79,,146.22,130.94,50.32,62.8,142.77,266.02,113.18,56.79,97.13,9.71,292.75,131.02,37.81,117.24,144.57,4.96,980.24,69.28,357.67,112.36,81.92,2.21,80.08,39.67,84.44,45.56,123.01,49.02,131.13,62.64,11.54,46.4,58.78,234.03,356.18,50.66,23.1,46.91,1378.99,521.52,247.05,96.99,58.4,46.93,197.26,69.13,81.72,20.34,35.9,343.22,40.29,91.77,120.04,283.77,71.18,872.9,44.48,139.37,107.66,430.29,135.97,74.5,286.86,287.56,67.3,845.99,1090.81,64.63,473.24,328.89,274.2,20.76,1.9,18.63,304.08,226.03,69.3,490.74,173.39,46.91,63.59,230.46,79.56,164.18,128.29,53.84,168.85,242.39,157.28,116.11,561.89,95.44,124.9,28.95,118.51,80.05,86.68,41.85,53.35,124.31,123.26,44.13,432.38,28.83,42.8,34.28,102.14,460.99,218.75,90.55,142.43,260.29,248,370.68,96.92,64.77,117.66,82.84,61.64,147.54,70.03,175.92,94.56,74.6,181.42,39.32,130.95,29.57,24.63,244.44,8.26,294.16,59.55,26.33,30.52,55,92.5,147.241,96.47,33.53,76.05,72.36,65.15,258.32,70.51,17.24,3.95,9.53,155.52,173.59,345.15,17.83,495.76,74.35,702.76,919.77,604.39,71.76,236.28,108.99,213.66,18.56,13.3,152.51,499.66,57.94,327.07,8.16,310.79,56.18,64.61,865.36,436.25,244.77,57.64,86.65,616.76,1729.02,572.13,73.488,588.68,145.23,36.23,65.99,292.64,48.26,244.18,1093.35,120.29,50.8,173.45,99.05,164.57,370.17,124.8,30.71,239.99,337.84,103.76,92.88,108.25,206.34,96.15,46.66,6.03,52.82,682.24,8.04,104.55,146.14,287,102.39,38.01,199.99,14.37,169.1,174.4,118.28,8.77,196.86,120.55,61.18,195.4,90.39,49.59,78.71,75.31,61.92,9.04,205.07,147.11,92.31,18.37,65,59.04,54.63,160.32,11.1,50.81,121.54,115.5,17.57,102.18,80.95,57.98,155.29,28.08,144.44,198.24,895.24,18.34,212.22,27.95,132.18,146.28,165.34,208.09,100.75,5.94,106.88,38.2,270.88,182.18,105.4,549.02,45.23,14.43,128.78,577.18,98.53,6.38,107.3,191.81,6.85,56.56,275.18,134.65,8.5,772.64,88,83.21,254.49,14.04,92.27,12.36,15.05,64.22,86.03,224.48,216.63,303.92,191.92,37.4021,53.5285,71.39,109.47,30.1936,38.6649,57.58,33.1825,29.5,45.26,81.11,192.9,13.56,97.25,12.88,5.44,172.11,89.59,168.3364,30.68,93.98,51.05,8.44,19.45,22.73,118.62,320.55,82.57,2.32,90.08,29.72,112.29,109.36,51.39,68.14,31.18,22.77,383.4,10.84,4.6,635.34,150.82,396.48,168.71,96.52,15.88,328.66,,186.53,425.34,12.58,73.14,484.91,650.34,80.94,97.17,180,34.55,391.76,39.85,53.55,68.02,328.59,53.2,71.33,28.99,55.71,1158.96,51.75,209.02,296.46,121.2,33.22,159.7,319.23,86.69,491.53,210.03,26.51,250.73,42.14,291.68,175.48,371.75,337.95,416.74,197.5,125.82,47.52,21.23,194.14,92.07,71.93,62.18,790.29,112.79,270.59,242.62,98.38,48.43,728.56,15.135,52.01,92.21,127.25,27.78,18.25,302.24,225.34,359.03,224.59,173.04,120.81,87.215,272.33,27.32,312.22,247.08,272.3,88.7,179.84,198.14,250.58,446.54,45.8,18,150.33,138.32,320.81,81.78,196.2,72.7983,77.11,35.7,50.2,27.46,270.49,115.77,197.71,79.61,229.79,72.78,124.28,131.01,14.43,127.73,79.44,98.72,49.97,110.86,61.26,49.37,161.73,132.9,81.98,40.83,45.89,146.61,108.98,169.66,181.83,17.11,54.09,194.55,80.47,326.12,60.18,15.92,140.29
2026-04-01,86.35,255.63,214.98,125.19,102.38,5.21,40.46,197.06,241.37,320.58,72.37,201.28,110.79,210.08,131.67,45.54,99,33.11,106.33,178.47,328.73,353.8,40.7,210.21,218.63,353.28,46.49,24.67,171.02,210.57,124.85,321.34,289.43,63.85,24.49,387.84,743.12,29.91,155.07,32.76,1359.76,83.99,151.25,185.49,103.52,4.18,183.5,313.49,423.57,301.45,47.14,207.32,123.73,49.27,132.45,111.9,183.78,167.3824,60.34,27.62,957.4,61.73,120.97,33.9,478.5,62,9.34,42.03,114.33,18.612,115.3,730.32,50.69,327.16,134.49,,80.83,111.13,19.11,280.19,279.46,216.27,267.32,63.15,415.39,12.64,85.41,8.27,28.05,296.94,550.09,43.25,184.5,247.8,172.99,128.38,78.15,15.3,996.56,95.92,106.2,186.24,8.31,98.3275,78.44,77.93,41.44,172.04,83.81,19.5,72.49,197.41,62.05,67.6,150.5,28.68,118.67,570.7,169.38,138.25,190.79,465.48,96.56,22.16,180.45,40.69,361.54,,147.12,130.9,48.59,62.37,143.35,269.54,113.91,57.23,98.61,10.11,298.5,132.37,38.28,118.71,140.42,4.99,995.98,69.65,365.56,113.58,82.28,2.26,81.26,40.2,86.48,46.35,126.22,48.88,132.49,63.52,11.68,46.63,61.2,235.91,359.31,50.96,22.895,45.17,1428.52,534.98,255.49,100.91,58.46,48.46,199.42,69.79,81.15,20.58,35.56,350.53,41.66,96.01,125.25,292.68,71.98,894.78,44.24,140.3,112.64,437.82,142.38,75.04,294.9,297.39,65.36,860.21,1107.58,65.4,474.75,329.56,275.48,19.84,1.89,19.18,308.26,228.2,70.11,500.38,176.95,47.36,64.11,239.04,79.37,164.84,127.61,54.47,170.13,243.14,158.08,116.61,564.66,95.04,120.69,28.4,120.3,79.77,87.68,42.15,53.43,124.92,126.63,48.03,425.87,27.79,42.5041,34.09,100.95,464.45,223.64,91.02,143.45,260.54,249.56,373.23,97.28,62.46,118.06,82.92,62.12,149.2,69.57,178.76,94.88,75.27,184.42,39.47,134.72,28.87,25.27,244.12,8.27,295.38,60.1,25.69,32.02,54.7,91.36,151.984,97.57,32.88,76.08,70.54,65.85,258.91,67.7,17.38,3.95,9.56,156.01,183.16,353.91,18.38,493.83,74.44,764.65,954.52,617.64,71.94,235.98,108.66,222.01,20.24,13.29,152.63,491.65,58.68,333.46,8.04,307.29,56,65.38,872.32,438.78,249.36,57.07,86.06,621.79,1718.97,579.23,74.346,598.92,145.25,36.385,65.48,301.65,48.41,238.16,1119.51,120.84,50.03,171.87,106.71,166.17,369.37,122.78,31.14,245.24,367.85,101.95,92.85,113.79,205.43,95.55,46.9,6.2,44.63,697,8.27,104.04,149.9,287,102.04,38.04,203.21,14.44,173.72,175.75,121.26,8.54,195.58,120.38,61.88,199.63,87.36,48.07,79.145,75.21,62.2,8.81,211.72,145.23,92.1,18.62,62.23,61.07,55.58,160.67,11.02,51.69,120.8,117.65,17.75,101.78,81.23,58.68,154.65,28.55,144.09,193.36,920.77,18.29,211.27,30.71,133.33,146.49,157.33,209.24,101.53,5.6,106.47,38.37,276.24,175.64,103.67,560.12,44.63,13.7,127.28,584.31,99.2,6.21,109.29,192.77,6.64,57.63,282.06,136.18,9.08,777.25,88.53,83.72,264.35,13.5,92.43,12.55,14.94,65.52,89.95,222.85,219.95,307.19,192.54,37.44,53.74,71.3782,105.93,30.35,38.99,58.22,33.1503,29.31,45.89,81.56,194.72,14.15,98.64,13.31,5.71,171.56,90.43,174.0989,30.51,92.36,51.87,8.41,19.46,27.62,118.52,325.7,82.32,2.1,93.26,30.81,116.98,110.33,50.03,68.14,29.5,22.51,391.97,10.26,4.9,692.73,153.12,396.74,186.29,96.94,15.63,338.54,,188.09,425.17,13.38,73.33,470.01,655.24,81.82,97.41,182.85,34.52,423.12,40.13,53.22,68.32,329.4,54.82,72.17,28.31,56.27,1173.27,53.18,211.67,312.2,120.45,33.58,162.03,328.08,86.26,494.54,204.25,26.07,244.79,42.48,290.53,187.07,381.26,341.49,428.14,198.2,130.46,49.54,22.05,196.3,95.08,71.71,63.5,822.99,114.65,273.98,243.12,97.91,49.26,731.54,14.8,52.75,90.83,124.09,27.73,17.95,298.51,228.39,361.9,223.73,166.8,120.84,88.3313,274.5,27.46,317.4,241.46,280.13,89.02,181.43,198.97,259.37,447.26,45.23,18.41,153.96,139.69,323.24,82.01,196.67,73.5933,78.01,34.73,49.39,27.49,297.73,116.17,198.86,80.57,231,71.83,124.74,136.8,14.48,128.55,79.71,99.21,50.46,111.24,58.97,49.44,164.43,134.91,81.46,40.95,46.11,147.73,109.8,160.78,174.85,17.51,54.72,198.43,80.6,332.18,59.54,15.73,136.67
2026-04-02,103.91,255.92,208.84,124.95,102.87,5.42,40.54,201.33,242.92,318.34,73.83,204.01,111.68,208.54,132.68,46.31,99.23,33.5,117.14,178.09,318.85,348.47,39.93,217.5,218.29,347.94,46.7,24.59,173.73,209.77,126.68,323.14,293.55,64,24.56,386.37,746.42,30.32,149.11,32.58,1317.23,92.62,146.63,188.97,101.22,4.15,184.36,314.55,412.81,300.18,52.84,208.22,122.05,49.38,135.63,110.96,177.34,167.7724,60.38,30.81,966.56,59.6,122.13,33.4,477.35,62.82,9.345,43.1,113.05,17.832,115.25,717.22,50.6,328.33,136.6,,84.78,112.57,19.09,278.72,272.82,219.79,270.02,64.19,447.76,12.82,85.14,8.4,27.93,305.11,549.68,43.71,181.92,258.16,171.46,130.52,76.86,16.23,1014.96,101.45,104.63,187.18,8.4,99.78,82.24,79.02,41.22,174.34,85.46,19.66,73.49,198.97,62.77,66.76,156.45,29.33,120.36,575.71,174.37,139.69,191.12,465.06,96.61,23.16,181.69,41.4,370.82,27.76,148.04,132.22,49.49,62.22,144.69,264.28,115.43,56.59,98,10.36,300.74,131.7,34.92,116.4,142.64,4.97,1000.37,69.47,361.1,114.9,82.84,2.28,81.05,39.9,85.29,46.23,122.87,49.33,133.86,63.11,11.6,46.3,61.38,239.04,361.63,51.31,22.97,46.29,1417.19,557.97,257.74,103.16,58.62,50.61,195.32,71.02,82.53,20.53,35.56,349.09,39.91,94.59,122.19,281.16,70.35,898.57,43.75,139.71,112.77,429.41,147.92,72.54,294.46,295.77,64.05,863.04,1117.45,64.49,471.84,321.63,271.77,19.14,1.92,19.18,304.95,229.45,68.9,494.25,177.83,48.11,64.29,232.68,79.56,166.15,128.46,54.74,169.43,248.16,162.98,117.48,569.55,95.26,122.21,28.54,121.18,80.34,87.02,42.5,53.24,125.43,127.38,50.38,422.48,29.3,42.54,34.77,103.3,452.07,221.91,90.25,143.68,258.21,251.29,373.78,96.93,62.83,118.4,83.16,61.65,148.69,69.95,178.79,96.25,75.28,185.38,40.485,132.97,28.46,24.93,243.04,8.5,294.6,60.24,25.31,31.51,55.18,91.23,151.684,96.13,32.97,76.72,72.35,66,260.95,67.31,17.14,4.04,9.96,158.82,183.21,356,18.47,502.6,74.17,826.88,935.58,622.79,72.85,231.03,109.12,218.44,23.99,13.34,155.75,493.44,58.27,331.93,8.71,307.14,55.84,65.6,884.28,440.79,253.12,57.54,86.63,622.4,1715.52,574.46,74.368,597.18,144.47,36.185,65.76,290.02,49.73,241.73,1118.49,120.87,49.2,174.61,107.11,165.81,373.46,119.83,31.44,245.85,366.24,108.82,93.15,114.05,211.69,98.66,47.49,6.3,44.19,702.5,8.82,102,152.69,288,103.35,41.1,207.98,14.15,172.46,177.39,117.96,8.8,194.55,113.08,62.21,198,88.3,48.13,80.19,74.81,62.19,9.6,215.53,146.38,91.42,19.49,62.97,62.48,55.77,163.21,11.24,51.3,123.56,118.32,17.77,100.87,81.82,58.58,157.01,28.32,143.12,195.25,908.06,18.18,204.46,35.88,133.77,148.46,158.1,211.7,102.7,6.11,103.24,38.64,280.35,176.21,103.78,560.63,45.34,14.32,126.8,584.98,99.26,6.36,109.96,193.16,6.87,60.11,273.59,136,9.73,761.85,88.9,85.06,262.63,14.19,92.91,12.86,15.4,67.73,93.03,224.09,219.98,305.38,193.09,37.61,53.446,71.6927,106.62,30.26,38.81,57.99,33.7303,29.43,46.4,82.14,196.21,13.5,99.12,13.33,6.77,204.04,90.37,173.9815,30.56,93.77,48.75,8.45,19.52,26.94,118.25,318,82.36,3.09,92.65,30.61,113.9,111.83,49.44,65.79,30.62,23.22,392.32,10.15,4.63,701.59,151.85,395.95,186.92,97.45,15.85,339.61,,188.67,431.16,15.91,73.91,488.97,655.83,83.21,99.2,180.2,34.32,429.36,39.29,55.19,68.42,331.54,53.37,71.16,28.33,54.85,1167,52.83,209.07,309.61,120.45,33.53,161.29,327.58,86.79,491.46,201.4,26.47,244.39,42.59,293.99,197.8,360.59,339.04,427.07,199.87,130.95,50.21,22.33,194.87,92.21,71.84,63.16,840.9,115.04,277.26,244.71,98.18,48.9,732.09,15.92,52.95,89.91,137.92,27.86,17.75,300.8,227.99,357.21,224.97,168.06,121.32,89.0813,273.07,27.66,316.36,244.09,279.88,90.23,182.15,200.14,261.29,438.71,53.69,18.58,151.18,139.37,323.76,83.27,196.99,73.6717,77.48,34.7,49.4,27.32,294.97,117.58,202.33,80.6,235.42,72,125.79,135.56,14.88,128.96,80.74,98.22,50.41,111.7,59.25,49.53,163.77,135.99,81.89,41.61,46.34,146.81,108.15,160.69,177.72,17.7,54.72,200.52,80.45,336.61,59.78,15.79,138.56
2026-04-06,107.45,258.86,206.69,126.81,102.3,5.54,41.67,198.95,244.355,327.36,73.38,204.34,111.44,208.5,132.36,48.45,99.05,33.55,117.99,173.03,330.34,352.62,39.81,220.18,218.42,342.57,47.03,24,176.14,212.79,126.25,326.17,294.12,63.245,25.19,412.68,748.25,30.725,148.77,32.32,1304.01,94.81,147.96,187.81,101.49,4.2,189.26,314.43,413.07,305.73,41.99,212.3,122.31,50.06,135,111.28,172.34,176.19,60.7,30.93,959.41,59.33,123.63,33.59,476.38,62.59,9.61,43.51,112.24,17.7,117.36,721.24,51.34,326.9,136.19,,86.57,110.48,18.59,279.39,275.16,219.98,275.69,64.16,434.26,13.35,84.53,8.53,27.66,308.57,551.99,43.59,184.21,253.22,174.79,131.64,76.72,16.29,1018.55,102.46,106.33,185.03,8.1,99.6525,80.94,80.435,41.48,171.69,84.25,19.74,73.28,198.86,62.22,66.78,155.07,29.48,116.5,575.09,173.18,141.72,192.12,466.77,96.28,22.9,181.99,40.56,380.77,29.16,147.67,131.41,49.65,63.21,149.6,267.03,114.61,57.11,98.49,10.95,302.61,132.66,33.64,115.68,143.05,4.84,1016.08,69.44,363.89,114.57,82.65,2.31,81.19,40.21,85.57,46.42,125.94,48.94,134.06,63.57,11.61,45.87,61.05,239.85,358.84,51.02,23.27,46.68,1434.09,554.35,256.45,104.47,59.3,49.31,195.57,71.59,82.29,20.77,35.55,351.39,39.23,93.82,121.22,288.69,70.4,897.36,43.61,140.13,116.69,427.65,146.5,73.43,297.66,299.99,65.04,866.05,1117.24,63.08,483.92,326.65,276.77,20.33,1.97,19.12,306.88,228.21,69.78,499.2,182.65,49.58,65.05,236.57,79.7,167.17,129,55.22,168.83,246.74,166.39,116.92,577.44,95.01,122.97,28.65,121.79,80.46,86.33,43.02,53.28,126.11,127.74,50.78,417.36,29.24,43.15,35.13,104.36,452.58,225.2,91.38,144.32,258.48,252.36,375.43,97.68,63.22,119.135,83.75,61.5,149.74,70.25,178.09,96.37,75.69,186.55,40.46,133.75,28.51,24.99,240.97,8.7,295.45,60.87,25.7,31.36,55.74,91.05,154.006,96.99,33.19,77.22,73.03,66.64,261.8,74.09,17.3,4.03,9.33,159.47,183.53,358.73,18.46,499.47,73.12,772.28,927.06,637.9,72.45,235.2,108.95,220.65,22.92,13.7,160.12,501.5,58.38,338,8.85,309.76,55.83,67.22,856.77,444.1,255.01,58.38,86.28,625.2,1710.37,573.02,74.702,598.48,144.5,37.08,66.55,298.93,51.17,241.4,1180.03,120.85,48.77,174.82,109.51,166.55,372.88,127.69,32.14,247.69,377.76,112.54,92.73,112.83,211.78,98.93,47.14,6.24,44.03,695.79,8.89,102.42,149.8,288.05,100.9,39.52,204.87,14.26,169.59,177.64,117.41,8.835,197.08,108.06,61.83,202.18,88.5,48.76,80.56,75.96,63.49,9.52,221.17,145.54,92.13,19.31,62.96,61.17,55.96,161.95,11.15,51.43,122.97,118.32,17.67,100.91,81.05,59.04,156.73,27.83,142.77,196.38,912.1,18.25,205.4,35.02,132.35,147.93,160.34,213.14,102.47,6.08,103.86,38.72,280.89,177.33,102.89,554.38,45.48,14.14,125.73,588.5,99.97,6.34,110.6,194.03,6.86,57.2,275.7,138.34,9.91,763.04,88.44,84.75,260.58,14.2,93.89,13.52,15.29,67.67,92.22,224.93,221.21,306.1,193.92,37.6578,54.15,72.09,107.19,30.307,38.6587,58.21,33.8146,29.74,46.58,81.77,198.41,13.23,95.36,13.51,7.05,212.42,94.78,172.8466,30.64,92.99,45.09,8.35,19.8,26.54,118.8,316.39,82.28,3.67,91.96,30.43,116.59,111.16,49.78,66.09,30.46,22.05,395.98,10.17,4.71,724.63,149.38,397.07,193.11,96.94,16.27,344.1,,190.23,434.11,15.47,73.94,484.48,658.93,80.45,98.01,176.53,35.44,453.3,40.11,55.97,69.26,332.3,53.3,73.24,28.32,54.16,1189.64,52.86,209.73,315.43,122.21,33.69,161.82,324.09,86.65,488.19,198.61,27.02,245.65,43.09,295.55,190.19,352.82,341.76,430.89,196.69,131.53,51.18,21.89,199.42,90.97,72.17,63.3,840.12,115.04,281.36,245.54,97.16,48.61,736.5,15.28,53.44,90.91,138.94,27.83,17.83,303.33,227.27,360.19,226.81,169.13,122.19,89.5275,272.11,27.66,317.99,245.58,281.63,90.36,182.38,199.4,258.73,434.3,52.1,18.76,151.59,140.07,325.21,82.95,197.84,74.0133,77.97,33.88,49.15,27.41,304.15,116.73,200.91,81.85,233.8,72.59,126.79,134.09,15.55,128.8,80.39,99.19,50.22,111.76,59.68,49.88,164.61,136.78,82.66,41.76,46.17,146.28,109.04,163.37,179.06,17.4,54.35,205.12,81.83,340.07,60.68,15.81,139.52
2026-04-07,117.64,253.5,206.37,124.97,101.83,5.34,41.91,197.3,240.14,327.41,72.15,203.61,111.33,209.62,132.92,47.4,99.17,33.86,118.99,173.53,319.52,354.31,39.04,221.53,217.75,340,47.62,24.01,174.08,213.77,133.64,322.47,292.39,64.19,25.18,410.44,765.43,30.5,143.86,32.22,1306.45,92.57,147.28,188.7,101.08,4.09,186.85,333.97,372.87,307.03,45.46,210,119.72,50.28,135.91,110.61,175.61,173.41,61.25,34.05,958.46,57.67,124.62,33.39,478.08,61.86,9.41,43.87,112.73,17.4,117.13,724.44,51.51,327.4,138.02,,84.91,110.23,19,279.48,272.58,223.8,274.25,65.25,447.88,14.01,83.13,8.71,27.79,310.58,556.78,43.6,181.15,255.1,175.18,131.77,76.74,16.83,1013.21,106.79,105.87,182.96,7.78,105.8075,85.24,80.68,41.42,170.28,85.33,19.89,78.22,201.54,62.69,65.62,155.9,29.37,116.54,576,177.69,137.07,191.01,465.88,95.78,22.95,182.42,41.41,368.15,29.44,148.27,131.82,49.95,63.11,148.41,262.26,114.46,57.31,98.35,10.75,311.83,134.64,32.04,118.55,144.23,4.48,1007.29,69.49,368.85,113.87,82.84,2.18,80.84,40.11,85.51,46.32,127.19,49.05,132.95,63.49,11.52,45.64,60.76,240.93,357,51,23.06,46.21,1424.91,557.72,261.23,105.12,59.65,49.08,192.31,73.21,83.72,20.8,35.48,348.43,38.52,94.97,122.91,288.6,69.73,910.75,43.93,138.8,115.06,431.81,148.52,72.76,303.93,305.46,62.7,864.15,1108.15,63.6,489.58,318.77,275.38,19.5,1.94,19.35,302.16,223.84,69.65,499.31,197.15,52.66,65.17,236.02,79.72,167.39,129.19,55.33,168.5,245.07,166.3,117.27,574.8,95.25,123.74,29.13,122.79,80.5,85.99,44.59,53.19,126.52,126.44,52.91,410.24,28.49,42.77,35.74,104.73,452.95,223.3,88.85,144.45,259.04,252.91,375.58,96.58,63.73,119.27,83.83,61.53,149.3,69.56,177.97,96.46,75.45,187.31,40.68,133.15,28.46,24.79,238.41,8.38,297.4,60.95,25.47,31.62,55.71,90.75,154.885,93.05,33.3,75.91,72.68,66.75,263.99,71.96,16.73,3.97,8.83,158.87,173.47,354,18.42,494.59,73.74,815.75,931.09,627.7,72.65,231.61,109.07,224.35,22.73,13.77,158.29,498.28,58.29,330.93,8.96,304.85,55.61,67.51,856.62,438,254.08,57.51,86.42,625.89,1742.3,575.05,74.82,594.43,144.35,36.22,66.25,298.06,49.49,245.42,1191.22,119.28,50.11,172.66,109.38,168.43,372.29,123.72,31.92,249.28,377.58,117.4,93.67,114.65,216.29,98.82,47.65,6.14,42.69,690.5,8.85,100.55,153.06,288.5,97.61,39.5,209.27,14.15,173.26,178.1,118.92,8.57,195.12,109.18,62.23,198.93,90.63,46.59,79.34,75.65,63.79,9.53,219.11,143.17,91.36,19.33,62.94,61.89,56.2,169.87,10.95,51.485,124.22,118.2,17.62,99.54,81.61,58.46,153.21,27.1,141.3,196.85,912.97,18.2,203.51,35.17,133.22,150.07,157.49,213.92,102.28,5.96,102.24,38.86,279.24,174.7,103.75,555.57,44.87,13.74,124.07,588.59,99.69,6.21,110.47,193.39,6.77,57.5,267.71,141.14,9.65,760.27,89.09,85.05,260.84,13.84,93.87,14.19,14.69,66.32,91.87,226.05,216.34,306.64,193.49,37.7329,53.1904,71.9641,108.05,30.32,38.56,57.96,33.8148,29.27,46.82,81.99,197.92,13.22,96.29,13.38,6.95,205.86,95.21,170.205,30.56,93.34,43.85,8.03,19.87,26.38,117.06,313.96,82.34,3.79,92.84,30.6,117.01,111.33,50.35,65.94,31.35,22.67,399.9,9.16,4.8,710.8,149.24,397.9,195.59,96.82,16.11,347.76,,190.57,430.06,15.57,73.76,483.18,659.22,78.52,98.46,177.19,35.68,468.72,39.23,55.06,68.85,332.07,51.58,73.24,28.04,53.47,1169.57,52.54,210.98,320.48,119.52,33.39,157.58,330.07,86.64,489.5,200.54,25.97,250.98,43.35,295.05,190.86,346.65,345.32,431.85,198.33,132.56,50.12,21.82,199.735,89.29,71.73,63.39,836.9,116.26,307.73,246.11,97.57,47.95,732.74,14.64,53.7,89.36,138.08,27.75,17.44,302.55,226.76,356.58,223.16,170.54,122.19,89.8063,272.82,27.83,317.42,251.49,277.85,90.49,183.2,199.98,262.3,431.86,53.88,18.98,153.68,140.13,325.43,83.64,197.58,74.155,78.02,35.02,48.62,27.37,311.96,116.94,201.58,81.75,233.31,74.04,122.49,135.97,16.57,128.85,80.54,96.98,50.08,111.82,60.16,49.88,164.28,137.43,81.26,41.72,46.27,146.57,107.77,163.91,180.34,17.22,54.58,200.31,81.22,340.87,59.97,15.72,142.09
2026-04-08,132.7,258.9,211.59,131.4,103.56,5.58,46.14,193.84,239.31,346.21,71.72,200.78,112.86,215.59,134.71,49.81,99.43,34.94,125.46,177.44,327.25,385.72,42.37,231.82,230.49,349.81,52.42,25.26,176.18,221.25,145.07,329.76,296.61,67.66,27.79,391.2,785.07,31.7,148.91,33.53,1421.05,96.46,156.39,189.66,107.42,4.23,186.94,350.63,391.53,316.34,53.18,217.8,125.32,51.88,146.78,113.51,179.9,181,63.16,33.41,1001.54,59.2,127.94,35.12,479.75,62.56,10.36,46.31,117.67,18.066,123.49,771.58,52.9,332.64,142.49,,85.52,115.9,19.72,289.5,284.27,221.63,277.56,65.66,494.01,15.42,85.55,9.04,27.96,302.81,596.65,43.68,192.46,281.79,175.09,125.22,82.03,17.66,1030.27,110.21,113.82,176.37,8.61,106.6275,88.9,83.7,42.14,174.59,83.96,20.3,78.79,192.89,63.2,68.08,160.69,28.56,116.5,609.32,185.47,142.68,196.19,479.16,99.18,23.94,185.63,39.28,376.24,32.47,148.78,131.6,47.91,65.8,153.65,273.51,113.57,60.44,102.19,11.04,318.23,142.66,32.56,129.6,139.05,4.59,1017.66,69.95,385.58,114.61,83.44,2.48,81.71,41.74,89.41,47.82,140.07,49.17,137.73,66.26,12.18,48.18,65.1,246.86,373.43,51.4,23.65,47.01,1525.16,610.18,265.17,117.8,60.22,46.66,200.78,71.82,83.51,21.33,36.35,350.02,40.76,98.18,127.25,308.06,73.75,936.07,47.8,141.54,118.62,434.53,165.1,76.74,314.74,317.32,65.07,905.75,1146.72,65.43,505.12,336.16,293.34,19.39,2.07,19.54,317.2,232.47,71.83,527.21,198.39,61.43,67.01,250,80.19,172.54,131.56,57.05,171.86,241.74,167.79,118.26,591.84,95.46,118.36,29.5,126.91,79.75,87.79,44.94,54.35,129.83,128,58.95,389.51,28.99,44.13,36.83,106.97,462.28,232.17,93.48,148.07,269.51,260.47,385.36,99.14,61.56,122.4,86.1,62.81,154.97,70.67,183.88,98.19,77.78,193.1,41.6,139,29.05,26.19,241.3,8.63,307.97,62.7,25.84,33.09,56.98,93.96,167.234,97,32.96,77.29,70.96,68.69,264.22,74.46,17.34,4.17,8.82,160.64,190.13,361.97,18.63,500.48,76.71,896.02,953.3,628.5,72.99,243.66,109.49,246.49,23.39,13.46,163.56,507.12,59.82,348.58,9.5,307.01,57.3,70.73,871.18,447.62,250.32,58.83,88.65,643.68,1775.74,612.42,76.756,624.36,149.17,37.57,66.8,313.25,54.44,231.98,1312.94,123.18,52.1,175.81,114.45,176.02,374.33,128.3,32.7,259.64,406.73,125,94.17,118.15,211.25,99.39,48.1,6.38,43.13,687.47,9.44,97.47,160.3,294.1,99.47,39.41,210.83,14.51,182.16,182.08,127.11,9.55,204.27,116.41,62.79,207.53,86.77,50.21,76.04,76.87,68.38,9.45,240.49,143.66,93.06,20.26,59.77,62.25,57.37,173.78,10.39,53.89,117.83,124.19,18.39,103.75,82.7,60.84,154.8,27.47,144.9,198.09,966.05,18.1,211.05,36.55,137.41,140.76,160.94,220.76,103.12,6.22,110.47,39.15,290,168,102.09,576.24,45.85,14.57,127.51,606.09,102.1,6.3,115.83,199.01,6.93,55.43,279.26,145,9.61,775.53,93.6,86.29,268.17,14.53,96.85,16.11,15.14,69.08,101.43,230.7,224.47,320.33,197.96,37.9857,55.25,73.88,104.57,31.03,39.85,60.03,34.51,29.58,48.37,82.84,203.48,13.87,96.75,13.5,6.89,218.71,97.21,183.1194,30.86,96.7,43.52,8.37,20.43,26,120.1,335.67,82.42,3.64,95.89,31.37,121.75,111.57,51.88,67.47,28.81,23.37,422.92,9.86,4.73,780.9,149.99,410.16,200.22,97.17,16.49,370.4,,194.04,436.96,20.5,74.61,483.17,676.01,82.48,98.88,187.56,37.98,496.3,42.28,56.54,71.97,340.01,54.55,75.15,27.35,55.48,1219.88,55.69,223.03,358.29,123.12,34.21,161.64,328.65,86.92,503.46,197.63,26.21,244,44.51,301.59,203.68,343.25,365.9,449.47,202.13,129.61,51.17,23.02,208.9,96.3,72.38,68.65,900.5,120.06,305.98,249.11,100.45,51.4,760.69,16.78,55.36,91.68,124.58,27.53,18.38,308.96,234.66,366.73,227.68,164.78,125.53,92.3875,278.2,27.73,329.69,239.64,292.58,92.12,187.69,202.09,281.03,443.92,56.33,20.49,155.89,144.58,333.7,84.05,201.98,76.15,81.23,31.66,48.04,27.55,338.78,117.28,204.7,84.66,231.43,73.01,127.26,140.14,18.05,130.65,81.46,102.38,51.75,113.81,58.05,51.2,170.44,141.69,82.78,42.44,46.78,149.67,110.82,156.22,171.69,17.8,55.56,211.7,83.09,359.35,62.83,15.72,137.85
2026-04-09,133.3,260.49,212.4,129.16,102.72,5.32,46.97,186.03,229.94,351.36,70.35,196.02,114.32,216.44,137.15,49.01,99.49,34.67,129.46,172.35,321.28,397.81,41.76,236.64,233.49,355.6,55.14,26,179.93,233.65,146.05,325.4,297.74,68.84,25.57,379.14,800.5,31.22,149.795,33.41,1448.64,91.61,159.63,192.29,108.55,4.03,177.7,354.91,351.33,317.77,63.12,220.06,127.68,52.71,160.13,108.23,177.11,176.6,63.42,32.65,1001.62,59.47,128.58,34.92,485.2,61.28,10.33,45.92,116.9,18,124.92,787.07,53.88,332.94,142.46,,86.57,115.54,19.72,281.01,280.25,223.23,278.45,63.08,487.38,16.36,86.04,9.23,28.31,298.93,610.99,44.13,194.73,284.17,169.02,123.47,81.56,17.98,1032.03,107.93,115.5,170.85,8.77,98.67,92,83.17,42.49,174.15,83.56,20.75,78.84,190.36,64.11,67.83,154.55,28.71,108.98,618,181.46,143.74,192.99,481.9,99.79,22.25,188.15,38.04,373.3,32.38,150.98,133,47.88,65.68,154.87,272.47,114.98,60.28,101.95,10.83,316.87,144.67,31.26,132.63,136.58,5.95,1031.57,70.57,400.44,117.44,84.41,2.3,79.15,41.62,88.22,47.64,139.29,49.44,139.21,66.35,12.24,49.1,66.45,245.28,377,51.91,23.16,45.29,1574.45,618.26,260.17,121.07,62.76,44.46,197.25,73.51,80.66,21.82,36.29,343.9,41.19,98.35,127.87,313.02,72.91,968.02,48.7,142.09,119.45,437.91,169.8,76.73,316.37,318.49,65.88,903.72,1172.21,67.08,507.19,339.58,293.22,19.75,2.07,19.3,322.51,236.06,70.12,534.67,197.32,63.42,68.27,254.06,80.28,171.39,132.01,58,172.16,237.18,161.97,119.13,584.75,95.43,115.63,29.59,127.17,76.64,88.24,44.82,53.8,130.75,123.67,61.72,361.69,28.08,43.85,37.06,108.69,454.94,231.76,94.65,148.89,273.18,261.96,387.27,100.37,60.82,122.82,86.435,62.61,155.97,71.17,184.39,98.9,77.92,193.64,41.38,141.85,28.34,26.11,241.31,8.28,310.33,63.6,26.42,32.84,56.89,92.83,172.726,97.96,32.97,78.18,70.35,69.85,258.33,68.33,17.43,4.07,8.77,155.63,180.17,357.97,18.29,503.3,76.74,894.13,955.19,623.87,73.72,247.81,109.49,258.76,21.97,13.22,163.66,503.57,60.72,352.93,9.67,309.55,57.21,71.22,873.43,438.22,229.49,59.09,87.91,645.16,1793.205,628.39,77.234,625.5,150.5,38.095,67.46,318.35,53.9,223.52,1334.21,122.68,51.28,173.14,119.93,178.16,373.07,128.86,32.49,262.41,421.51,136.33,94.48,119.01,193.05,102.05,48.47,6.07,44,690.57,9.55,89.81,161.78,295.3,95.67,36.94,203,14.87,184,183.91,128.63,9.42,205.67,113.59,63.2,209.5,86.18,47.75,67.76,74.88,68.49,9.14,246.96,137.86,94.4,20.03,58.53,60.19,56.85,166.99,9.94,54.585,114.84,127.05,18.63,100.57,83.93,60.85,157.49,27.22,146.66,199.88,982.99,17.94,208.12,34.23,138.02,130.49,161.25,223.23,104.45,6.08,109.7,39.81,293.27,161.07,104.085,582.06,45.98,13.87,127.75,610.19,101.74,6.18,116.14,200.25,6.78,55.17,275.89,138.38,9.22,767.85,93.2,86.75,265.43,14.31,98.34,16.69,15.24,66.74,105.58,227.98,224.91,322.18,198.08,37.9602,55.5,73.8,103.02,30.91,39.57,60.42,34.447,29.89,48,83.675,203.19,13.33,96.22,12.77,7.2,218.46,96.92,183.9804,30.94,97.27,41.84,8.08,21.01,30.66,112.38,335.73,82.44,3.34,95.66,31.4,127,107.84,52.54,68.39,28.33,23.22,430.31,9.3,4.95,851.57,132.24,404.92,199.46,97.59,16.27,378.63,,198.97,424.32,17.92,74.84,486.62,679.91,82.17,99.75,190,39.14,500.77,42.14,56.56,72.49,339.14,53.59,74.99,26.84,54.72,1225.52,54.66,228.63,364.21,124.03,34.63,165,312.76,86.7,500.46,197.54,25.96,244.75,45.35,303.23,203.82,345.62,365.49,460.11,198.05,124.83,48.84,23,214.98,97.67,71.81,72.78,907.23,120.81,306.91,251.15,101.64,50.93,767.36,16.72,56.33,92.07,126.96,27.48,18.32,308.29,234.87,373.59,229.63,162.73,125.88,92.5188,277.65,28.06,332.89,235.1,293.02,92.78,188.82,203.63,287.64,446.78,55.39,21.33,152.75,144.95,335.45,84.95,202.95,76.5867,81.07,30.39,47.78,27.53,337.88,118.78,206.34,86.02,233.1,72.82,129.13,140.89,19.03,131.82,82.77,104.18,51.67,114.27,57.33,51.33,172.19,142.07,83.45,42.73,47.15,149.33,112.74,155.04,167.76,17.29,56.61,211.73,83.86,364.29,62.69,15.32,122.23
2026-04-10,150.6,260.48,207.94,128.96,100.3,5.4,48.07,179.53,225.35,350.14,69.73,188.79,113.45,218.75,136.3,48.53,99.32,34.86,149.05,173.64,322.11,399.49,41.16,245.04,234.91,351.02,57.96,26.4,179.29,238.38,147.35,312.57,298.71,70.375,26.26,391.38,799.65,31.37,148.93,33.81,1478.28,94.9,162.21,190.36,109.25,4.15,179.72,371.55,345.94,313.5,64.18,217.63,127.33,52.54,166.7,108.41,172.97,173.46,62.83,34.14,999.31,58.62,127.56,35.43,479.9,61.79,10.755,45.33,114.83,17.898,124.39,790.66,53.47,327.91,141.22,,86.29,116.04,20.24,265.66,286.5,218.82,271.25,60.74,496.02,16.53,84.34,9.04,27.93,295.3,616.14,43.39,193,307.5,167.85,122.55,83.52,18.32,998.47,119.59,117.89,164.96,8.87,94.755,102,82.22,42.24,174.93,83.83,20.58,79.33,188.55,64.23,67.82,152.58,28.5,105.37,605,177.8,142.64,189.61,479.25,99.17,22.23,188.87,39.01,365.95,32.43,149.68,131.79,47.79,64.02,155.13,273.29,113.56,60.56,102.18,10.72,311.53,143.77,31.185,135.32,136.19,5.62,1030.24,69.97,403,116.47,83.58,2.34,77.87,41.6,88.13,47.67,138.73,48.57,138.87,66.6,12.13,49.17,67.8,242.92,374.08,51.43,23,43.37,1592.84,662.13,261.55,123.8,61.02,43.22,203.47,73.79,76.7,21.54,36.25,335.15,41.99,99.39,128.84,308.35,73.18,991.32,48.93,138.99,116.4,437.13,171.24,76.42,315.72,317.24,65.44,907.8,1172.07,67.82,495.47,337.34,289.17,19.43,2.08,19.46,323.43,235.04,69.19,536.01,192.15,66.085,67.23,252.67,79.96,169.99,129.69,57.29,169.37,230.76,160.6,118.54,563,95.27,115.92,29.44,127.7,74.67,87.15,44,53.24,130.19,120.93,62.38,350.94,28.79,43.41,39.32,109.37,450.62,229.64,94.27,148.68,270.52,261.3,386.71,99.98,60.44,121.51,85.67,61.79,155.15,70.673,185.46,99.02,77.37,194.27,41.2,142.53,28.93,25.89,238.46,8.34,309.87,62.84,26.57,33.77,55.9,91.22,173.728,97.28,32.68,77.47,67.99,68.94,259,70.34,17.35,4.07,8.58,152.88,187.22,353.59,19.21,503.15,77.9,897.3,939.47,613.72,73.1,244.22,109.2,263.66,23.57,13.23,160.59,498.66,61.14,354.1,9.54,305.68,57.18,71.56,865.6,427.41,225.95,59,87.21,643.1,1773.96,629.86,77.522,631.53,150.32,37.86,67.38,312.03,55.24,222.62,1353.85,121.42,50.96,168.15,128.49,177.64,370.87,128.64,31.7,263.44,420.59,144.97,94.08,120.9,166.99,103.01,48.05,6.5,42.62,673.73,9.46,83,164.07,296.29,95.93,34.41,193.03,14.96,186.12,188.63,130.56,9.54,204.37,117.97,63.75,208.35,86.21,50.25,62.93,74.77,68.65,9.13,257.14,138.09,93.01,20.69,57.97,60.94,57.64,155.73,9.38,54.65,113.59,127.19,18.54,100.17,83.13,60.49,157.06,26.92,145.16,194.13,984.23,17.62,206.38,34.67,137.19,128.06,160.45,221.13,103.59,7.04,110.33,39.65,295,159.25,98.82,585.36,45.24,14.25,128.06,611.07,101.12,6.36,116.69,199.47,7.06,55.59,276.94,139.73,9.29,748.87,94.5,87.06,266.82,14.68,101.03,16.6,15.43,68.05,110.44,228.87,221.16,322.2,196.65,37.6752,55.0198,72.7997,102.85,30.55,39.72,60.05,34.4781,29.54,47.61,83.13,201.56,13.28,96.43,11.94,7.33,223.75,96.6,188.3928,30.56,94.8,41.76,8.26,20.5,30.79,110.79,336.11,82.41,4.25,96.66,31.41,126.71,104.16,51.92,69.08,28.38,25.26,436.88,9.21,4.82,851.77,121.11,392.24,199.69,97.15,16.22,386.6,,200.57,415.42,21.56,74.19,475.99,679.46,82.12,98.82,190.57,39.48,503.13,42.06,56.36,72.41,339.15,53.83,72.82,26.46,55.23,1207.18,56.51,229.78,367.99,121.89,33.73,161.6,321.33,86.49,496.11,195.71,25.4,243.09,44.91,297.26,203.59,348.95,370.6,465.71,197.07,117.65,47.91,23.27,214.73,96.4,70.48,75.81,925.7,120.23,304.33,250.51,101.7,50.96,771.93,16.15,55.66,91.42,124.82,27.44,18.4,304.36,236.2,374.19,226.52,161.79,124.56,92.91,273.78,28.11,331.8,238.82,295.48,92.98,188.5,202.89,295.11,436.27,56.25,22.47,154.73,144.98,335.05,84.96,201.31,76.855,81.27,30.77,46.04,27.44,343.43,117.54,207.59,85.4,229.45,72.74,126.77,144.84,18.87,129.44,82.38,103.84,51.96,113.95,56.94,50.77,171.52,142.62,82.37,42.82,46.96,147.31,112.89,152.51,168.46,17.42,55.874,212.74,82.73,370.87,62.2,14.61,118.05
2026-04-13,153.19,259.2,206.47,130.32,100.69,5.45,49.62,191.95,240.11,350.01,69.82,195.38,111.78,217.38,134.46,51.97,99.52,35.9,166.795,185.43,333,395.73,40.96,246.83,234.47,349.82,60.44,24.82,180.94,239.89,152.02,325.4,298.65,72.635,27.6,417.45,809.27,32.04,157.58,34.15,1500.2,98.97,163.78,187.75,109.12,4.33,194.39,379.75,359.63,323.82,66.445,222.14,128.01,53.35,176.67,112.01,176.365,177.25,62.56,34.79,1023.65,58.06,129.15,35.97,480.19,63.18,11.245,46.03,121.82,19.8,126.28,791.73,53.58,329.98,145.94,,87.08,116.7,20.31,288.2,291.72,226.3,275.12,63.19,479.9,17.76,83.98,9.34,28.05,300.59,618.28,42.73,197.55,307.93,174.53,123.62,84.87,18.71,980.85,134.36,117.27,172.82,9.01,100.56,110.27,82.35,42.35,175.68,83.51,20.62,78.09,191.78,62.97,67.05,159.61,28.96,110.08,603.04,189.79,144.33,195.87,482.13,101.18,22.51,191.85,40.11,368.83,33.55,147.51,130.4,47.27,63.12,154.15,275.2,111.89,61.07,102.81,10.81,316.07,144.46,31.37,138.07,136.96,6.16,1056.84,68.68,403.36,115.33,82.45,2.44,78.12,41.94,88.35,47.86,141.23,48.15,139.75,67.08,12.16,45.8,68.03,248.7,371.89,51.05,24,46.43,1627.81,689.89,260.03,128.22,62.45,45.23,200.35,75.03,78.74,21.62,36.46,340.76,41.77,98.78,129.05,311.9,73.83,991.12,49.03,139.03,119.49,435.36,175.17,76.83,319.21,321.31,68.14,890.79,1161.66,66.98,497.42,341.16,293.79,21.15,2.17,19.27,327.26,233.64,71.67,539.79,198.23,69.76,67.58,256.14,80.26,173.23,131.68,57.83,172.19,237.82,164.31,117.26,574,95.48,116.31,29.66,130.5,78.7,87.37,44.66,53.92,131.81,126.96,65.18,369.44,29.76,45.1293,43.07,111.88,458.96,232.81,95.26,150.33,274.51,265.07,390.91,100.71,60.6,123.52,87,62.22,157.13,70.15,185.72,99.45,77.83,197.94,41.22,142.82,28.94,25.81,237.96,8.52,313.68,63.37,26.04,33.58,56.92,98.14,176.878,96.6,32.07,76.41,68.03,69.39,267.41,73.55,17.26,4.38,9.24,157.59,191.99,357.95,18.78,508.87,80.02,871.18,929.55,619.69,72.51,247.08,109.62,267.32,24.41,13.6,165.72,508.58,61.76,359.56,10.36,304.51,57.35,73.55,864.57,439.61,236.14,57.68,88,650.09,1831.93,634.53,78.68,635.29,152.79,37.585,66.81,314.47,56.8,225.29,1372.23,120.15,50.68,173.55,131.3,181.14,384.37,132.36,33.2,266.05,426.56,154.56,92.3,116.5,184.02,103.16,47.19,6.47,42.91,681.31,10.37,89.06,170.24,297.56,98.4,37.3,201.9,14.95,189.67,189.31,133.16,9.82,208,111.55,63.32,207.63,85.33,53.94,65.46,76,71.02,9.47,252.61,155.62,94.01,21.88,58.06,63.25,57.27,162.51,10.12,55.02,119.61,127.38,17.74,100.8,81.26,61.25,155.88,27.34,143.58,199.57,989.49,18.02,210.48,34.32,137.15,132.37,162.75,223,102.63,7.3,110.23,39.5,296.23,160.4,97.57,595.84,47.51,14.65,131.24,617.39,102.6,6.44,119.35,201.25,7.27,57.66,282.41,149.35,9.99,746.46,99.01,86.8,264.47,15.13,101.7,17.37,15.9,70.62,113.16,230.26,220.95,324.37,198.83,37.9899,55.595,74.54,102.94,30.89,40,60.62,34.6453,29.28,49.01,82.19,201.41,12.76,136.3,12.79,7.55,220.24,97.48,192.1301,30.74,96.79,43.21,8.49,20.63,33.02,114.97,334.38,82.47,4.93,97.27,31.64,126,109.42,51.92,68.28,28.85,25.97,443.34,9.58,5.15,952.5,134.24,417.77,206.6,95.93,17.05,393.34,,200.71,430.08,23.14,74.16,504.1,686.1,87.63,96.23,195.47,40.32,513.28,42.11,56.5,73.79,347.24,54.61,73.36,25.61,54.9,1233.11,57.4,234.33,370.13,117.88,33.79,159.33,326.08,86.75,514.23,192.43,27.15,240.51,44.87,301.31,209.47,352.42,369.57,472.94,201.36,124.24,50.38,23.58,216.71,95.2,72.34,76.96,951.04,120.46,313,251.34,102.02,52.18,779.53,16.79,56.51,91.39,128.47,27.38,19.36,309.39,237.23,377.25,224.2,162.31,126.68,94.7825,275.89,28.33,334.94,242.08,297.15,93.33,190.08,200.25,299.96,440.05,56.55,22.84,158.2,146.4,338.67,84.41,202.61,77.8933,81.89,29.58,45.42,27.39,350.16,116.32,206.97,86.64,231,71.54,124.57,144.83,19.45,132.05,80.45,105.53,52.19,114.82,57.11,51.66,172.73,145.61,81.55,43.02,46.39,147.97,113.92,152.64,168.69,17.47,56.59,212.15,83.24,380.85,64.22,15.63,122.62
2026-04-14,146.39,258.83,210.26,133.85,101.05,5.67,50.75,190.37,235.72,348.6,68.84,195.08,111.86,219.94,135.46,55.82,99.78,36.79,170.6,189.86,339.41,395.64,41.01,255.07,234.36,350.95,61.32,25.81,176.41,249.02,154.37,323.02,296.63,74.36,31.47,433.51,828.35,32.41,161.22,34.64,1518.3,88.57,163.03,188.16,109.8,4.67,194.52,380.78,380.86,326.96,67.3,223.77,131.35,53.35,219.03,118.23,178.96,181.12,61.49,32.04,1054.56,58.08,130.51,36.59,477.54,63.82,11.97,46.04,126.33,21.594,129.58,794.25,53.86,325.74,147.07,,86.27,116.06,21.17,292.37,296.61,215.57,272.6,62.79,467.19,18.45,84.16,9.45,28.14,297.03,615.56,42.9,199.84,313.42,184.41,118.79,86.43,18.68,974.8,159.52,117.41,171.31,8.79,99.6225,117.2,82.61,42.51,176.14,82.95,20.49,77.62,187.02,63.71,71.7,163.55,28.84,110.57,596.04,184.51,145.25,198.61,485.49,102.59,22.96,195.79,39.16,369.17,35.57,147.74,129.78,45.25,62.95,159.25,273.13,111.66,62.24,103.64,11.29,313.35,144.56,32,137.44,133.59,6.32,1057.37,69.01,401.9,115.57,81.92,2.63,78.2,42.19,89.41,48.07,146.68,48.66,141.43,67.7,12.71,44.62,68.27,253.31,370.14,51.04,24.74,46.98,1650.48,681.68,257.29,128.28,63.41,44.36,200.61,72,78.7,21.72,36.89,339.88,43.22,100.75,132.77,318,74.67,987.5,48.41,140.45,120.52,445.09,172.82,79.46,330.58,332.91,68.6,909.63,1155.42,67.31,498.66,342.71,299.99,21.36,2.42,19.69,331.38,233.24,79.09,545.62,196.21,71.74,66.97,258.03,80.5,175.65,131.06,57.65,175.85,240.27,162.04,117.41,584.05,95.79,113.09,28.95,132.8,79.48,88,44.72,54.35,132.43,130.32,63.81,366.8,35.76,45.81,47.37,114.03,467.22,235.43,95.6,152.08,272.25,268.72,395.4,102.4,59.3,123.84,87.35,62.64,157.76,69.92,184.98,100.42,78.95,201.83,41.01,142.05,31.25,26.95,240.1,8.8,311.12,63.35,26.02,34.01,56.8,100.43,179.591,97.16,31.65,75.9,67.19,69.29,270,73.66,17.38,4.41,8.8,156.17,193.11,355.56,18.74,499.65,80.55,852.79,922.5,611.58,72.3,248.44,109.98,272.41,23.67,13.71,166.28,513.16,63.61,366.7,10.49,303.22,58.02,74.5,862.79,438.06,233.6,57.84,88.12,653.39,1840.66,662.49,80.25,630.8,152.55,37.535,65.62,313.98,57.36,223.93,1363.42,119.96,52.84,172.85,133.83,183.34,393.11,137.41,33.59,270.33,465.66,161.94,91.31,119.3,178.65,106.28,47.22,6.58,44.2,680.13,10.35,87.79,170.96,299.7,98.89,36.83,214.64,15.35,190.04,196.51,134.48,9.87,209.89,114.92,63.81,210.41,84.84,58.58,64.09,76.48,72.05,9.4,261.59,163,93.52,23.42,55.38,64,58.12,161.59,10.02,55,119.84,125.43,17.56,102.1,82.05,62.43,155.72,27.11,144.38,196.59,985,18.7,209.93,33.93,138.36,135.7,159.47,221.2,102.69,6.71,110.54,39.61,304,158.76,104.72,594.4,47.97,16.97,132.84,628.6,103.51,6.86,122.06,203.27,8.11,58.3,281.53,154.54,9.81,755.51,98.8,88.05,271.52,16.87,102.02,18.12,15.99,72.22,121.73,230.69,223.29,323.3,199.66,38.4019,56.2797,74.97,100.61,31.12,39.84,60.87,35.0511,29.27,49.17,82.42,202.81,12.45,147.01,12.75,7.3,218.08,98.47,189.1852,30.71,98.38,42.98,8.95,20.57,34.52,117.64,333.6,82.53,5.31,99.79,32.67,130.15,109.3,51.49,72.04,27.65,27.2,452,10.25,5.6,944.46,135.47,418.8,204.71,95.96,17.91,401.24,,202.96,425.24,20.74,74.26,511.36,694.46,88.93,96.16,195.3,40.9,533.44,42.1,57.28,75.55,345.88,56.56,74.04,25.62,55.23,1296.58,58.89,236.88,365.51,119.53,34.56,160.28,345.76,87.21,527.22,190,27.1,239.28,44.84,299.59,214.11,364.2,379.89,470.57,205.1,124,57.41,24.8,218.87,97.2,72.91,76.92,991.66,120.63,314.19,252.04,103.22,52.84,771.01,16.99,56.09,92.47,123.85,27.32,19.54,311.37,236.585,385.37,223.95,158.69,127.15,96.255,277.9,28.36,336.73,235.58,296.86,94.22,194.23,200.91,310.51,444.28,56.98,23.13,163.97,148.09,342.65,85.34,202.96,79.4533,82.81,29.22,45.48,27.37,366.22,116.5,210.99,81.7,227.09,71.44,125.05,147.69,20.95,135.72,79.83,105.78,52.01,116.56,55.95,51.78,173.35,147.94,81.47,43.43,46.47,148.83,116.44,149.24,163.42,17.87,57.27,212.66,83.63,389.06,66.15,16.2,122.68
2026-04-15,142.55,266.43,208.42,137.51,101.56,6.06,49.79,194,244.66,347.94,66.95,196.92,110.74,214.4,134.39,59.62,99.62,37.42,172.09,185.38,333.39,394.26,40.6,258.12,230.1,348.22,59.72,25.62,176.99,248.5,154.33,328.08,295.21,73.49,30.81,464.63,840.87,32.81,159.34,34.35,1481.77,86.91,156.83,186.26,104.47,5.3,198.42,396.72,402.18,329.06,62.93,223.93,133.28,54.32,213.84,120.94,180.54,185.69,60.07,33.08,1048.6,57.89,131.96,36.73,474.09,64.61,12.61,46.01,130.19,22.533,131.69,770.17,53.33,327.27,147.48,,85.63,119.11,19.67,304.1,294.73,220.29,268.63,64.52,475.76,18,83.49,9.66,28.3,296.9,601.46,42.48,202.98,308.2,195.9,118.92,86.08,19.08,984.75,168.35,116.21,177.6,8.89,102.79,118.69,82.36,42.1,176.46,81.32,20.31,74.99,184.91,62.38,71.99,179.935,28.89,121.06,576.64,177.28,144.2,198.14,484.72,103.04,23.64,195.69,38.84,368.07,34.47,146.75,127.98,45.23,61.54,157.23,270.37,110.28,62.2,103.31,11.35,311.18,140.4,32.18,136.995,132.39,7.08,1052.98,68.77,395.06,114.95,81.54,2.66,78.2,42.36,89.07,47.8,144.92,47.88,141.06,67.42,12.71,44.4,68.7,258.77,364.92,50.55,25.76,48.32,1648.96,685.81,256.83,129.62,63.66,42.87,195.2,72.04,79.64,21.74,36.88,338.88,42.9,97.77,129.38,313.93,73.51,985.92,48.31,139.77,121,440.46,168.27,77.78,334.47,337.12,70.17,899.49,1143.35,68.05,488.58,338.91,292.36,24.29,2.47,19.12,328.91,232.19,87.32,526.94,198.37,71.09,67.03,254.04,80.46,179.4,132.32,57.7,175.99,244.8,165.07,116.31,580.76,95.58,113.28,28.99,135.25,82.98,87.36,44.53,54.24,132.26,132.26,64.94,389.72,43.25,47.33,48.82,113.55,468.36,234,93.94,153.21,264.39,269.39,398.35,103.48,59.14,124.64,87.94,62.29,156.43,69.22,182.615,100.47,79,205.23,41.03,137.21,31.47,27.02,238.67,9.13,305.93,63.35,26,33.39,57.38,103.85,174.811,96.81,31.7,75.31,66.63,69.17,268.54,74.66,17.3,4.56,8.21,159.04,197.79,355.92,18.16,497.94,79.64,824.01,905.03,611.1,72.18,243.99,109.94,265.16,23.88,14.66,155.82,519.96,65.26,363.74,10.47,306.26,58.03,74.49,863.42,446.81,244.06,56.58,87.1,651.4,1872.12,671.58,81.802,616.94,151.24,37.465,64.42,313.79,59.52,223.03,1353,117.9,54.26,174.9,134.6,191.62,411.22,143.54,34.52,269.99,456.23,166.77,91.24,113.04,190.13,107.71,47.37,6.43,45.44,678.59,9.99,94.19,168.45,297.71,100.33,38.26,207.19,15.34,189.6,198.87,131.38,10.26,209.39,110.12,63.96,205.19,84.1,63.35,67.35,77.49,72.43,10.03,258.9,169.81,93.6,24.44,55.83,64.89,57.34,164.11,10.61,54.06,123.64,123.48,17.39,101.97,80.94,62.39,154.85,27.19,143.38,201.23,963.76,20.27,207.07,34.41,139.77,142.15,157.19,222.06,102.8,6.97,107.72,39.36,299.83,161.44,105.44,591.82,49.57,20.81,133.05,637.4,104.53,7.17,123.39,204.37,9.4,59.79,282.31,158.48,9.91,753.93,97.44,88.04,270,19.11,101.04,17.42,16.41,73.6,120.02,228.8,224.15,319.91,199.73,38.8633,56.7,75.99,100.46,30.95,39.33,59.98,35.04,29.145,49.62,81.62,198.39,12.1,152.54,13.26,6.92,214.2,98.34,185.2033,30.65,100.27,37.83,9.56,20.55,36.59,127.41,328.84,82.51,4.88,97.59,31.89,139.03,113.69,52.42,71.84,27.33,27.29,453,11.71,6.04,891.72,144.48,438.45,205.45,94.64,18.79,401.86,,201.61,430.58,20.54,73.96,531.17,699.94,87.62,95.47,194.11,40.68,519.6,41.4,57.93,75.99,341.24,58.74,74.09,25.46,55.32,1274.69,58.28,234.15,364.96,122.87,34.6,160.23,353.3,86.83,531.67,190.19,28.16,238.75,44.21,299.33,215.63,391.95,375.1,462.56,214.15,134.07,57.62,25.35,216.29,94.27,77.28,76.08,1006.56,119.87,314.05,248.03,103.57,54.84,765.29,18.35,56.37,90.21,122.59,27.29,21,315.91,233.45,390.14,222.98,158.45,128.13,98.0025,276.41,28.13,332.64,235,291.25,94.29,196.24,199.25,301.16,441.7,59.92,23.76,162.94,148.62,345.24,84.87,202.04,80.9433,82.65,29.33,45.03,27.2,365,114.85,211.33,80.29,224.93,70.76,124.76,147.61,19.67,136.45,78.65,102.88,51.38,117.36,55.76,52.17,171.18,150.3,81.06,43.41,46.02,147.77,118.18,149.01,164.26,17.66,57.5,210.33,83.88,393.28,67.97,17.37,131.01
2026-04-16,157.32,263.4,208.99,137.81,95.47,6.08,47.89,194,248.155,353.8,68.68,200.39,112.28,214.93,134.56,60.28,99.48,37.83,170.81,215.62,320.13,389.9,40.18,278.26,230.24,349.39,62.9,25.01,178.6,249.7,161.01,335.34,297.24,74.48,30.09,466.09,828.35,33.47,162.33,34.5,1410.83,90.94,155.83,187.98,104.23,5.17,201.99,398.47,393.08,325.76,81.78,218.88,138.59,53.51,210.06,125.03,176.02,184.56,60.6,39,1024.95,58.96,134.84,36.71,475.12,63.42,12.42,45.8,128.13,23.46,129.34,772.66,52.94,328.42,147.8,,86.87,120.27,19.51,306.96,299.14,235.97,276.37,65.92,495.17,17.34,83.62,9.72,29.35,296.22,608.89,43.21,200.71,328,199.825,121.57,86.21,19.44,987.21,158.93,114.36,181.22,9.27,104.55,119.56,84.5,42.72,177.52,81.16,20.08,76.79,188.15,62.48,69.89,179.33,29.11,123.47,584.19,193.09,143.35,193.78,485.63,103.9,23.74,199.05,39.92,369,35.04,146.97,128.63,45.78,61.23,151.09,269.23,110.52,62.45,103.01,11.69,315.82,140.37,31.96,135.92,134.07,7.11,1070.9,69.18,392.73,115.51,82,3.34,79.05,42.36,89.41,47.84,147.47,47.59,141.64,67.04,12.44,44.72,68.28,261.2,380.88,50.58,25.89,48.62,1605.97,672.64,257.78,127.68,64.52,43.62,191.65,72.8,82.4,21.44,37.23,334.92,42.97,97.66,129.43,298.29,73.2,978.32,50.39,138.55,121.62,440.08,166.08,78.05,332.77,336.02,70.84,900,1133.52,66.64,482.97,337.15,284.66,26.99,2.185,19.11,330.38,229.38,86.85,521.71,200.76,70.92,66.76,247.6,80.35,177.09,132.35,57.29,174.12,251,163.75,117,569.95,95.41,115.57,29.19,136.6,84.36,86.89,45.02,53.23,132.69,132.72,68.5,387.11,44.68,47.64,47.7,117.73,458.08,229.03,93.61,153.59,265.61,269.95,399.4,103.25,60.05,124.28,87.58,61.73,156.03,69.6,183.64,101.36,80.34,206.56,42.83,137.55,31.33,26.63,234.54,9.22,309.95,63.11,26.04,33.87,57.66,102.02,173.485,97.97,31.79,75.18,67.77,68.83,264.06,74.41,17.46,4.87,7.7,156.47,202.02,353.41,18.52,499.22,82.31,891.22,903.99,607.49,72.77,242.42,109.43,260.96,27.28,14.72,160.59,518.54,65.31,362.42,11.55,306.96,58.69,76.87,867.34,448.42,251.14,57.07,85.65,652.71,1822.13,676.87,82.006,607.98,150.55,37.68,64.94,313.96,62.3,226.24,1402.81,115.46,54.68,182.57,133.37,187.32,420.26,148.94,34.75,270.82,457.23,165.34,91.83,113.41,197.38,107.79,47.72,6.87,45.7,672.77,10.29,96.44,168.5,302.63,103.68,39.54,196.11,15.43,191.85,198.35,129.7,12.37,213.73,106.83,64.64,213.57,85.21,64.21,72.01,78.76,79.93,10.2,267.15,178.34,92.71,24.17,56.87,67.8,56.51,166.97,10.61,53.83,125.53,124.37,17.37,103.71,82.04,61.69,158.38,27.22,143.11,203.47,957,20.12,207.62,39.89,142.17,142.76,156.24,220.07,104.17,7.34,112.16,39.34,301.74,163.33,103.73,587.42,49.81,21.52,134.47,640.47,105.33,7.04,125.17,204.32,9.44,60.44,265.95,162.45,11.22,746,103.05,88.33,262.13,19.45,100.54,16.92,16.89,82.93,120.03,224.72,221.97,319.34,200.64,39.2833,56.32,75.83,101.86,30.82,39.8278,60.01,35.2393,29.34,50.62,82.18,195.85,12.1,149.27,13.93,7.52,221.76,98.36,184.176,30.81,92.62,38.91,9.45,20.46,34.26,126.94,333.34,82.48,5.95,97.18,31.87,137,116.63,51.73,71.24,28.08,28.4,454.8,11.41,6.02,919.47,143.55,441.15,208.8,94.9,19.03,405.95,,201.35,436.79,21.31,74.26,531.45,701.66,95.31,95.79,195.75,41.57,531.81,41.2,58.7,75.17,338.38,60.56,74.05,26.4,54.49,1228.23,57.86,236.48,365.92,123.91,34.3,157.48,362.4,86.28,516,197.12,28.5,239.81,44.16,298.84,214.75,388.9,363.35,460.27,213.93,136.96,56.23,25.24,223.1,95.03,76.48,76.44,1039.13,120.55,316.4,251.07,105.06,55.27,777.49,18.43,55.48,89.8,125.84,27.37,20.93,315.1,234.42,389.18,223.71,160.93,127.79,98.9925,274.29,28.4,331.34,241.74,285.78,95.16,198.14,200.51,294.13,435.65,61.23,26.25,165.53,148.79,346.03,85.51,202.58,81.0833,82.63,29.3,46.78,27.39,361.69,116.43,214.51,81.25,224.08,70.86,124.82,144.72,19.31,135.46,81.05,102.36,51.75,118.83,56.58,52.03,170.33,152.02,81.43,43.81,46.35,146.61,117.63,151.98,167.82,18.25,57.45,222.12,84.5,404.04,68.67,17.42,134.33
2026-04-17,159.42,270.23,208.38,141.55,96.81,6.11,50.61,197.65,244.45,371.45,67.04,200.47,112.71,220.1,133.66,64.5,99.85,38.32,174.05,197.75,309.66,396.94,41.94,278.39,236.26,355.3,67.37,25.87,182.36,250.56,164.23,331.8,291.81,75.53,31.53,477.2,849.04,33.59,166.73,34.78,1459.8,85.53,164.66,186.54,109.15,5.27,191.42,406.54,402.85,331.69,82.56,223.38,141.01,53.91,207.86,126.13,177.35,192.01,59.78,37.57,1052.14,60.17,135.1,37.41,474.58,64.23,12.89,47.27,129.08,24.678,132.18,794.65,54.25,330.83,151.51,,88.71,120.66,20.38,311.03,296.21,236.62,278.64,66.48,507.43,19.37,85.81,9.94,29.63,287.65,627.18,43,206.47,345.02,206.33,116.04,87.19,19.85,999.89,160.69,117.05,182.14,12.56,105.9875,116.85,86.25,43.32,179.17,80.34,20.68,77.3,183.99,62.42,71.72,183.89,28.29,126.61,590.46,196.55,149.81,194.75,494.22,106.29,22.82,203.62,35.6,372.06,35.59,146.98,128.03,44.23,63.98,158.14,274.8,110.15,63.64,104.32,11.55,323.05,146.35,32.48,146.06,128.43,7.16,1088.62,69.25,406.21,115.52,82.37,2.99,80.99,43.19,90.19,48.25,152.33,47.02,145.36,68.22,12.87,45.78,70.21,262.83,392.38,50.1,26.62,48.5,1650.47,689.89,262.5,137.21,65.07,44.12,190.44,70.44,81.84,21.99,37.6,336.29,44.7,100.34,133.12,304.13,74.66,1002.75,54.75,137.64,124.79,445.93,164.38,81.32,339.4,341.68,72.37,925.95,1162.94,69.29,488,349.4,291.57,28.82,2.51,19.54,341.03,233.55,90.75,535.57,205.14,74.9,68.74,255.69,80.65,179.04,133.72,58.4,176.66,253.47,161.24,116.57,589.25,95.93,110.55,28.84,138.5,85.08,88.79,45.74,54.22,135.39,134.5,68.5,393.25,46.09,48.69,48.12,118.07,469.21,231.94,97.9,155.59,272.26,275.78,404.36,104.87,58.31,125.34,88.38,62.65,158.82,70.24,184.66,102.98,81.87,210.07,43.02,140.87,31.6,27.92,234.18,9.22,310.29,64.56,26.53,34.94,58.36,103.6,179.144,98.84,32.02,75.74,68.19,70.37,274.21,70.99,17.61,4.84,7.3,155.17,203.63,350.35,18.39,492.23,83.23,894.07,927.03,592.19,72.83,251.72,110.04,267.6,27.58,14.95,156.56,521.3,66.45,377.93,11.6,311.36,59.29,78.76,866.38,455.35,263.38,57.25,86.19,665.43,1855.83,688.55,83.184,622.02,154.55,38.36,64.17,322.75,60.99,213.69,1468.35,119.07,53.72,175.8,139.69,188.82,422.79,166.52,35.51,274.46,455.07,157.14,91.98,116.5,200.99,97.31,48.31,6.83,46.03,665.26,10.31,96.66,167.73,302.38,104.53,40.05,208.4,15.34,195.87,201.68,134.69,12.32,216.03,111.39,65.09,217.76,83.51,66.81,72.25,78.67,83.01,10,290.76,175.06,93.71,24.26,53.79,66.97,59.06,167.85,10.41,55.06,126.93,126.25,17.26,104.79,81.58,63.86,157.67,27.56,146.93,202.58,988.8,20.12,213.39,38.48,145.1,146.39,157.79,224.81,104.04,7.26,114.85,39.02,309.22,156.37,105.98,601.88,50.81,21.69,136.2,648.85,106.66,7.1,127.89,206.92,9.57,60.34,285.48,163.8,10.34,750.57,101.63,89.29,268.12,19.81,103.54,18.11,17.23,84.8,126.93,228.12,227.82,325.54,203.16,39.2593,58.07,76.7035,99.01,31.34,39.8191,61.15,35.9653,29.65,51.41,81.84,196.42,12.4,148.63,14.02,6.93,223.14,100,190.1147,31.05,92.28,38.3,9.57,21.52,37.02,131.15,345.55,82.64,5.35,100.98,33,139.71,117.17,52.66,73.63,25.97,28.56,464.16,12.65,6.03,920.99,143.98,449.58,214.32,94.51,19.43,415.71,,206.23,442.57,19.54,74.68,536.61,710.14,88.8,94.02,200.32,44.22,547.75,42.24,58.99,78.34,343.32,63.17,76.27,26.51,55.13,1265.88,59.38,246.14,380.38,127.84,35.33,160.68,365.35,87.07,526.6,197.67,29.08,235.5,45.29,300.81,226.45,400.62,370.5,476.11,212.04,140.11,59.81,26.08,229.82,101.8,77.12,79.51,1084.5,123.59,324.63,251.14,106.44,55.86,796.15,19.95,56.93,93.69,116.04,27.36,20.49,317.02,236.06,398.59,226.87,156.07,129.03,100.6975,278.45,29.01,337.72,223.65,291.71,96.68,199.05,199.7,307.34,441.2,62.85,25.92,163.46,150.84,350.53,85.1,204.24,82.32,83.75,28.98,46.55,27.47,372.52,115.87,210.52,81.41,223.95,71.15,127.5,152.38,20.64,138.67,81.08,107.25,51.88,119.1,55.02,52.43,173.51,154.35,82.46,44.48,46.16,148.8,120.41,146.44,159.69,18.1,59.27,225.02,86.95,414.67,71.26,17.98,134.68
2026-04-20,163.47,273.05,203.71,143.59,96,6.11,49.69,195.06,248.63,381.05,68.37,202.39,111.27,216.39,133.28,67.06,99.84,38.83,175.8,194.83,310.94,391.62,41.65,274.95,236.82,350.16,69.44,26.91,181.66,248.28,166.85,331.95,296.15,76.405,32.19,490.96,834.45,33.66,175.1,34.84,1476.5,81,164.06,186.23,106.49,5.22,197.23,399.63,403.75,329.87,78.76,225.08,140.17,53.95,218.27,127.75,183.34,192.03,59.17,37.42,1048.42,59.13,135.37,37.5,472.08,60.99,13.03,47.81,128.99,34.8,133.05,798.4,54.44,329.99,152.6,,87.56,123.62,19.78,318.5,287.56,244.69,279.92,67.05,503.27,19.29,83.53,9.73,29.73,287.45,636.61,42.7,205.71,347.51,211.63,116.45,86.25,19.87,997.84,174.53,118.56,186.27,11.94,108.2875,117.43,87.71,43.71,178.69,80.29,20.76,76.58,183.25,62.22,71.21,189.8,28.67,129.74,594.52,204.24,153.34,195.5,494.33,106.3,22.89,203.91,36.77,369.46,35.07,145.87,127.86,44.94,64.62,158.31,275.68,109.67,63.18,103.91,11.22,319.36,146.77,33.88,148.92,129.16,7.16,1103.97,68.51,407.57,113.66,81.67,2.86,81.44,42.99,89.33,48,150.09,46.4,146.95,67.95,12.87,45.56,70.18,263.84,393.76,49.45,26.8374,48.32,1680.09,700.01,258.13,144.03,64.75,45.56,192.49,70.22,82.6,22.12,37.66,332.14,44.92,99.13,131.56,303.6,74.15,990.18,58.76,135.87,124.55,442.09,165.38,80.54,335.4,337.42,72.83,941.74,1163.1,69.57,478.13,350.99,292.19,31.01,2.54,19.33,342.89,229.74,91.275,546.23,210.34,78.99,69.35,255.62,80.58,180.15,133.55,58.87,175.76,253.71,160.61,115.62,583.06,95.84,111.25,28.66,138.39,86.3,88.18,45.64,53.86,136.15,132.86,65.7,404.83,48.32,49.12,48.72,120.53,465.6,231.85,100.01,155.49,272.68,277.35,403.97,104.7,58.44,125.87,88.7,62.08,159.03,69.89,185.61,103.23,82.41,210.43,43.23,140.98,31.37,27.55,230.69,9.14,316.99,64.83,26.5,34.7,58.4,103.92,180.532,98.54,31.94,75.48,67.89,70.64,276.5,69.83,17.58,4.98,6.75,154.82,199.61,348.57,18.71,498.15,82.87,895.11,919.9,581.28,72.4,253.29,110.03,263.16,27.52,14.42,156.09,516.65,65.76,378.72,11.63,306.94,59.3,80.39,859.04,459.91,264.11,57.31,85,669.58,1870.08,670.91,82.886,627.35,151.4,38.615,64.61,318.1,66.23,214.12,1490.86,117.1,54.59,174.59,147.84,190.7,418.07,170.81,36.11,273.56,448.42,159.16,92.01,114.84,204.81,94.83,47.78,6.66,46.48,656.98,10.6,99.72,157.18,304.13,106.79,40.59,207.74,15.1,202.26,202.06,135.8,13.2,221.34,106.49,64.92,223.38,83.78,68.13,75.76,78.5,85.56,10.73,295.09,177.58,92.83,27.14,54.48,68,58.7,169.56,10.56,55.47,132.98,128.31,17.35,104.2,80.74,63.69,156.99,27.52,144.49,203.78,996.44,20.64,213.41,37.5,145.03,145.89,157.55,227.03,102.95,8.59,114.73,38.73,312.17,155.75,105.47,604.97,51.46,21.66,137.52,646.79,107.08,7.18,128.64,206.585,9.83,61.83,282.27,166.28,10.21,749.41,103.12,89.67,264.59,19.64,104.33,18.11,16.92,89.46,126.87,226.14,228.25,335.36,203.8,39.3918,58.27,77.03,99.24,31.27,40.0362,61.47,36.1211,29.64,51.82,81.12,195.79,12.18,146.23,14.32,6.7,220.41,98.95,186.6317,31.03,93.15,39.82,9.99,21.66,36.385,135.14,343.93,82.6,4.34,99.45,32.69,138.7,119.24,52.2,72.15,26.93,28.81,463.96,12.79,6,913.02,150.44,460.95,217.88,93.51,19.5,417.55,,207.56,442.74,18.15,74.31,536.76,708.72,88.42,93.38,209.35,44.46,539.75,42.7,59.46,78.58,338.34,65.13,76.26,26.18,55.55,1274.62,59.13,247.66,375.21,130.18,36.96,159.69,346.26,87.05,526.02,198.36,29.18,231.51,45.2,300.78,224.49,392.5,366.24,477.24,216.85,145.62,61.88,24.59,233.7,98.91,77.49,79.45,1081.57,124.14,323.48,252.18,107.11,56.05,812.27,22.58,57,93.27,121.32,27.32,21.51,313.94,237.48,397.52,226.67,156.45,129.51,101.1413,276.28,28.78,338.89,226.28,294.77,97.03,197.5,198.05,314.41,439.18,64.08,26.33,159.6,150.48,350.21,84.65,204.25,82.0967,83.48,29.33,46.44,27.42,374.11,115.14,209.45,81.97,224.18,70.91,127.92,149.21,20.5,137.79,80.32,109.4,52.23,118.75,55.07,52.63,173.9,154.56,82.39,44.64,45.75,147.42,119.87,147.68,161.11,17.8,59,228.37,87.97,423.65,73.89,18.15,134.8
2026-04-21,150.57,266.17,205.12,142.65,92.72,5.94,51.21,194.42,247.18,375.27,69.83,202.87,109.96,203.09,131.89,64.6,99.47,38.72,191.97,198.42,308.43,394.33,41.1,284.49,233.54,344.86,70.21,26.75,174.76,249.91,172.86,335.32,294.78,75.965,31.32,473.18,805.38,33.37,175.49,34.46,1458.97,80.01,158.95,182.93,100.45,5.16,210.07,402.17,404.92,329.79,74.97,219.16,135.38,53.48,220.91,123.49,185.95,190.86,60.25,38.94,1042.85,59.39,137.92,36.74,468.5,59.52,12.08,46.1,128.5,31.35,131.68,800.45,53.56,329.29,149.85,,84.92,116.61,18.44,325.84,277.7,241.95,276.69,68.04,505.93,18.04,81.81,9.13,29.05,284.4,638.99,42.25,202.5,343.79,195.95,120.26,81.47,20.77,1005.81,183.32,117.36,187.11,10.34,112.4025,115.16,89.7,43.37,176.26,80.35,20.29,77.36,185.98,61.09,70.22,182.45,29.21,129.29,587.3,212.36,162.2,194.54,491.36,104.29,22.99,201.27,38.31,369.2,34.93,143.47,125.67,45.6,62.6,147.71,270.84,108.19,62.25,101.63,10.78,328.11,144.83,33.62,146.99,132.43,7.03,1094.34,66.82,409.7,111.24,80.35,2.66,79.71,42.06,87.14,46.94,146.79,46.27,143.64,66.47,12.78,45.7,67.57,263.6,394.59,48.51,26.09,47.69,1674.16,695.52,247.5,142.04,64.31,46.1,186.61,72.37,85.26,21.86,37.11,325.52,43.46,92.99,122.48,286.73,72.26,991.3,59.245,133.29,122.11,429.57,165.45,79.05,330.47,332.29,71.59,926.55,1171.03,68.41,471.18,343.92,276.02,29.76,2.48,18.09,340.21,222.22,86.43,549.11,217.36,76.58,68.49,247.72,80.37,178.17,133.54,58.69,173.99,255.68,158.63,113.57,569.01,95.42,113.92,29.18,138.26,86.68,86.44,46.36,52.29,135.08,131.98,66.26,404.85,46.28,48.12,45.17,117.83,451.29,223.09,100.16,154.45,271.05,274.51,401.32,103.97,59.25,125.29,88,61.44,156.79,69.03,183.19,101.45,82.13,209.44,43.04,139.72,30.52,26.75,226.16,8.97,313,64.15,26.44,32.06,58.38,104.45,178.537,96.6,31.57,74.7,68.81,69.63,272.66,68.55,17.3,4.74,7.11,153.2,191.55,340.3,18.5,494.84,83.03,836.92,903.02,571.95,71.14,251.19,109.61,258.37,27.82,14.75,153.37,511.35,65.31,375.45,11.23,301.84,58.16,80.93,842.25,459.59,261.43,56.13,82,665.62,1854.18,668.84,82.37,614.49,148.47,37.635,64.65,307.86,65.76,220.35,1527.95,112.56,54.23,179,151.31,189.31,424.16,163.97,35.93,271.59,449.38,156.55,90.6,109.3,207.67,92.58,46.93,6.43,46.39,611.13,10.4,100.14,149.86,302.22,111.8,41.07,205.42,15.05,208.06,199.88,137,15.33,224.5,108.05,64,224.42,84.69,62.61,77.64,78.07,86.91,10.87,290.11,181.17,93.81,27.61,56.33,69.17,55.61,174.96,10.78,55.24,130.44,126.18,16.98,98.99,78.56,62.5,154.92,27.31,142.32,207.5,972.69,20.62,210.53,38.03,141.92,145.97,153.25,228.05,100.98,10.25,110.92,38.21,308.33,159.38,105.89,605.89,50.88,20.36,135.56,644.33,106.79,6.98,128.03,205.46,9.41,61.26,271.47,156.82,10.31,747.36,100.6,87.96,252.91,18.25,102.16,17.41,17.15,86.64,130.45,221.22,225.59,335.99,202.55,38.84,57.69,76.86,100.89,31.01,39.84,60.885,35.445,29.385,52.12,79.72,187.17,11.78,148.9,14.46,7.21,213.1,97.8,179.5582,30.98,91.97,40.57,9.74,21.22,38.98,131.13,334.61,82.48,3.75,94.19,30.55,142.45,120.34,52.77,68.49,28.08,28.43,464.66,11.67,5.64,903.49,150.84,467.58,215.19,91.92,18.83,420.7,,204.76,444.67,18.74,73.49,522.44,704.08,87.22,93.15,220.21,44.3,559.9,41.22,59.94,77.63,327.3,62.96,74.79,25.88,54.68,1205.67,56.71,243.18,379.93,132.1,36.28,159.25,329.74,86.57,524.57,195.39,28.67,232.65,44.68,301.42,216.72,386.42,368.08,479.12,217.65,145.3,62.61,22.97,233.15,97.13,77.26,77.55,1027.44,123.04,346.01,251.25,106.31,53.74,806.22,22.85,56.84,91.7,128.25,27.47,20.52,309.94,234.11,394.44,225.51,158.69,128.67,101.02,273.33,28.42,334.65,233.39,290.72,95.31,195.08,194.44,312.44,436.59,62.53,26.91,154.91,148.76,347.84,82.11,202.97,81.5,81.88,29.89,46.27,27.31,383.81,113.58,206.39,81.55,223.42,70.43,129.6,141.81,19.77,136.39,79.08,108.8,51.77,117.16,55.87,52.3,171.44,154.69,81.84,43.78,44.95,145.92,118.97,148.36,165,17.21,57.86,227.61,87.2,430.75,71.75,17.81,139.61
2026-04-22,149.42,273.17,200.5,144.18,91.7,6.06,54.53,190.1,255.94,381.42,69.43,201.69,109.24,204.07,131.62,66.58,99.61,39.58,194.06,194.22,310.58,403.48,40.27,303.46,230.46,345.92,72.25,27.54,176.31,255.36,177.73,326.86,296.76,74.065,32.43,483.71,793.22,33.76,196.57,35.05,1443.66,84.66,153.3,182.49,98.87,5.17,210.1,422.65,403.15,332.9,86.94,231.28,136.42,53.12,229.75,123.29,190.07,179.4,62.54,40.66,1062.47,58.8,135.88,37.37,465.4,64.87,12.58,47.17,129.73,33,129.73,808.87,53.78,325.43,153.52,,86.01,126.47,19.33,331.61,287.16,242.49,274.7,68.91,498.97,19.44,82.35,9.5,29.37,285.71,639.22,42.12,199.43,350.47,206.24,122.6,84.9,21.19,1003.7,189.49,116.09,189.8,11.86,116.67,122.54,89.8,43.18,174.66,79.35,20.37,76.43,186.32,60.95,68.41,182.27,29.51,132.14,579.99,214.65,161.18,184.04,494.76,104.82,22.47,200.86,38.81,365.93,37.3,143.57,125.25,47.12,63.41,147.76,268.93,108.13,63.38,101.97,11.05,328.2,142.77,35.36,147.93,133.01,7.34,1102.28,67.05,413.87,110.47,79.64,2.69,81.53,42.32,87.76,47.15,155.8,45.86,141.29,66.56,12.63,44.81,70.36,265.41,385.95,48.43,26.6,47.84,1724.49,690.06,247.34,146.18,65.56,46.81,188.71,72.23,87.09,21.84,36.97,320.74,43.16,94.48,125.73,276.29,71.38,1127.56,60.39,132.9,121.65,435.26,168.76,79,337.73,339.32,71.62,934.84,1154.18,68.4,471.34,339.5,268.57,29.01,2.6,18.96,333.67,219.97,88.43,549.75,217.4,80.74,67.34,240.88,80.5,179.17,132.22,58.36,174.36,251.86,158.82,113.54,578.35,95.52,115.895,29.91,141.43,88.74,86.86,46.59,53.3,135.62,130.5,65.27,408.68,47.36,48.71,48.39,117.23,483.62,219.15,99.77,155.91,267.09,276.48,404.99,103.7,59.95,124.91,87.96,61.7,156.57,69.41,184.3679,100.63,80.22,214.13,42.99,139.81,30.61,25.88,226.1,9.14,313.02,63.77,26.54,32.59,57.92,105.92,181.206,96.75,31.81,74.63,68.07,69.25,275.94,68.61,17.31,4.98,6.91,150.71,217.08,331.66,18.65,494.62,84.77,873.6,921.48,555.43,70.96,245.19,109.82,265.55,29.94,14.44,154.63,510.16,66.44,367.13,11.84,300.07,58.3,82.48,829.23,466.72,269.54,56.06,83.22,663.09,1860.98,674.72,84.04,610.64,145.78,37.975,65.18,297.45,69.19,222.07,1522.04,112.89,55.6,175.5,157.32,191.05,432.92,179.36,36.53,275.99,487.48,156.14,90,111.85,207.56,93.24,46.85,6.48,45.68,589.62,9.86,103.07,149.6,298.33,111.02,41.46,207.78,14.85,214.26,202.5,140.13,18.47,225.75,116.19,63.34,219.98,86.06,72.41,78.7,78.11,88.99,11.06,297.34,187.5,93.92,27.76,57.05,69.36,56.46,181.2,10.89,55.13,130.43,125.27,16.88,100.05,78.51,61.68,153.79,26.8,142.85,202.71,954.43,20.62,205.24,39.47,141.42,152.62,163.95,225.06,100.8,12.77,111.67,37.78,304.81,160.65,105.55,613.78,51.22,21.24,136.07,655.11,107.92,7.31,130.25,207.17,9.86,59.64,265.64,164.31,11.93,746.58,103.8,86.28,251.54,18.38,100.2,18.48,17.74,90.04,131.55,222.04,226.34,350.87,202.46,39.1,57.09,76.79,102.67,31.08,39.7198,60.539,35.1487,29.36,52.67,79.49,180.91,12.71,141.5,14.63,7.24,211.86,99.52,183.6477,31.01,91.71,42.6,9.82,21.17,40.8,131.96,335.15,82.52,4.055,97.13,31.52,141.95,122.1,54.35,70.37,29.06,29.18,476.83,13.57,5.84,979.07,155.57,477.26,223.29,91.87,19.06,431.77,,201.68,449.06,18.27,73.15,522.88,711.21,86.95,92.38,227.46,44.86,579.88,39.69,61.77,78.69,329.35,63.22,75.53,25.98,57.03,1187.75,59.26,221.04,385.18,130.6,38.31,158.47,339.32,86.74,513.98,188.92,29.46,236.73,44.52,301.68,206.1,387.51,387.44,477.19,218.19,150.45,63.2,22.83,236.31,91.71,75.58,78.23,1004.73,122.68,353.52,249.4,105.3,57.73,802.79,25.41,56.6,92.26,129.4,27.48,22.63,311.29,235.18,395,226.28,160.75,128.43,103.03,274.07,28.2,334.1,234.36,290.11,94.52,196.86,194.34,305.14,437.67,63.08,26.94,155.79,150.1,351.22,80.1,202.87,83.02,82.59,29.55,45.98,27.33,389.1,113.38,199.7,80.58,223.93,71.1,129.98,144.72,20.55,137.31,78.11,108.81,51.83,117.88,56.54,52.21,171.04,158.09,82.11,43.46,44.87,146.38,118.93,149.5,168.26,16.97,57.91,221.12,87.11,440.83,72.5,18.16,142.66
2026-04-23,137.73,273.43,200.95,141.87,92.48,5.77,53.99,178.28,238.98,403.88,70.03,198.53,112.05,198.96,135.08,62.98,99.45,38.8,197.54,193.14,313.79,403.91,39.64,305.33,235,348.62,72.91,27.76,179.01,255.08,172.55,323.56,303.65,75.09,36.35,454.17,787.95,33.12,204.61,34.91,1417.8,78.75,154.05,187.81,96.76,4.82,201.91,419.94,392.64,318.55,75.27,234.15,131.7,52.47,237.57,121.53,187.88,176.75,64.49,38.44,1053.47,59.02,135.42,36.66,470.55,65.69,12.16,47.2,122.33,28.503,128.51,835.24,55.25,332.88,149.31,,87.52,123.85,18.86,314.33,292.77,241.78,279.72,66.59,515.85,18.69,83.72,9.09,31.64,285.47,656.93,43.18,196.63,337.68,197.93,124.37,82.46,20.81,1014.38,185.54,117.16,173.3,10.64,111.3475,117.42,88.59,46.18,177.62,79.63,20.21,78.86,187.6,62.52,68.37,177,29.89,127.86,591.95,212.14,164.22,178.57,493,103.65,22.17,200,38.53,372.39,36.36,147.4,128.04,48.15,62.7,143.85,271.45,110.25,62.35,101.24,10.37,346.29,142.44,36.16,149.33,133.87,6.93,1115.29,68.77,424.5,113.92,81.89,2.47,79.72,41.92,87.07,46.8,150.59,46.75,142.66,65.96,12.48,45.45,61.48,259.97,392.69,49.62,25.57,45.74,1773.91,689.46,244.04,148.37,64.53,43.97,196.19,72.44,82.76,22.08,36.49,318.71,43.25,92.19,122,282.34,69.89,1149.53,61.54,133.64,120.87,431.04,169.5,78.52,337.75,338.89,67.86,931.3,1164.91,66.59,474.03,340.16,268.74,28.15,2.54,18.43,334.28,214.34,83.54,557.85,214.95,78.77,68.62,246.16,80.37,176.29,133.43,58.68,171.53,231.08,157.48,116.72,560.93,95.37,116.72,30.5,139.39,83.57,86.87,46.87,53.01,135.57,125.44,66.78,383.3,43.63,46.76,52.02,116.12,478.82,219.11,100.83,155.24,273.13,275.52,403.33,102.94,60.37,124.19,87.2,61.44,157.69,70.7,183.18,101.66,81.6,211.56,43.25,141.73,29.98,25.72,230.65,8.49,311.69,64.33,28.53,32.12,58.26,101.64,181.543,97.93,31.73,76.28,69.1,70,268.04,65.52,17.49,4.72,6.27,147.6,219.58,330.22,18.65,508.06,82.15,846.89,917.65,529.79,72.63,246.54,109.52,258.56,27.56,14.03,153.21,502.38,65.33,368.24,11.8,302.53,57.27,90.64,836.1,452.35,258.11,57.71,83.79,663.01,1809.2,659.15,82.87,618.89,144.84,38.78,67.15,306,63.32,221.1,1592.17,114.62,52.85,174.01,165.56,188.65,415.75,172.47,35.66,275.88,481.72,157.08,96.25,111.06,205,92.82,48.29,6.28,44.78,587.66,10.33,84.78,154.53,321.44,108.4,39.15,201.14,14.46,212.95,199.64,142.76,18.51,241.16,124.36,64.08,222.78,87.21,76.46,76.04,76.82,97.78,10.54,292.31,176.28,93.24,26.41,57.83,69.98,55.12,173.21,10.09,56.35,125.5,126.97,16.83,97.77,80.16,60.76,155.7,26.67,145.71,205.33,973.88,19.79,215.02,38.29,142.34,141.57,169.19,225.09,103.45,11.72,110.29,38.54,310.82,159.53,102.62,633.44,49.75,19.31,133.95,651.42,107.79,7.41,129.75,205.89,9.05,55.45,260.43,152.96,10.04,766.02,98.24,88.21,251.25,16.86,100.59,18.21,16.95,84.6,138.5,219.51,226.92,344.55,202.45,38.7869,56.408,75.93,103.61,30.77,39.69,61.44,35.5013,29.75,52,81.34,179.3,12.96,134.48,13.92,6.81,219.6,99.54,178.3058,31.42,88.92,47.36,9.32,21.39,42.65,124.23,337.66,82.48,3.71,94.19,30.66,142,117.04,54.74,68.38,29.29,26.75,481.85,12.72,5.57,932.43,146.4,456.85,222.83,93.91,18.32,441,,203.66,439.03,17.54,74.25,515.94,708.45,85.45,93.91,225.05,49.71,587.62,40.52,61.55,76.62,329.65,62.51,75.81,26.61,58.6,1165.76,60.75,217.73,400.99,130.17,36.92,158.35,345.25,86.55,466.7,194.07,27.92,239.91,44.91,307.33,201.27,373.72,382.66,485.53,209.9,141.59,58.85,21.42,282.23,91.25,74.7,78.24,1037.87,123.62,354.56,271.26,107.72,56.47,986.78,23.09,56.63,92.83,134.72,27.53,21.91,308.88,234.18,390.81,229.51,162.04,127.44,101.57,273.01,28.51,338.9,233.83,292.71,95.49,195.32,199.69,321.75,435.1,62.58,27.33,156.85,149.15,349.8,82.93,204.1,82.04,81.72,29.5,47.22,26.9,403.12,115.57,208.24,80.51,232.8,71.65,132.03,141.55,20.37,134.49,79.48,109.44,51.81,117.39,56.98,51.8,174.07,155.84,83.48,43.96,46.09,146.24,117.74,150.53,169.56,15.9,57.2,224.76,85.9,450.99,69.93,17.09,132.97
2026-04-24,162.17,271.06,198.71,142.82,91.13,5.7,56.1,178.36,245.44,399.57,69.23,196.53,111.12,200.23,134.73,63.72,99.59,39.55,212.84,188.33,305.54,417.04,38.95,347.81,232.95,344.55,78.1,27.92,178.21,263.99,176.91,321.14,301.76,74.855,34.98,448.29,780.25,32.97,234.81,34.89,1457.7,76.4,154.26,185.45,99.3,4.91,196.28,422.76,397.12,314.08,76.16,232.44,135.82,52.05,231.17,128.71,184.38,180.25,68.94,33.83,1044.97,58.71,134.05,37.36,469.32,62.07,12.06,48.16,121.65,26.202,127.98,830.79,54.38,326.12,148.29,,86.34,122.15,19.31,332.89,313.53,180.13,275.64,67.24,520.8,18.2,84.65,9.76,27.56,285.06,660.75,42.47,191.39,336.09,199.77,121.76,82.37,20.88,1011.15,195.04,118,178.16,11.51,112.0325,110.14,89.01,45.41,175.9,79.8,20.06,77.94,185.21,62.58,68.45,176.78,29.86,129.48,562.64,216.09,159.9,177.25,492.21,102.6,23.18,200,38.66,367.83,37.2,146.88,127.27,47.94,61.57,138.67,269.49,109.06,63.74,101.77,10.21,344.76,141.35,35.77,155.98,133.13,7.67,1108.76,68.64,423.92,113.64,81.23,2.37,84.15,42.35,87.32,46.99,154.57,46.92,142.09,66.51,12.38,44.69,61.05,263.15,387.98,49.41,25.82,45.73,1726.12,720.19,242.33,155.08,62.85,45.25,193.76,74.76,84.34,21.43,36.86,313.21,45.08,94.34,123.75,284.6,68.83,1149.19,61.79,130.4,121.48,433.25,175.89,78.05,342.32,344.4,67.76,926.91,1147.99,65.36,432.46,335.89,264.04,30.56,2.52,18.8,335.63,213.17,84.71,553.07,215.23,76.87,66.83,242.44,80.48,176.55,131.84,57.48,169.78,231.98,158.45,116.84,565.93,95.56,116.06,31.46,142.74,85.2,86.02,46.64,52.81,136.3,127.88,82.54,395.95,42.69,46.94,50.64,116.03,482.22,215.8,99.5,156.34,269.29,276.65,406.24,103.28,60.31,123.31,86.71,60.66,156.49,70.64,184.45,101.41,81.35,217.17,42.05,141.92,30.27,26,227.5,8.5,308.28,63.5,29.22,32.79,57.73,101.83,193.5,97.85,31.74,76.63,67.23,68.89,272.52,61.26,17.49,4.64,6.25,146.06,205.63,317.51,18.13,510.3,83.79,881.64,883.96,513.45,72.31,244.45,109.6,267.78,25.53,14.24,156.64,504.17,66.57,367.15,11.64,299.36,57.81,89.44,828.11,456.05,253.59,57.61,83.32,664.47,1835.22,675.03,84.26,615.3,145.99,39.115,66.88,312.91,60.73,224.14,1632.06,111.9,50.73,170.1,164.31,188.07,424.62,171.02,36.75,280.9,496.72,147.16,95.28,120.7,207.07,92.44,47.99,6.21,44.69,575.11,10.46,90.17,159.81,319.71,108.71,40.56,203.75,14.51,214.29,208.27,142.17,17.28,244.04,121.41,63.33,219.98,87.5,71,75.98,75.74,98.4,10.55,307.86,173.28,93.13,28.22,57.12,71.43,55.99,178.54,10.37,56.1,123.72,127,16.61,98.03,80.74,61.0472,155.44,27,148.18,200.89,974.47,19.92,212.87,35.44,142.1,143.09,164.2,219.86,102.3,15.1,109.8,38.75,308.29,162.85,100,624.84,50.48,18.49,148.85,663.88,108.84,7.22,132.79,207.4,8.94,56.09,265.84,154.89,9.68,751.57,98.56,88.25,252.36,16.61,102.21,18.61,16.52,79.68,158.4,219.85,226.37,351.68,202.03,37.9738,56.2728,75.4148,103.93,30.535,39.53,60.93,35.34,29.65,53.08,81.28,174.26,12.74,135.3,14.24,6.17,219.47,98.67,176.5252,31.2,88.5,45.83,9.22,21.02,42.19,125.83,337.7,82.57,3.42,94.87,30.9,153.46,118.54,56.15,68.79,28.78,29.08,506.44,11.96,5.65,989.9,140.32,500.82,227.71,93.49,18.44,461.6,,201.16,436.79,16.51,73.76,518,713.94,88.79,93.2,226.79,50.47,586.25,39.96,63.65,76.3,327.51,59.39,76.56,26.2,58.32,1148.18,60.17,214.67,418.08,129.26,36.62,157.03,364.32,86.71,469.71,189.8,29.04,240.69,44.44,302.73,200.54,376.3,402.46,486.42,210.75,143.79,60.94,22.08,277.14,93,74.64,83.01,1033.33,122.22,354.92,268.7,107.02,55.31,974.41,21.86,55.58,93.2,132.4,27.48,20.32,309.42,236.06,394.65,229.06,161.72,126.63,104.16,269.89,28.42,336.01,235.85,292.07,95.3,194.94,199.84,323.46,430.29,61.99,28.19,164.35,150.34,352.05,83.62,203.53,83.25,82.49,29.79,46.38,27.07,404,114.6,208.75,79.42,229.53,72.18,129.92,139.44,20.01,133.28,79.15,108.45,51.92,115.54,56.87,51.42,172.47,160.22,83.23,43.83,46.18,144.18,118.69,148.91,168.05,16.66,57.4,223.68,85.79,478.99,71.63,17.53,135.5
2026-04-27,145.78,267.61,197.38,141.06,92.8,5.9,53.23,176.97,239.31,392.59,70.54,197.23,111.91,198.13,135.07,65.13,99.44,39.61,196.64,199.53,308.51,404.86,39.05,334.63,232.97,340.18,75.62,27.91,175.3,261.12,172.47,323.78,302.38,74.32,33.67,460.29,783.74,33.24,215.88,34.72,1432.44,77.2,153.45,185.62,98.23,5.01,195.74,418.2,402.59,318.84,70.15,231.33,132.52,52.63,234.68,128.01,180.67,177.52,68.38,33.21,1056.86,57.78,134.47,38.49,472.81,59.95,11.51,48.57,120.37,27.282,129.14,828.79,55.62,324.6,146.22,,83.44,123.11,18.88,336.54,315.17,174.61,282.58,67.55,506.34,18.16,84.17,10.61,27.51,281.94,660.78,42.89,194.11,321.53,196.68,121.68,81.7,21.1,998.01,180.5,116.67,180.18,14.45,113.6525,112.06,88.26,45.46,174.04,79.42,20.34,78.36,184.78,62.5,68.2,174.06,30.09,132.66,567.69,215.97,159.33,180.62,491.83,102.35,23.53,196.34,38.1,335.3,38.57,146.5,127.09,48.2,61.41,134.13,267.88,108.83,63.64,101.38,10.04,356.13,141.47,35.24,156.44,133.22,7.16,1089.85,68.72,416.77,113.44,81.59,2.38,83.46,42.12,87.68,46.61,156.73,46.59,139.54,66.15,12.49,45.28,60.57,262.65,387.89,49.44,25.61,45.6,1794.04,684.76,241.01,143.93,63.86,46.18,197.48,75.12,85.67,21.92,36.45,312.53,43.99,92.59,121.48,284.56,70.48,1120.23,60.35,127.75,122.07,429.89,168.01,77.96,348.52,350.34,68.33,937.81,1158.08,64.49,445.77,332.3,266.12,29.39,2.45,18.62,332.45,212.05,83.95,555.34,223.62,75.71,67.64,241.7,80.51,177.64,132.01,58.23,169.02,228.05,156.95,116.67,574.95,95.34,116.65,31.59,142.8,85.43,85.58,47.13,52.72,136.56,128.52,84.99,389.92,43.84,46.99,48.36,112.75,470.99,216.04,99.36,156.55,269.74,277.14,406.77,102.54,60.26,124.11,87.39,60.33,156.63,70.11,184.22,100.83,81.6,218.42,41.43,143.38,29.75,25.53,225.34,9.04,311.63,64.38,28.15,32.14,57.79,100.7,190,98.25,30.95,75.44,65.9,70.07,272.75,63.16,17.53,5.25,5.93,144.24,221.98,320.46,17.95,510.75,84.95,859.68,868.27,513.35,72.42,242.55,109.29,259.47,26.2,14.49,156.49,506.43,67.08,360.67,11.18,290.21,57.12,86.84,828.32,460.74,264.38,57.42,82.92,664.8,1839.28,678.62,84.45,609.75,145.77,38.43,66,307.83,64.92,227.21,1587.57,110.23,48.7,170.15,158.21,190.18,424.82,169.2,36.92,280.75,524.56,144.96,94.83,116.08,212.36,91.37,48.22,6.23,45.14,575.28,10.76,90.45,160.15,318.89,108.44,40.76,204.39,14.64,215,216.61,141.71,18.3,236.87,122.58,62.75,220.53,87.75,75.93,76.14,76.01,98.04,10.95,298.28,172.96,91.97,26.92,57.27,73.97,55.23,182.9,10.46,56.27,123.91,127.2,16.39,98.47,80.21,60.95,154.1,26.79,148.4,201.98,974.34,20.33,212.54,35.45,140.02,143.1,160.9,221.33,102.4,7.95,110.3,38.74,305.48,164.1,98.51,637.28,49.77,18.8,150.26,664.23,108.28,7.06,131.89,207.19,9.1,57.52,258.87,160.21,9.33,744.44,100.95,88.19,246.06,16.91,101.87,18.28,16.72,82.29,141.31,222.02,226.17,360.86,201.79,37.8996,55.76,75.807,103.91,30.5711,39.52,61.11,35.1303,29.34,52.77,81.296,173.38,13.03,131.67,14.63,6.265,215,97.89,174.2652,31.13,90.76,47.38,9.89,21.33,42.27,124.23,336.1,82.55,3.35,93.7,30.63,147.54,119.23,55.23,68.33,29.1,27.85,506.26,12.65,6.06,1070.2,144.25,498.54,225.72,93.77,18.76,455.41,,201.29,437.22,16.41,73.6,495.82,715.17,91.29,92.46,225.04,50.56,595.86,40.04,62.12,76.75,329.01,59.52,75.36,25.52,58.69,1158.36,60.22,209.52,402,129.72,35.38,157.48,369.67,86.28,468.04,182.75,28.65,241.29,45.08,303.74,203.33,378.67,404.98,485.9,213.77,142.59,61,22.28,269.5,91.9,76.27,81.09,1009.43,124.16,354.69,268.91,108.24,56.7,959.85,23.51,55.97,91,134.72,27.45,21.32,309.65,235.42,391.9,226.73,161.89,127.53,104.32,268.78,28.44,336.15,238.25,291.32,94.78,195.79,200.11,322.43,426.01,58.66,27.77,166.58,150.32,352.53,84.7,203.46,83.49,82.34,28.89,47.1,26.82,400.73,115.12,210,80.56,226.2,71.61,127.59,136.51,21.43,133.04,79.41,108.39,51.78,115.81,56.77,51.81,172.51,160.57,82.34,43.49,46.19,143.46,117.84,148.19,169.48,16.56,57.9,220,85.25,464.58,71.28,18.09,134.11
2026-04-28,137.26,270.71,197.69,139.04,93.86,5.84,49.53,177.75,243.2,383.26,72.8,199.17,112.2,189.23,135.59,63.16,99.4,38.59,183.31,186.9,302.11,381.11,38.54,323.21,228.95,339.57,71.36,27.74,178.4,259.7,165.29,321.68,303.35,71.86,32.11,449.03,775.03,32.69,198.65,34.63,1384.56,71.88,151.7,187.13,93.95,4.95,192.34,399.83,406.31,315.9,68.71,230.72,130.85,52.66,226.37,125.76,183.38,173.38,67.67,31.22,1049.76,58.26,133.54,37.66,478.16,58.45,11.3,47.49,121.52,25.788,128.53,817.87,55.73,330.34,146.93,,86.17,116.31,17.85,325.31,305.71,173.11,284.92,67.15,473.69,17.26,85.67,10.22,27.64,284.53,642.45,43.13,192.1,303.97,194.1,124.32,78.69,20.02,994,165.92,114.44,181.32,11.86,113.7475,105.53,86.86,45.23,174.22,78.94,20.49,80.98,188.36,62.89,67.22,171.97,30.34,131.55,563.86,205.93,156.41,178.98,491.42,101.47,23.4,194.58,38.01,340.46,37.33,148.58,127.8,49.48,59.32,129.14,266.96,109.62,62.99,100.96,9.86,362.74,138.42,34.3,144.72,135.78,6.81,1076.4,68.58,413.07,113.16,81.92,2.35,82.28,41.89,87.56,46.55,154.37,47.04,141.02,65.81,12.4,44.68,58.21,260.08,390.21,49.58,25.45,46.3,1719.21,637.74,232.43,134.18,63.15,45.5,195.86,75.45,85.72,21.73,36.25,313.68,41.81,88.54,116.73,289.2,68.5,1088.93,59.49,129.26,119.63,421.91,153.05,78.95,347.5,349.78,67.89,926.55,1160.14,63.86,431.92,329.06,263.88,27.91,2.3,17.84,323.36,212.93,82.07,544.71,229.72,72.11,67.41,240.43,80.4,177.23,133.31,58.36,167.81,233.04,156.3,116.87,568.3,95.25,118.38,31.67,140.27,85,85.74,47.67,52.02,135.79,126.92,84.52,400.38,43.08,46.915,44.44,112.62,466.64,216.21,97.92,155.72,268.47,273.91,404.36,101.67,61.22,124.34,87.49,60.39,155.41,71.17,181.76,101.74,80.89,215.31,40.81,141.59,29.73,25.28,227.79,8.93,311.45,64.61,28.79,30.52,58.08,101.4,180.897,98.44,31.79,78.35,66.93,70.37,269.27,61.66,17.54,4.92,5.87,146.15,205.59,324.88,17.78,510.29,83.77,791.37,874,512.29,72.46,240.32,109.34,251.23,24.58,14.22,154.75,507.62,66.86,358.33,11.02,292.39,56.76,84.26,835,457.99,258.2,58.54,81.9,658.14,1791.99,671.34,83.72,614.04,146.03,38.595,67.8,306.3,61.7,232.59,1504.08,110.03,47.14,170.82,153.23,190.36,429.25,165.71,37.015,276.21,504.29,135.51,96.51,109.9,208.5,92.27,48.5,6.36,45.03,577.82,11.3,90.49,154.81,316.71,108.28,41.3,200.17,14.5,225.11,213.17,138.3,15.12,230.39,116.54,63.55,221.77,89.79,69.09,76.2,76.88,93.3,10.48,282.39,165.96,91.57,26.13,58.61,70.93,52.39,180.99,10.56,55.73,124.82,119.61,16.26,97.29,80.66,60.34,156.29,26.48,149.17,203.03,962.26,19.88,222.59,35.03,141.53,141.18,165.89,220.89,103.12,8.03,107.68,38.99,297.14,165.13,101.21,630.94,49.64,18.11,150,657.55,107.11,6.97,128.98,205.91,8.57,56.11,255.89,147.93,9.04,731.77,97.91,89.59,236.92,16.39,103.76,16.57,16.14,78.59,111.27,217.14,225.52,362.42,200.76,37.8398,55.23,75.9238,105.495,30.35,39.358,60.45,35.4991,29.57,51.69,81.3453,175.68,12.97,144.83,14.65,6.15,217.59,97.28,166.8004,31.31,90.83,44.29,9.43,21.61,43.98,122.05,324.27,82.5,3.08,89.22,29.19,149.18,117.87,55.65,66.2,29.28,27.25,491.21,11.82,5.95,1002.35,142.56,483.89,223.35,94.41,18.36,438.71,,202.75,433.47,15.95,74.1,434.2,711.69,89.42,92.9,226.96,49.81,579.03,40.56,60.98,76.25,321.43,57.08,73.37,26.06,57.62,1154.06,57.81,204.3,380.13,127.14,34.58,157.2,361.17,86.37,470.22,186.72,28.99,248.37,45.5,310.02,193.55,376.02,392.34,480.75,213.01,142.16,59.15,21.37,265,90.41,74.11,78.25,964.26,125.35,366.77,267.74,103.94,54.23,962.72,22.77,56.21,90.38,139.6,27.53,20.59,309.3,232.37,389.11,228.33,164.43,127.73,102.67,268.82,28.65,332.88,240.27,291.46,95.65,194.98,200.26,305.03,430.14,58.06,26.74,161.12,149.46,350.63,87.57,203.5,82.77,81.89,28.33,47.24,26.95,390.99,115.78,214.23,81.5,227.35,73.04,127.59,129.43,20.8,131.16,79.48,106.92,51.4,115.75,57.71,51.85,170.98,157.85,83.08,43.91,46.25,143.84,117.01,150.56,171.65,16.15,57.3464,222.01,84.5,444.03,69.54,17.77,136.07
2026-04-29,152.83,270.17,203.89,140.28,91.33,5.6,48.65,180.26,243.57,389.31,74.27,215.06,111.29,183.56,134.44,63.48,98.96,38.75,196.85,190.88,301.19,382.59,37.35,337.11,227.87,338.02,70.605,27.29,178.19,263.04,168.68,322.49,302.5,74.19,32.685,443.43,776.02,31.73,201.69,34.77,1394.08,69.85,146.23,185.71,90.47,5.09,183.5,405.45,400.54,315.65,71.07,224.11,130.43,52.88,287.97,121.01,194.38,173.98,68.81,31.66,1039.38,57.59,132.27,37.33,475.38,57.15,10.83,48.15,119.83,24.459,127.61,810.05,54.8,325.75,142.51,,85.87,114.29,17.33,329.95,297,158.65,292.32,67.87,475.39,16.92,84.49,10.25,26.76,287.27,638.95,42.82,190.84,304.93,181.73,128.25,77.73,19.56,998.67,175.77,113.44,181.22,11.38,113.095,114.19,89.57,44.68,173.95,79.37,20.24,83.9,192.22,62.5,66.27,169.33,31.08,133.98,560.02,205.66,151.65,178.8,488.67,101.3,23.14,194.56,39.55,332.31,38.23,147.03,126.51,51.08,57.56,147.8,256.61,108.88,62.69,99.93,9.28,376.63,136.56,31.19,149.37,139.12,6.34,1089.07,68.72,410.77,114.67,81.33,2.24,81.22,41.34,86.81,45.99,153.96,47.02,140.53,65.16,12.24,43.71,56.93,262.29,388.59,48.94,24.87,46.22,1724.14,643.46,228.51,135.53,62.94,46.27,190.61,76.99,86.11,21.39,36.34,338.73,41.54,86.22,113.52,283.57,59.485,1063.11,62.74,128.84,116.96,417.41,151.9,76.62,347.31,349.94,70.97,905.6,1144.81,63.06,434.78,322.81,260.99,26.33,2.22,17.47,314.5,210.3,71.2,545.93,243.12,71,66.63,236.52,80.13,174.63,131.43,57.76,165.38,227.1,156.19,115.53,553.66,94.8,122.29,31.98,141.34,84.5,84.82,48.43,50.33,134.73,120.37,94.75,395.08,42.11,46.89,42.86,114.52,453.83,213.14,95.11,155.62,265.67,272.08,404,101.52,62.58,123.17,87.58,59.98,155.63,70.96,179.06,100.9,79.99,215.94,40.89,141.35,29.7,24.93,227.35,8.7,309.25,63.61,28.93,29.86,57.22,99.32,181.621,96.1,31.84,78.87,67.1,69.03,259.95,59.56,17.23,4.95,5.76,145.91,191.98,321.4,17.75,504.71,85.07,858.32,851.21,509.81,72,233.5,108.73,248.75,24.79,14.34,153.13,525.23,66.58,353.95,10.72,290.08,56.83,90.17,822.63,460.11,258.29,61.04,79.37,653.32,1767.02,669.12,83.65,612.85,143.87,38.445,68.2,302.02,61.3,241.81,1526.84,110.95,45.72,170.83,156.57,187.08,424.46,158.19,36.97,277.71,518.46,141.19,94.17,107.61,211.97,92.12,48.18,6.39,44.39,572.41,12.46,88.89,149.01,312.12,108.65,42,194.75,14.04,222.39,209.25,137.37,15.48,289.25,114.27,63.29,209.35,89.32,64.98,76.16,76.19,98.86,9.49,284.34,163.83,91.69,25.54,60.76,70.31,51.28,181.54,10.38,55.13,127.93,118.14,16.37,97.67,79.59,60.3703,155.29,26.26,146.46,200.66,947.5,19.73,216.05,34.08,138.82,137.97,162.71,218.71,101.67,6.6,104.69,38.66,294.09,173.49,98.52,628.6,50.94,18.27,156,661.57,107.99,6.84,129.94,205.76,8.28,56.28,254.01,147.75,8.6,686.36,101.04,89.0182,231.02,16.08,103.62,15.98,16.06,77.02,112.16,211.93,225.08,359.45,200.41,37.6992,54.645,75.47,108,30.06,39.0574,60.3,35.2748,29.33,52.54,80.5346,172.79,11.93,140.55,14.7,6.15,215.97,105.5,164.785,31.45,91.16,41.58,8.99,21.25,45.68,121.26,317.85,82.39,3.1,86.44,28.35,217.5,118.83,55.7,64.84,31.23,26.32,499.58,11.32,5.98,1064.21,141.22,481.22,224.04,93.51,15.525,449.99,,200.09,433.19,15.81,73.87,443.57,711.58,91.01,92.64,224.37,52.67,643.3,39.68,62.66,75.12,315.13,57.35,73.97,25.75,56.12,1142.74,56.24,205.25,306.33,127.87,33.58,156.07,351.91,85.7,466.26,198.17,28.62,250.14,44.28,302.25,199.18,372.8,393.83,479.37,215.34,140.91,56.7,20.2,269.22,88.62,74.47,72.01,971,124.22,370.74,264.78,106.61,52.89,952.13,22.03,56.17,91.28,150.63,27.61,19.58,334.86,229.57,388.56,228.07,168.13,127.54,103.13,266.8,28.6,330.82,251.3,296.08,94.9,194.6,197.6,306.18,423.24,59.28,27.8,153.79,148.94,350.21,87.37,203.59,82.68,81.23,29.02,46.61,27.05,412.76,114.51,212.09,81.51,230.31,73.32,128.01,124.89,20.02,128.9,78.82,104.04,50.96,115.29,59.03,51.92,169.93,159.11,82.92,43.64,45.68,142.84,116.84,154.67,177.72,15.86,56.54,216.71,83.81,465.2,69.46,17.81,134.73
2026-04-30,164.36,271.35,211.32,140.36,90.79,5.74,51.69,178.71,246.1,402.26,74.54,211.94,113.65,188.21,137.11,64.28,99.1,39.29,194.74,196.7,309.49,394.49,38.04,354.49,235.5,346.25,69.75,29.59,182.71,265.06,172.71,311.65,300.05,73.635,34.25,446.35,781.72,33,210.32,35.32,1438.99,73.9,155.46,189.98,93.73,5.88,195.02,417.43,401.76,323.05,79.22,229.03,131.88,53.46,283.36,126.53,189.28,168.36,69.67,35.48,1065.6,60.59,134.37,38.45,473.6,57.61,11.29,47.97,125.58,29.523,127.98,890.11,56.03,327,142.73,,88.78,123.04,17.97,329.59,313,165.17,290.58,67.45,527.58,17.74,85.36,10.2,27.04,287.82,671.01,43.65,191.3,319.71,187.77,125.78,79.61,20,1014.53,174.01,118.42,176.53,12.73,111.4375,111.6,91.5,45.43,174.71,81.01,20.37,83.29,193.31,64.5,67.99,168.65,31.1,132.19,589.87,208.95,153.86,178.95,496.65,103.75,23.32,200.94,40.49,339.42,39.33,151.69,129.55,51.37,59.55,152.24,260.6,111.49,63.99,102.32,9.76,376.42,140.44,32.96,141.38,140.57,6.7,1082.83,70.7,433.01,117.91,82.84,2.34,83.5,42.26,89.1,47.15,160.76,45.99,143.33,66.62,12.08,44.93,57.78,263.43,403.31,47.52,25.25,46.53,1840.25,683.47,230.34,135.93,63.49,46.44,201.89,75.57,84.31,21.59,36.79,344.3,42.28,88.29,116.34,289.93,60.84,1083.46,64.6,130.84,143.67,423.66,164.24,76.89,381.94,384.8,71.96,923.77,1161.35,63.66,434.45,328.8,269.92,27.17,2.41,18.02,324.07,214.33,72.89,508.17,236.44,75.78,67.51,243.04,80.38,176.5,132.32,58.69,168.69,230.98,158.09,118.3,560.8,94.98,122.815,32.23,142.98,83.91,87.63,48.25,51.06,137.1,126.74,94.48,388.5,45.12,47.12,45.51,125.99,457.61,218.56,96.36,157.29,258.01,277.97,408.18,102.88,63.21,124.34,88.06,61.28,158.61,71.77,181.54,102.63,81.27,218.11,42.21,146.03,30.32,25.42,229.85,9.19,313.23,64.19,29.4,30.24,57.33,104.34,175.035,98.43,32.87,78.76,68.07,69.85,262.26,63.05,17.53,5.73,6.37,149.22,210.96,320.55,17.83,501.14,88.24,902.32,934.6,517.97,73.43,238.79,108.85,257.86,25.35,14.15,157.94,502.92,66.24,361.69,11.99,293.59,57.57,92.91,815.2,461.85,250.83,61.44,80.97,664.17,1792.63,611.91,84,619.07,146.52,38.535,72.65,301.31,66.04,248.29,1614.41,109.18,45.94,167.71,165.15,190.59,407.78,165.45,37.42,283.98,517.16,138.23,97.88,111.09,204.97,93.61,48.28,6.39,44.36,579.48,12.91,88.31,155.58,315.83,110.77,40.89,206.16,14.48,225.29,199.57,142.9,16.5,293.59,119.13,64.24,212.43,92.46,72.5,73.65,76.72,100.81,10.04,295.06,161.39,99.4,26.96,60.58,71.45,52.29,179.32,10.3,56.79,126.76,118.8,16.62,99.88,81.66,61.0359,158.49,26.7,147.09,201.28,909.42,19.66,213.45,36.97,142.02,139.11,165.07,223,103.72,7.12,108.5,37.44,302.45,179.15,98.97,727.77,50.14,20.28,179.58,667.74,109.48,7.29,134.03,207.25,9.02,55.26,263.76,147.23,9.19,707.06,105.43,90.3183,233.38,17.45,105.09,17.24,16.4,82.51,115.11,213.81,227.79,362.5,203.44,38.0019,55.37,76.01,109.52,30.44,39.3901,61.4,35.6577,29.82,53.57,82.13,176.07,12.73,144.12,14.16,6.46,221.2,105.33,167.9745,32.07,91.64,42.86,9.43,21.26,46,121.13,321.61,82.48,3.28,88.58,29.32,218.78,118.77,56.88,66.66,31.03,27.4,506.72,12.46,6.07,1096.51,136.47,482.6,228.18,96.7,16.1,461.44,,203.71,431.23,17.83,74.49,446.55,718.66,92.17,95.12,228.66,55.14,673.64,38.39,70.17,76.2,315.13,59.1,74.71,26.13,58.41,1159.98,58.43,211.66,343.47,129.75,33.78,156.75,372.42,85.62,478.96,195.5,28.52,260.08,44.37,305.14,221.05,381.63,396.06,492.54,213.76,148.06,58.45,22.05,281.08,90,74.61,78.15,1012.01,126.17,370.48,269.48,108.8,56.42,959.84,25.97,56.66,93.49,147.09,27.36,21.64,329.84,232.32,393.58,232.14,169.58,128.2,103.18,272.46,29.2,340.02,252.58,301.74,96.33,196.84,202.49,328.49,427.38,65.91,28.97,157.84,151.2,354.18,87.86,206.78,83.17,83.06,28.19,48.03,27.05,434.52,117.94,217.34,82.23,232.55,76.31,131.93,126.46,21.73,131.33,82.95,106,51.47,116.51,59.65,52.13,174.58,159.5,84.31,44.4,46.85,145.99,118.35,154.33,178.21,16.3,57.61,220.13,85.78,488.09,70.51,18.42,130.68
2026-05-01,183.51,280.14,206.6,141.66,89.46,5.87,52.15,179.83,250.71,397.69,74.94,214.21,113.56,183.56,136.91,67.54,98.9,40.43,202.68,193.88,296.11,389.08,37.75,360.54,230.48,329.82,71.09,31.36,181.61,268.26,172.7,311.51,301.07,71.15,33.55,460,783.5,32.78,211.18,35.4,1427.02,70.89,155.26,188.54,92.76,6.13,184.97,421.28,402.31,319.68,96,227.38,131.5,53.24,290.52,125.88,187.06,169.63,69.12,35.55,1061.68,58.22,133.78,38.6,473.01,56.5,11.84,52.58,126.35,28.461,127.44,889.67,56.41,326.22,141.81,,89.26,120.6,17.65,340.94,307.81,171.74,282.9,68.76,535.29,17.04,87.26,10.51,27.19,289.54,657.44,43.35,191.91,329.5,191.25,123.19,79.05,20.35,1011.7,184.38,115.45,183.82,12.44,113.91,119.01,91.85,45.09,169.61,80.85,20.45,82.09,190.63,63.94,68.98,175.84,30.81,140.53,577.26,210.17,149.98,175.15,495.02,103.08,23,200.7,40.29,337.77,40.41,148.79,128.6,50.56,61.35,148.14,259.51,110.49,64.13,102.1,10.15,372.68,137.45,33.85,142.29,138.95,6.45,1085.03,71.07,425.55,116.43,82.61,2.43,83.98,42.33,88.3,47.02,162,46.5,142.02,66.69,11.88,44.91,56.55,266.11,393.67,46.92,25.61,46.54,1867.02,706.53,226.44,137.37,63.35,49.89,211.71,75.79,86.29,21.62,36.81,345.84,42.41,87.11,115.38,286.51,61.03,1062.95,64.91,131.65,140.22,423.18,158.26,75.77,383.22,385.69,72.36,923.71,1148.62,63.96,433.09,323.88,268.34,27.41,2.43,18.06,318.61,212.5,73.66,508.43,233.63,76.98,67.17,239.51,80.06,176.24,132.01,58.3,167.27,232.2,154.75,117.41,567.46,94.74,121.25,32.02,144.96,86.63,88,48.24,50.5,137.44,135.78,99.62,399.04,46.2,47.6179,45.66,127.19,457.78,216.27,94.84,157.76,255.47,279.28,409.36,102.5,62.47,123.88,87.65,61.07,157.35,71.65,181.01,102.36,80.8,221.01,42.56,145.08,29.96,25.76,227.19,9.25,312.47,64.07,29.09,29.55,56.79,103.68,172.626,97.67,32.53,78.58,67.77,69.82,266.04,62.05,17.43,5.71,6.54,149.23,206.64,313.37,17.57,507.92,88.72,949.93,963.33,512.77,74.06,233.33,108.6,256.72,25.62,14.42,158.25,495.46,66.87,354.97,11.46,286.64,57.72,93.95,814.02,455.77,263.46,61.37,80,664.35,1850.05,608.745,84.75,614.49,142.5,38.56,74.55,300.52,66.63,246.15,1583.48,112.16,45.37,166.18,164.95,190.17,414.44,177.17,38.67,285.09,542.21,154.49,96.95,108.62,217.5,92.06,48.08,5.91,44.4,568.14,13.3,91.16,153.37,315.9,112.08,42.6,207.28,14.44,226.04,198.45,158.92,17.45,295.24,119.93,63.81,205.81,90.36,70.4,75.78,76.92,103.03,10.32,292.92,171.83,96.67,26.45,58.71,71.62,51.81,181.08,10.67,56.69,131.96,116.08,16.45,99.72,80.15,60.99,157.41,26.33,147.26,199.31,882.23,20.22,218.06,36.9,141.41,144.07,166.38,220.71,103.54,7.31,107.51,37.6,301.55,176.19,98.37,742.21,50.44,20.49,177.01,674.15,110.37,7.26,135.17,207.155,9.21,45.13,265.55,166.48,9.34,701.42,106.52,90.1303,230.59,17.5,106.22,18.5,15.02,78.81,111.93,205.02,228.84,365.85,202.82,38.2825,54.88,75.946,107.89,30.27,39.3804,60.87,35.7339,29.64,54.26,81.7429,173.99,13.06,139.48,14.9,7.18,218.58,105.9,167.4754,31.86,91.54,42.91,9.4,21.23,42.21,127.67,318,82.25,3.38,88.67,29.44,234.52,124.39,56.92,68.29,30.47,27.09,509.82,12.14,6.29,1187,141,489.02,228.2,96.71,16.43,465.75,,202.44,426.06,18.18,74.16,441.51,720.65,92.68,94.67,229.27,55.75,726.93,39.43,69.4,75.76,294.73,58.89,74.05,26.12,59.27,1154.45,57.95,207.43,345.42,128.89,33.85,156.83,372.16,85.61,469.21,196.06,29.11,254.28,44.91,304.72,218.01,390.82,397.67,486.48,216.03,183.34,60.4,22.43,281.02,92.52,75.12,74.61,1019.75,129.24,368.78,266.32,107.57,55.84,949.23,26.33,56.3,93.04,142.8,27.41,21.66,328.03,231.85,394.27,231.6,167.52,127.66,104.85,271.31,28.58,337.52,246.87,297.32,96.06,196.73,201.12,328.31,423.92,65.12,29.58,155.28,151.44,355.29,88.02,205.95,83.86,82.97,28.4,48.11,26.97,431.52,117.46,216.91,80.81,228.77,75.54,131.6,125.84,21.31,130.42,82.58,105.09,51.35,116.72,58.85,51.92,172.96,161.87,84.17,44.32,46.55,145.16,118.63,152.75,176.67,15.83,58.49,215.28,85.58,498.44,71.81,18.6,139.81
2026-05-04,172.98,276.83,208.16,138.86,87.54,5.77,51.23,180.12,253.96,397.02,76.27,211.32,112.39,179.93,134.66,67.08,98.59,41.01,201.25,190.69,297.925,391.38,36.91,341.54,230.43,323.85,70.96,31.48,180.88,272.05,172.62,314.92,298.35,70.515,35.63,475,811.09,32.51,203.26,35.11,1386.21,68.43,153.89,187.77,90.69,6.44,180.26,416.5,393.75,319.21,106,221.3,133.27,52.19,288.64,127.48,187.21,165.58,69.01,36.33,1052.25,57.38,131.88,38.38,468.52,56.85,12.16,53.54,123.09,28.17,125.63,874.78,56.39,325.12,140.05,,90.18,118.26,17.56,349.51,321.05,165.34,279.35,69.75,538.51,17.89,85.37,10.25,27.07,290.29,656.73,43.32,189.92,329.89,202.99,124.91,76.65,21.1,1012.79,180.06,110.8,185.48,12.91,117.31,125.43,92.63,44.72,166.89,81.69,20.17,82.01,192.28,62.95,68.5,172.57,31.33,146.69,578.39,211.64,143.53,174.04,489.56,101.31,23.57,198.51,40.58,330.42,42.47,146.73,127.45,51.26,60.04,140.18,255.59,109.63,64.1,100.7,10.15,371.9,135.46,32.54,138.96,141.61,6.38,1083.2,69.44,422.44,116.4,82.08,2.36,83.33,41.48,88.12,46.42,163.59,46.61,139.33,65.12,11.5,44.88,55.57,267.72,357.8,46.78,26.02,47.28,1891.95,717.8,223.95,134.37,62.36,52.58,211.39,74.6,89.24,21.2,36.55,349.08,43.07,85.65,113.09,280.52,61,1073.95,67.75,132.69,135.85,414.71,159.96,75.7,379.64,383.25,71.8,903.27,1142.14,64.57,427.18,312.42,269.52,27.27,2.6,17.58,311.38,209.59,76.55,516,237.96,78.08,66.39,239.7,79.8,175.96,130.94,57.41,170.16,229.48,156.44,117.1,563.12,94.39,123.555,31.91,145,88.44,88.43,48.26,49.93,136.17,139.37,95.78,406.99,45.75,47.83,49.48,128.22,452.35,214.33,91.28,157.17,251.65,277.88,407.84,101.52,63.02,122.86,86.98,60.97,155.82,71.11,179.03,101.63,77.61,221.03,42.49,144.4,30.04,25.42,224.2,8.86,307.65,63.3,28.87,28.89,56.26,103.33,171.332,95.65,32.47,78.19,67.55,68.99,286.95,61.93,17.15,5.54,6.69,148.81,206.92,308.62,17.88,493.55,87.12,976.18,967.93,518.15,73.68,223.72,108.25,258.57,25.35,14.06,157.58,504.74,66.97,347.24,11.83,284.1,57.3,95.3,807.85,449.56,264.69,61.38,78.3,660.32,1813.53,610.41,84.6,603.29,141.56,37.6,73.41,307,66.2,252.54,1573.3,113.11,47.3,167.87,163.66,188.01,413.62,183.8,38.17,284.29,576.45,176.42,95.51,108.33,224.17,91.02,48.08,6.07,43.09,567,13.14,91.97,154.82,311.66,110.94,43.73,211.56,14.16,225.81,198.48,162.69,15.92,290.76,116.93,63.45,192.18,90.63,68.6,77.24,76.27,102.04,9.73,299.55,180.29,93.98,28.15,60.27,72.75,51.11,184.56,10.83,56.19,132.23,114.37,16.21,97.79,80.45,59.72,154.59,26.3,143.42,199.24,867.75,20.85,218.06,38.54,138.76,146.03,169.19,218.04,101.82,7.11,104.08,37.8,295.36,178.47,99.52,757.34,50.39,20.92,168.38,672.88,110.15,7.19,135.69,206.1,9.5,47.57,259.48,169.07,8.64,709.21,102.12,89.6112,228.42,17.7,105.4,18.68,14.51,80.31,111.5,209.43,226.02,362.83,201.64,38.0996,53.68,75.4531,109.25,30.18,38.91,60.01,35.5083,29.44,54.51,81.35,172.9,12.7,147.9,15.6,7.06,217.91,104.97,162.7011,31.52,91.48,41.52,9.35,21.12,44.63,127.55,310.49,82.15,3.09,86.9,28.76,227.16,126.64,55.63,65.94,31.38,27.92,506.79,12.18,6.17,1255.86,144.21,497.5,227.84,95.99,16.2,462.06,,201.51,424.75,17.45,73.68,438.26,718.01,89.75,94.38,229.82,55.13,738.54,37.97,68.85,74.24,290.88,57,72.49,26.1,58.38,1149.72,56.77,205.28,337.44,127.76,35.705,154.64,384.64,84.96,462.6,194.42,29.41,258.98,44.34,301.53,215.06,392.51,401.61,486.5,225.18,189.67,56.19,21.65,280.89,90.07,73.93,73.105,1004.08,129.41,370.75,263.41,96.31,54.77,925.21,25.58,55.24,91.06,147.61,27.48,21.62,326.85,228.16,390.35,229.79,169.25,126.76,104.95,271.34,28.09,333.6,251.63,287.72,95.46,195.92,200.51,330.97,429.85,63.82,30.57,160.85,150.56,353.98,87.79,204.65,83.72,82.25,28.67,47.57,26.96,442.36,116.44,217.14,79.18,227.85,75.41,130.33,124.14,22.29,133.5,81.17,101.4,50.65,116.1,59.39,51.58,170.98,162.05,83.54,44.08,46.37,144.73,117.72,153.69,181.01,15.98,59.12,199.95,83.61,496.31,71.9,18.46,142.2
2026-05-05,180.57,284.18,206.11,139.73,87.17,5.84,52.8,179.01,255.62,404.77,79.19,210.6,111.64,178.14,137.04,66.81,98.77,41.61,215.69,194.82,301.11,410.82,37.64,355.26,234.54,329.59,76.71,30.77,178.12,273.55,170.22,314.55,303.93,68.345,39.88,478.11,794.7,32.26,208.84,35.35,1442.92,63.87,155.35,187.25,90.9,6.53,166.69,427.36,380.6,315.95,107.55,224.38,132.26,53.12,295.25,126.24,189.13,167.63,67.78,35.96,1048.91,56.95,132.36,38.75,465.52,55.98,12.48,51.44,122.72,27.558,128.01,904.59,57.11,322.57,142.57,,89.1,114.46,17.13,353.63,320.42,158.23,275.66,70.87,544.75,22.1,86.33,10.65,26.46,286.82,674.88,43.53,189.68,335.73,197.75,123.32,78.21,22.19,1016.42,193.57,112.5,186.99,13.31,119.1325,127.89,94.3,45.03,169.25,83.9,20.54,80.69,192.64,62.99,70.86,166.14,31.2,145.73,575.79,216.32,146.47,174.63,492.96,100.48,24.17,196.69,40.8,331.73,46.29,143.5,127.58,50.99,59.48,144.94,257.65,109.15,65.4,102.04,10.12,369.07,138.38,36.02,149.29,140.82,6.23,1078.46,68.9,410.86,117.36,81.61,2.39,82.91,42.39,89.26,46.45,173.47,46.18,139.79,66.59,11.69,44.33,57.68,267.76,362.75,45.88,25.7759,46.61,1967.24,660.32,225.07,145,62.23,54.41,219.38,75.03,89.92,21.58,36.49,349.16,45,85.81,113.16,286.68,61.04,1095.21,74.04,133.48,133.42,418.27,162.1,76.15,384.27,388.43,69.47,918.89,1134.78,65.87,428.79,315.42,277.33,26.33,2.84,17.05,312.77,209.06,77.03,507.81,239.53,80.51,67.44,242.69,79.92,176.99,131.38,58.07,170.34,229.03,155.28,116.96,562.965,94.53,123.06,31.74,147.54,88.27,89.33,47.77,49.79,138.11,139.07,108.15,398.32,48,46.94,54.74,131.7,451.38,215.37,92.81,158.49,254.55,282.56,411.17,101.71,63.09,123.38,87.165,61.19,156.42,71.42,181.98,101.94,78.81,225.18,42.41,144.82,29.68,26.06,225.55,8.68,309.4,64.08,28.92,28.81,56.55,102,173.29,97.2,32.29,78.48,66.92,69.92,284.57,59.31,17.37,5.52,6.25,137.19,206.04,302.65,17.78,500.29,88.45,994.56,988.87,508.93,73.07,225.23,108.65,275.8,24.8,14.09,157.26,497.08,67.11,354.52,12.16,285.17,57.22,98.48,801.01,454.55,266.68,61.36,77.79,668.83,1817.31,604.96,85.17,606.1,142.82,37.9,72.79,310.68,68.06,260.51,1588.12,113.15,46.71,167.27,168.75,189.25,411.38,186.9,37.65,291.1,640.2,175.92,96.28,109.01,244.43,87.89,48.19,5.9,43.06,558.6,13.42,92.01,157.43,313.57,114.14,43.43,206.77,14.25,232.07,196.5,169.41,17.55,292.35,123.34,63.57,196.08,90.02,68.38,77.75,77.64,102.67,9.33,305,185.35,95,28.6,59.34,74.63,50.52,183.98,10.7,57.37,131.68,113.42,16.33,96.75,79.73,60.44,155.04,26.45,144.9,197.74,872.69,22.28,222.71,37.13,140.27,135.91,169.46,221.63,101.3,9.21,106.41,37.35,298.82,180.26,99.21,771.61,46.49,21.54,186.55,681.61,111.22,7.26,139.17,207.5,9.56,44.04,263.98,171.63,8.69,702.27,103.83,89.85,225.9,18.27,108.14,20.35,14.6,78.76,118,207.88,227.42,372.04,203.24,37.9599,53.83,75.62,108.91,30.42,39.5771,60.48,35.7477,29.73,55.76,81.16,172.87,13.46,147.21,15.86,7,217.38,104.94,167.3287,31.69,92.4,44.64,9.14,21.42,44.35,107.63,312.46,82.19,2.95,86.38,28.5,238.41,130.28,56,65.91,31.21,27.83,522.69,11.87,6.11,1406.32,141.71,502.51,234.72,95.9,16.02,482.73,,202.31,423.87,16.46,73.69,419.53,723.77,92.64,94.37,237.46,57.18,771.01,39.51,72.56,73.78,295.25,58.08,72.84,25.9,60.71,1191.33,57.8,206.94,357.1,128.82,36.1,154.96,384.9,85.43,466.76,194.31,28.54,259.72,44.76,301.35,225.53,389.37,394.41,477.45,223.11,195.58,56.7,22.01,281,93.67,72.95,83.14,1014.9,131.06,363.87,264.01,98.07,54.2,933.95,27.42,55.6,91.93,144.17,27.5,21.04,322.03,231.88,392.18,230.81,169.23,126.98,106.81,272.17,28.27,337.38,253.45,291.51,95.76,195.32,200.54,341.02,424.36,65.57,32.09,160.38,152.12,356.99,86.78,206.52,84.31,83.41,28.71,47.34,27.22,465.26,115.22,214.3,79.89,224.49,76.12,130.79,125.24,23.49,133.79,81.45,102.81,51.53,115.63,59.45,51.59,172.41,165.63,84.06,44.17,46.37,145.3,118.07,154.88,180.59,15.82,59.77,207.55,84.39,518.42,71.25,17.85,141.36
2026-05-06,178.54,287.51,205.03,139.88,86.3,6.41,55.38,174.57,250.17,415.63,78.02,207.2,109.59,189.81,132.56,65.58,99.19,43.49,213.91,192.61,303,428.62,40.21,421.39,241.38,331.11,77.22,31.55,180.16,274.99,147.06,308.27,300.21,69.235,44.24,468.83,807.55,33.82,237.3,36,1544.74,70.68,165.08,184.76,98.6,7.27,174.37,425.44,385.86,321.9,104.83,229.93,141.44,53.6,285.47,140.59,190.68,168.32,66.67,40.51,1073.57,56.59,133.64,39.88,469.83,56,15.1,52.74,124.69,31.2,127.6,926.93,57.32,321.9,145.16,,90.24,123.76,18.75,354.9,322.78,156.52,281.98,70.17,576.79,21.91,88.16,11.15,26.44,288.34,715.76,42.33,193.4,344.67,197.96,118.9,83.57,24.63,995.75,198.29,114.91,181.19,13.93,117.0175,137.98,91.64,45.6,169.36,81.77,20.63,86.86,185.16,61.64,73.34,167.97,30.21,143.71,591.64,238.8,149.17,174.92,499.05,108.06,23.92,199.68,38.5,324.66,48.68,142.44,125.54,46.6,60.36,147.11,263.42,106.87,67.49,104.81,10.5,374.71,147.99,35.8,155.86,134.69,6.54,1087.96,68.52,421.39,112.96,80.99,2.72,83.2,43.47,91.68,47.44,181.98,45.02,143.85,68.72,12.17,44.71,60.89,266.86,377.19,45.55,26.03,45.97,2011.49,679.09,234.5,149.12,62.21,53.81,218,73.94,89.95,21.79,37.49,347.27,46.01,92.44,122.75,305.83,61.735,1118.96,72.3,136.3,135.27,430.96,181.57,78.7,395.14,398.04,69.63,937.35,1169.86,66.35,429.45,323.05,296.38,26.88,2.94,18.15,321.51,216.86,79.05,502.34,246.33,108.94,68.63,256.43,80.16,178.48,131.22,58.69,173.87,225.74,153.4,115.28,579.23,95,116.59,31.2,150.89,87.82,90.13,48.76,49.71,138.93,142.58,113.01,388.55,52.57,46.88,60.98,132.06,451.73,223.42,95.32,160.74,260.52,286.8,416.74,103.28,60.56,124.23,87.81,61.46,159.41,71.44,186.13,103.28,81.61,232.12,42.07,143.14,30.69,27.24,224.62,10.52,314.9,64.72,28.56,30.78,56.35,100.79,181.629,99.19,31.58,79.23,66.01,70.71,288.99,61.52,17.68,5.99,6.19,134.9,231.32,302.2,17.72,501.87,91.52,944.28,987.05,514.26,72.31,233.37,109.19,297.17,26.33,14.23,167.82,491.89,68.46,359.06,13.03,284.1,58.71,102.92,743.67,448.64,265.26,61.87,77.6,680.9,1841.14,612.88,86.87,615.48,146.54,38.6,70.17,318.56,72.65,245.78,1652.35,113.56,48.79,163.9,172.15,193.35,413.96,186.82,38,299.18,666.59,195.09,95.39,115.1,248.59,88.27,47.51,5.9,43.88,559.6,13.19,89.05,150.64,317.25,111.74,43.13,215.09,14.48,234.22,207.83,172.49,16.68,303.55,126.08,64.01,200.62,85.6,79.62,77.44,76.91,105.77,9.34,294.05,194.03,94.78,29.395,55.12,74.43,56.59,183.68,10.5,58.35,126.36,116.51,16.2,102.31,79.35,61.6,155.96,26.53,147.9,196.8,902.66,21.16,226.82,39.69,142.9,133.79,170.53,222.42,100.17,9.72,111.53,36.88,308.98,171.72,103.97,785.24,46.27,23.83,192.57,695.77,112.6,7.95,143.66,210.04,10.46,43.76,287.08,166.56,9.64,721.05,109.04,91.18,236.88,20.09,110.95,23.7,14.48,84.65,130.04,209.64,228.91,376.48,204.85,38.4638,54.93,75.7922,103.88,30.6,40.3393,61.66,36.3267,29.885,56.54,79.98,176.74,12.83,151.07,15.33,7.14,218.44,106.44,179.9299,31.66,92.15,40.61,9.58,21.59,54,105.44,323.63,82.3,3.27,94.68,31.04,244.95,129.62,55.16,70.13,28.55,34.66,549.76,13.52,6.11,1409.98,139.74,504.42,233.93,93.51,16.3,506.87,,205.51,423.57,18.3,73.34,425.25,733.83,93.46,93.67,241.85,57.95,786.42,41.89,64.965,75.15,292.33,61.16,73.33,25.57,60.47,1233.37,62.01,216.17,382.48,130.19,41.97,155.45,409.99,86.08,472.95,193.16,28.31,249.5,44.915,301.59,216.87,398.73,419.5,488.18,222,191.4,59.53,22.74,289.44,100.04,79.17,83.46,1028.31,133.95,367.28,268.23,99.89,58.26,964.5,28.6,56.16,92.05,133.95,27.35,23.52,318.8,236.27,398.53,230.59,162.43,127.59,109.56,273.1,28.65,345.38,236.69,295.72,97.09,198.33,198.05,358.92,427.65,67.3,33.56,158.29,155.06,361.86,86.62,207.94,85.9,85.62,28.07,47.44,27.2,483.15,113.94,216.47,80.42,220.52,73.76,130.08,134.57,25.74,137.68,80.55,105.75,52.41,117.35,57,51.84,176.87,170.03,84.24,44.74,45.71,145.4,119.87,148.69,169.33,15.93,60.7,211.58,85.14,531.93,70.83,17.23,138.83
2026-05-07,157.55,287.44,202.71,140.46,87.01,6.28,59.2,180.19,256.51,408.52,77.53,214.09,108.77,187.77,131.76,67.36,98.95,43.14,195.65,198.35,295.91,410.64,39.92,408.46,234.73,329.09,72.27,29.69,179.77,271.17,141.75,313.59,294.99,68.31,41.53,498.87,787.31,32.85,213.31,35.55,1516.6,65.35,162.66,181.86,100.23,7.14,168.18,412.56,426.89,318.69,108.42,231.03,141,52.75,258.64,139.87,191.38,171.28,63.53,32.24,1067.74,56.25,130.69,39.83,475.08,56.57,13.84,52.94,122.33,26.784,129.09,895.69,56.99,321.28,146.7,,91.07,118.71,18.12,356.9,311.28,160.24,284.04,73.14,538.76,20.685,87.36,10.65,26.24,286.85,682.88,42.24,192.59,319.19,192.96,114.88,82.61,22.36,1012.06,188.29,112.63,186.34,12.85,126.43,128.84,92.16,44.46,170.04,79.07,20.51,87.36,182.5,61.61,73.11,171.35,30.25,188.73,580.54,230.27,145.97,175.66,495.91,108.66,25.22,194.78,37.32,332.53,46.55,142,124.87,45.31,60.91,146.3,256.55,106.39,66.59,102.89,10.41,372.92,141.09,35.47,147.66,130.89,6.36,1066.76,67.04,399.15,112.02,82.73,2.68,82.76,42.5,90.99,46.27,176.75,44.41,143.27,67.2,12.18,44.36,60.61,269.91,375.93,45.17,25.86,47.25,1942.02,626.12,228.05,144.68,62.69,57.02,214.57,71.03,107.97,21.45,37.19,347.76,43.62,91.72,122.42,302.63,61.34,1045.63,70.93,134.06,134.15,431.68,182.4,78.41,395.3,397.99,70.13,925.87,1234.1,65.19,429.02,322.64,289.6,25.65,2.87,18.07,320.3,216.07,76.28,493.04,247.12,101.18,68.11,272.54,79.86,176.63,130.54,57.69,170.1,231.31,156.11,113.92,572.2,94.71,113.93,30.14,150.4,90.85,88.67,48.95,50,137.64,138.71,109.62,406.78,47.68,46.99,56.85,126.81,453.49,222.51,92.93,159.99,255.53,282.26,414.99,102.99,59.4,123.09,87.1598,60.95,157.7,71.08,182.7,102.56,80.77,232.26,41.16,139.25,30.21,27.59,222.51,10.01,306.27,64.11,28.52,30.42,56.47,100.34,176.325,99.56,31.52,78.43,66.41,69.95,296.7,57,17.72,5.66,6.05,131.26,206.3,301.18,17.6,493.85,89.35,892.58,974.96,512.41,71.69,230.88,108.74,286.52,24.11,14.16,165.75,500.94,68.89,352.05,12.7,283.7,58.33,101.58,754.76,457.1,293.42,61.31,77.96,672.37,1870.01,616.81,87.05,600.49,143.75,37.985,69.04,316.29,69.13,242.26,1575.96,112.3,48.54,166.03,160.01,190.17,420.77,179.84,35.83,293.91,646.63,184.77,93.32,113.49,256.79,88.25,47.02,5.87,44.41,552.27,12.35,93.59,141.86,313.39,113,45.93,219.82,14.26,226.7,211.5,166.73,15.79,290.22,120.86,61.79,198.06,85.87,71.83,80.88,76.92,100.61,8.89,274.17,194.59,94.58,24.51,53.94,76.05,57.81,196.53,10.93,56.81,138.43,114.05,16.19,101.51,77.83,61.33,156.29,26.48,146.06,195.75,886.85,21.55,223.43,35.24,142.29,137.05,171.11,219.29,99.53,9.58,108.93,36.77,309.33,168.31,98.85,750.73,46.22,21.99,202.55,694.94,112.44,7.35,141.13,209.46,9.63,44.78,280.87,163.95,9.2,709.1,106.56,90.8318,232.68,18.34,110.42,24.11,14.18,78.58,126.6,206.89,224.48,369.1,203.54,38.3556,54.542,75.16,101.78,30.63,39.5254,61.02,36.1134,29.86,56.41,79.18,176.78,13.8,142.51,15.92,6.62,218.62,104.26,175.6546,31.54,89.5,38.61,9.09,21.36,53.7,111.74,320.21,82.23,2.95,94.25,30.88,242.71,129.49,53,71.6,29.1,33.62,540.1,12.58,5.98,1339.96,153.72,505.19,232.45,92.43,16,492.36,,201.4,428.68,16.14,73.12,427.43,731.58,91.6,91.57,232.92,55.9,766.44,41.63,65.04,74,294.23,56.43,72.88,25.26,59.76,1241.98,60.76,210.06,354.11,125.88,43.025,154.48,390.55,85.65,474.46,194.2,29.38,252.44,44.92,298.94,210,411.79,414.15,469.81,223.5,197.07,58.54,22.42,285.24,99.7,76.73,79.9,926.69,131.17,369.74,264.89,100.1,56.26,944.12,26.38,55.31,86.88,134.97,27.41,23.35,321.28,232.03,397.59,229.94,159.31,126.85,109.5,271.09,28.79,339.77,236.35,288.93,96.39,198.12,195.44,340.01,425,66.33,32.59,153.95,153.72,360.2,86.55,205.91,86.05,84.25,27.9,47.09,27.12,463.91,112.78,212.95,79.16,221.45,72.95,130.2,131.56,24.02,133.66,80.43,102.66,51.4,117.38,55.95,51.55,174,169.69,83.98,44.4,45.12,144.72,119.88,146.58,166.06,15.55,59.74,206.88,84.35,523.78,70.14,17.28,152.79
2026-05-08,148.94,293.32,201.55,141.49,84.32,6.48,59.85,180.42,253.04,416.52,77.66,212.995,109.07,193.21,130.16,64.01,99.18,43.46,199.79,203.52,295.05,435.44,39.93,455.19,232.4,331.7,76.61,29.96,176.53,272.68,141.77,312.79,295.41,64.015,41.25,468.55,782.17,34.34,213.27,35.73,1592.02,75.05,158.39,180.87,107.03,7.08,168.29,430,403.54,316.03,116.36,237.36,140.06,51.31,261.03,141.05,193.45,165.93,63.89,39.45,1084.83,56.16,130.5,41.45,475.94,53.93,13.47,54.83,123.77,24.993,125.55,897.45,57.45,319.64,146.33,,90.57,116.75,18.56,362.7,303.63,154.86,288.06,75.32,548.11,20.55,87.55,11.02,25.4,281.25,679.55,41.72,189.48,335.26,201.16,113.87,85.97,22.92,1008.79,188.505,113.76,181.82,12.53,131.9425,114.15,96.57,44.83,166.97,81.13,20.33,90.55,181.62,61.89,73.33,163.93,30.3,200.16,574.84,260.46,147.63,171.16,496.13,108.02,25.52,195.31,36.87,323.48,52.8,140.6,124.17,45.61,60.61,138.68,254.22,106.31,67.94,103.96,10.3,378.07,141.31,36.45,149.11,130.03,8.01,1072.08,66.51,401.51,111.59,81.78,2.81,79.96,42.65,92.22,46.7,190.2,43.91,143.3,67.855,12.32,44.17,61.65,267.6,378.58,44.33,25.7,43.49,1952.37,621.28,232.11,147.87,62.94,70.55,219.95,70.15,114.07,21.5,37.24,346.53,44.25,94.59,125.84,297.15,63.47,1040.15,74.12,131.33,133.52,433.77,186.94,78.8,397.05,400.8,69.19,936.48,1233.71,64.12,435.19,317.45,292.52,28.27,2.82,18.61,316.78,213.12,77.03,492.58,274.96,98.46,68.76,270.56,80.14,177.49,130.2,57.5,169.94,229.76,155.82,112.84,560.11,94.96,113.71,30.31,154.38,91.15,87.43,49.97,49.01,138.35,141.88,124.92,396.31,49.24,46.6,61.2,128.84,450.06,223.49,93,161.18,254.76,284.17,418.32,102.78,59.09,122.62,86.725,60.42,157.27,71.32,184.07,102.77,80.78,238.64,41.44,139.52,30.13,27.48,221.32,10.87,302.1,64.05,28.83,31.51,56.37,102.52,186.919,98.31,31.41,78.42,65.64,69.85,305.71,57.89,17.59,5.57,6.34,130.11,207.33,299.64,18,493.16,90.17,903.8,948.45,506.51,71.76,229.2,109.2,294.05,28.97,14.35,163.28,495.48,69.62,353.18,12.94,275.75,58.32,99.09,736.09,451.32,299.47,61.55,76.15,675.24,1632.52,609.63,88.12,590.38,143.29,43.145,68.12,314.08,67.43,244.87,1600.84,111.38,54.35,163.25,170.13,193.09,415.12,187.59,36.96,301.8,746.81,177.05,93.1,116.51,196.13,87.49,46.72,5.85,44.14,549.52,12.82,91.18,138.11,312.01,118,46,194.24,13.8,227.5,215.2,169.95,18.2,294.75,125.91,61.92,198.33,85.16,72.51,83.9,77.06,103.2,9.06,284.67,195.95,92.96,25.2,53.03,78.16,59.14,207.88,10.79,56.79,136.87,114.31,16.07,98.78,77.13,60.62,154.62,25.68,146.42,194,878.83,21.27,224.59,39.04,144.09,137.8,170.99,216.85,99.25,10.95,109.61,35.91,311.04,171.56,99.36,745,45.37,22.57,219.09,711.23,114.05,7.54,144.91,210.43,9.6,41.91,275.24,155.8,11.07,714.89,106.38,91.17,238.91,18.94,110.55,24.08,14.22,105.47,129.245,206.76,225.81,369.29,204.1,38.2019,54.13,75.1541,101.43,30.59,39.6235,60.75,36.0579,29.86,58.15,78.53,176.09,14.61,141.81,16.59,7.57,218.17,104.93,181.2801,31.62,88.61,41.3,8.77,21.27,52.75,110.41,316.82,82.3,3.41,97.24,31.75,253.59,129.89,53.27,73.01,29.44,35.37,566.54,12.55,6.08,1562.34,152.45,516.48,239.07,91.8,15.75,520.3,,202.12,420.12,18.49,72.63,417.83,737.62,91.39,91.53,235.1,59.17,782.64,41.55,66.78,73.14,285.47,52.29,72.44,25.16,61.94,1215.08,64.87,206.2,359.77,125.25,42.86,153.36,386.37,86.08,465,193.63,25.05,248.12,44.73,298.04,211.02,428.35,411.68,466.17,220.45,201.7,56.85,21.6,287.8,99.58,75.45,87.1,842.1,131.36,379.98,264.65,100.78,55.18,937,26.96,55.53,84.4,133.59,27.34,21.38,318.79,233.25,398.45,230.24,158.38,126.13,112.44,268.98,28.84,338.87,241.06,283.72,96.62,197.71,193.9,339.97,429.82,70.01,34.26,147.72,155.18,362.87,87.26,207.04,86.84,85.43,28.06,47.22,27.11,480,111.66,214.63,75.64,215.37,71.96,130.43,138.85,23.39,134.71,79.39,102.51,51.59,116.94,55.7,51.24,173.2,175.52,84.18,44.41,44.72,143.49,120.2,144.57,165.16,15.62,58.88,204.5,84.72,554.17,74.85,17.14,152.13
2026-05-11,184.9,292.68,202.78,137.05,82.56,6.54,64.67,172.35,246.15,422.73,79.84,211.67,109.99,196.84,130.7,66.45,98.92,43.86,207.35,209.99,284.84,443.62,40.2,458.79,232.16,329.59,76.69,30.58,177.47,268.99,136.43,312.07,304.5,61.235,44.59,478.42,813.28,34.9,212.65,36.51,1565.81,82.55,161.16,182.13,108.34,7.26,166.45,428.43,394.36,312.32,125.81,238.21,137.3,50.55,283.92,145.78,197.95,157.8,64.6,41.38,1081.32,55.67,132.49,41.31,479.55,53.37,13.17,55.07,121.4,24.258,125.85,926.79,57.04,320.26,146.11,,90.67,120.14,19.8,364.2,299.69,147.79,289.07,75.43,581.47,20.28,86.74,11.24,25.03,282.58,702.66,42.27,183.93,379.69,216.6,115.55,87.59,22.95,999.47,210.22,112.57,177.49,12.09,135.565,114.7,98.72,44.74,164.67,82.83,20.1,92.22,184.74,62.56,71.2,157.33,31.06,202.32,588.74,247.04,144.96,166.52,497.11,104.72,24.51,196.24,38.76,313.22,55.08,142.43,124.9,46.73,59.33,139.61,251.1,106.21,67.89,103.74,10.21,381.75,139.43,37.65,149.15,133.31,8.57,1086.22,67.24,419,112.97,83.43,2.65,77.17,42.53,92.26,46.65,192.85,44.19,144.58,67.61,12.05,43.3,64.37,263.76,378.9,44.6,25.92,42.36,2032.98,649.53,237.6,151.4,67.72,69.01,233.27,71.15,115.44,21.1,37.47,344.03,44.95,97.6,129.5,300.77,61.7,1073.08,74.99,133.52,135.37,434.65,207.39,75.29,386.77,388.64,68.77,944.86,1226.09,66.41,426.37,311.4,289.77,29.14,3.01,20.67,315.53,219.11,80.78,490.16,274.26,102.19,67.75,273.58,79.98,177.82,130.54,56.46,170,223.55,157.82,113.77,532,94.64,116.365,30.98,155.36,90.69,87.1,50.06,47.55,137.35,142.51,129.44,393.29,56.89,46.46,55.15,129.96,420.06,225.99,91.49,161.5,252.09,285.33,419.06,101.38,60.63,122.14,86.47,60.23,158.25,71.3,187.56,102.84,80.06,240.04,41.94,141.78,30.53,26.61,221.43,10.74,300,62.92,28.71,31.81,56.18,99.46,184.519,95.75,32.25,78.66,64.8,68.55,312.88,56.99,17.17,5.79,6.03,127.68,213.22,302.35,18.87,504.4,91.62,1053.09,966.99,512.25,72.47,226.06,108.93,296.05,32.42,13.87,163,497.81,69.44,353.32,13.39,274.6,58.7,99.03,725.17,448.39,294.65,61.41,74.54,673.63,1557.3,598.86,88.04,585.98,143.34,43.205,68.61,312.97,67.41,252.48,1661.1,111.28,52.88,161.58,170.84,191.1,412.66,195.94,35.77,306.66,795.33,186.1,94.84,120.67,193.52,85.45,47.03,6.07,42.39,548.21,13.92,91.49,137.3,311.11,117.73,45.16,199.14,13.5,232,219.44,173.39,22.65,305.99,126.26,62.36,195.12,87.79,78.13,81.69,75.15,107.24,9.42,287.52,193.84,91.35,26.8,55.14,87.34,62.29,213.66,10.66,57.04,138.44,112.96,16.21,98.8,77.68,59.29,149.41,25.81,143.36,196.91,874.36,20.76,221.52,41.84,144.07,136.89,182.11,214.59,99.71,13.9,107.95,36.24,311.55,175.36,103.5,781.38,45.07,24.03,237.53,713.29,114.16,8.03,147.82,210.57,10.18,41.31,263.46,159.51,12.16,712.77,109.53,91.4,245.13,20.51,108.7,25.34,14.08,117.35,134.51,198.76,214.55,368.47,203.99,37.8244,52.93,74.93,104,30.16,40.01,60.72,36.1691,29.47,58.92,79.23,178.61,14.47,144.15,16.33,8.7,217.26,105.74,181.2214,31.75,87.83,41.79,8.85,20.95,53.81,102.54,312.7,82.22,3.74,101.95,33.78,262.05,128.16,54.93,78,30.67,33.52,576.31,13.29,5.75,1547.56,151.5,516.19,237.02,93.1,16.26,532.76,,201,421,18.66,72.66,419.5,739.3,93.42,92.83,235.97,60.12,834.01,40.9,70.13,70.28,282.58,51.71,72.57,24.87,63.05,1198.67,65.29,206.12,366.64,118.44,43.14,148.91,383.44,85.56,452.6,190.85,24.19,253.18,44.1,297.13,228.88,445,404.54,476.5,221.47,198.59,56.21,20.5,297.76,96.62,76.15,85.45,738.61,130.32,384.44,263.35,100,57.23,938.15,26.3,54.49,83.61,138.66,27.35,22.04,323.86,236.42,394.54,227.58,162.46,125.69,113.72,267.95,28.92,341.95,248.13,282.7,96.69,194.42,195.62,367.92,435.17,73.07,34.83,152.05,155.32,363.63,87.69,208.25,86.81,85.39,28.47,47.23,27.24,515.83,112.77,214.84,73.58,214.11,74.18,127.59,143.8,23.37,134.75,80.6,101.59,52.26,115.58,57.17,51.18,175.04,177.88,83.37,44.57,45.14,143.04,119.37,149.68,168.66,16.15,58.38,201.6,81.66,575.49,73.17,16.51,148.87
2026-05-12,188.28,294.8,207.86,135.48,84.35,6.39,62.99,169.77,240.83,419.65,80.73,213.81,109.49,197.05,131.94,65.43,98.63,43.03,204.42,205.52,292.03,431.2,39.22,448.29,231.2,336.29,73.45,29.23,178.82,265.82,142.54,316.35,303.6,63.935,43.93,490.69,812.81,34.605,207.92,36.35,1520.94,72.96,161.01,181.94,104.33,7.22,168.86,419.3,393.66,314.31,122.9,236.87,134.78,50.78,280.69,139.94,199.36,160.56,65.24,40.31,1092.5,56.45,133.44,40.72,484.96,54.1,12.83,55.5,122.76,23.844,126.44,912.14,56.49,322.04,144.06,,91.5,116.93,20.17,358.04,293.6,147.92,298.49,74.84,577.15,20.06,87.44,10.79,24.9,285.75,704.56,42.13,183.71,374.01,207.64,117.87,90.77,22.79,1021.88,198.57,111.39,171.31,11.83,136.545,107.75,99.29,44.53,165.42,82.59,19.84,95.15,185.95,62.92,70.71,155.19,31.69,199.94,589.19,238.94,143.27,166.26,497.89,106.16,24.61,195.27,39.43,310.16,51.3,142.58,125.07,46.77,61.14,135.33,251.7,106.9,65.82,103.14,9.85,393.3,137.28,37.48,145.31,134.13,8.1,1080.63,68.73,401.53,112.93,83.3,2.55,79.73,41.94,92.06,46.6,178.5,44.98,144.79,66.78,11.99,43.32,66.03,262.9,376.42,44.71,25.5,43.01,2016.31,634.48,237,132.02,66.16,67.55,228.06,73.19,113.87,21.13,37.33,346.46,42.75,97.14,129.87,297.45,62.29,1071.98,72.15,134.94,136.36,432.93,198.24,76.44,383.82,387.35,68.61,945.9,1238.29,70.93,429.69,310.46,287.67,25.03,2.82,20.57,313.57,218.54,78.27,485.98,295.35,107.31,65.85,269.76,79.87,178.25,131.41,56.43,172.28,219.22,155.81,114.1,533.92,94.32,116.96,31.41,153.1,89.44,88.04,51.38,48.7,135.79,145.7,120.61,387.74,55.87,45.9291,56.56,126.21,431.87,225.39,90.345,161.14,251.41,282.57,418,101.35,61.02,123,87.13,61.39,157.55,72.21,187.42,102.85,79.5,237.07,41.76,141.04,31.49,26.27,224.26,10.49,304.88,62.7,29.17,31.73,56.47,99.47,181.135,97.34,32.45,80.03,64.62,68.23,310.31,57.33,17.47,5.57,6.01,128.39,202.34,309.47,18.74,503.87,89.47,992.37,989.87,521,72.59,224.52,108.56,289.24,32.09,13.88,165.67,499.81,69.12,350.23,12.72,274.84,58.21,97.7,734.69,451.75,308.72,61.7,76.82,669.05,1578.78,603,87.8,581.14,143.21,42.935,69.89,307.91,65.59,251.99,1599.52,112.37,53.27,163.39,164.5,191.88,407.77,184.42,35.36,303.24,766.58,179.11,94.59,119.69,186.79,87.66,47.19,6.08,42.35,558.3,13.17,89,137.34,312.35,116.23,44.4,204.21,13.27,229.83,220.78,170.74,19.25,294.23,125.37,62.53,191.12,88.43,73.63,79.06,76.04,104.11,9.04,277.94,186.83,91.84,27.1,56.27,83.33,63.78,215.6,10.01,56.52,137.6,113.03,16.81,95.73,78.62,58.84,151.85,25.87,143.91,198.42,881.34,20.56,219.95,40.68,143.76,136,186.93,215.21,99.83,13.73,106.38,36.35,311.28,175.43,99.95,765.81,45.44,22.35,210.31,707.24,113,8.42,143.98,210.39,11.78,41.54,258.12,152.35,11.56,723.41,108.03,91.8694,245.35,19.07,107.5,24.51,13.95,117.56,130.28,203.79,217.67,360.3,203.81,37.897,52.61,75.21,104.77,30.67,39.92,60.49,36.1651,29.72,57.82,79.52,178.89,14.1,145.72,15.74,7.55,213.61,106.58,187.6003,31.76,90.18,40.42,8.76,20.9,52.1,99.84,311.58,82.16,3.32,102.71,34.18,258.71,125.585,55.64,78.55,31.35,32.79,561.25,12,5.55,1452.02,151.98,513.21,230.9,93.47,15.9,515.99,,205.66,424.17,17.64,73.1,432.75,738.18,94.63,93.41,232.8,57.93,808.795,40.58,66.31,70.84,294.45,51.32,72.98,25.23,61.65,1191.19,65.97,213.73,358.45,121.8,42.54,150.26,374.61,84.99,459.3,193.3,23.26,255.16,43.8,298.26,220.83,433.45,397.28,467.66,225.99,192.78,55.95,20.92,295.17,95.84,76.36,82.99,703.49,128.98,396.39,265.6,98.44,54.35,955.76,25.55,54.48,83.97,144.3,27.45,20.95,326.42,235.99,390.76,230.59,163.67,126.47,112.3,272.93,28.55,340.19,247.12,279.33,96.69,194.56,195.91,367.13,448.29,70.99,33.63,146.87,154.35,362.79,88.53,208.51,86.56,84.23,27.78,47.93,27.2,488.74,112.58,217.5,75.18,217.65,74.73,130.35,142.73,22.8,134.91,79.9,99.97,52.14,115.86,57.57,51.58,174.35,175.2,84.44,44.58,45.19,145.85,118.29,150.63,169.74,16.16,58.23,196.02,80.7,551,72.12,16.25,146.17
2026-05-13,223.1,298.87,208.5,132.97,83.83,6.52,64.75,159.64,236.07,432.39,82.89,208.63,109.09,195.97,127.95,63.53,98.67,43.78,224.09,200.94,291.48,436.61,39.1,445.5,231.42,336.45,74.61,28.98,173.87,270.13,140.69,310.9,306.2,62.32,45.48,453.53,802.7,34.81,221.21,36.89,1581.58,74.81,164.83,179.95,102.37,8.4,160.99,416.79,376.82,309.61,121.935,240.6,145.81,49.84,289.76,150.5,204.53,155.03,65.41,41.15,1094.1,56.39,134.99,41.63,485.52,53.06,13.22,56.5,119.62,23.412,124.1,902.3,55.82,316.01,140.65,,89.62,115.39,19.74,354.55,274.89,143.06,300.71,75.85,577.9,21.24,87.87,10.99,24.94,297.13,709.57,42.16,181.54,403.71,201.8,117.4,91.91,24,1033.08,189.36,108.75,165.84,11.46,140.6425,111.31,101.87,44.4,163.55,83.35,19.6,98.11,186,62.72,71.05,149.07,31.37,205.31,580.65,243.87,140.73,165.99,497.14,104.9,25.03,193.31,38.84,308.48,54.54,142,123.9,46.9,58.57,126.36,249.62,106.16,67.21,103.83,10.16,399.64,137.76,42,145.04,134.93,8.28,1077.28,68.25,406.94,112.35,82.46,2.58,81.39,42.16,93.09,46.9,188.63,44.27,142.41,67.26,13.57,43.77,67.16,264.65,369.7,44.12,25.0283,42.6,2034.63,696.07,240.79,129.31,66.47,64.18,234.6,72.68,117.69,20.67,38.26,341.36,45.7,96.23,128.94,294.71,61.89,1062.57,74.99,133.05,137.29,430.5,206.51,75.81,399.04,402.62,67.01,955.42,1252.85,70.03,427.54,302.55,291.8,24.14,2.76,21.05,311.41,217.96,76.75,483.79,304.85,108.32,65.19,273.1,79.91,178.53,130.1,55.13,172.65,214.64,154.8,112.75,528.68,94.32,116.35,31.38,154.66,88.6,89.84,51.77,48.51,135.28,145,120.29,371.71,55.26,44.67,55.17,126.12,432.27,225.71,88.97,161.99,250.1,282.67,420.07,101.32,61.1,121.76,86.2,61.73,156.44,72.28,188.19,102.01,78.99,240.66,41.86,143.8,33.77,26.13,230.42,11.06,300.25,61.78,29.31,31.27,55.73,97.43,184.971,97.04,32.81,80.26,66.24,67.14,312.58,52.49,17.19,5.48,6.39,124.17,192.31,304.93,20.02,513.26,89.58,1030.37,1015.75,519.94,72.3,220.45,108.62,295.44,35.68,13.68,168.46,490.64,70.53,350.19,12.75,275.7,59.79,96.71,737.18,438.32,303,61.52,76.21,667.42,1562,616.63,88.71,576.79,147.1,42.965,71.54,307.89,63.73,249.09,1650.35,113.45,50.42,159.14,177.95,193.83,405.21,178.03,36.07,305.4,803.63,207.27,94.85,118.96,192.62,87.56,47.05,6.54,42.34,551.8,14.71,87.05,131.08,310.58,118.58,44.5,195.32,12.82,232.34,225.83,172.91,21.17,298.41,136.37,61.52,189.18,88.79,69.66,78.2,74.24,115.71,8.86,276.97,189.76,89.7,34.17,56.18,84.43,63.66,227.79,9.47,56.47,134.9,111.78,16.6,99.6,77.22,58.91,149.27,25.96,142.24,195.96,882.37,19.35,218.22,40.74,142,130.05,187.91,209.86,99.08,14.37,105.46,35.75,303.7,171.82,103.88,773.72,45.23,21.44,213.17,714.71,113.2,8.66,146.79,210.97,11.03,41.96,264.2,154.12,11.46,719.88,106.26,91.9887,244.99,18.415,106.88,24.92,14.27,124.15,134.85,202.37,211.76,368.85,202.92,37.762,52.14,74.3659,104.6235,30.47,39.7271,60.11,35.8195,29.735,58.34,78.62,178.11,14.46,149.94,16.08,8.1,207.66,105.95,189.6146,31.75,91.17,42.77,8.63,20.58,55.03,95.4,306.34,82.19,3.26,102.62,34.27,269.87,125.62,55.38,79.35,31.17,32,572.46,11.96,5.61,1447.23,152.37,509.28,231.75,93.14,15.31,528.29,,200.56,406.55,18.37,72.72,430.9,742.31,91.62,91.68,237.08,63.39,817.35,40.44,68.14,69.81,302.09,49.73,73.19,24.74,63.81,1201.4,66.84,207.66,363.38,121.48,42.65,147.03,351.03,84.8,446.03,190.28,22.33,263.29,43.46,295.02,270.77,445.27,399.8,471.02,226.99,192.61,54.39,21.07,306.34,95.7,74.7,85.03,664.77,126.37,401.16,264.65,98.45,53.31,935.26,25.42,52.74,85.16,142.04,27.51,20.18,320.31,235.78,391.83,231.23,163.61,125,113.45,274.41,28.21,339.04,244.1,274.54,95.89,197.21,193.52,369.99,453.06,70.58,38.5,142.61,155.4,364.71,90.35,208.37,87.51,85.08,28.37,47.21,27.25,494.09,112.2,220.14,73.53,216.44,75.71,131.47,142.22,23.12,135.85,79.91,98.98,52.06,116.76,57.63,50.99,173.62,176.85,84.72,44.21,44.67,146.71,118.72,151.57,168.34,16.68,59.1,198.28,79.75,564.26,69.78,16.04,152.43
2026-05-14,203.57,298.21,210.77,133.67,84.9,6.41,63.19,163.99,237.01,426.79,81.41,208.37,109.6,192.66,128.6,67.57,98.64,44.46,228.64,191.1,293.45,440.56,38.59,449.7,232.14,336.23,72.09,33.28,170.5,267.22,147.81,315.41,299.87,64.595,46.71,485.16,822.13,35.11,228.5,36.14,1584.51,83.01,162.57,180.87,102.07,8.18,165.27,439.79,388.19,312.77,114.98,229.21,141.12,49.85,303.41,143.29,191.37,154.48,64.61,42.66,1104.03,56.77,135.98,41.12,484.06,53.55,14.75,58.4,122.46,24.132,124.82,920.22,56.27,320.09,132.45,311.07,87.31,112.51,19.4,352.84,275.26,148,294.93,78.36,591.57,22.29,88.84,10.93,25.17,297.7,716.45,42.54,185.79,404.94,212.01,118.97,89.38,24.92,1041.25,184.54,107.63,167.58,11.6,144.9875,114.215,115.53,45.92,165.95,83.3,19.77,97.15,186.64,62.97,71.55,153.7,31.15,202.84,574.64,247.89,139.36,164.54,500.8,105.42,25.15,192.84,38.78,304.01,53.79,143.8,124.31,47.24,57.82,136.75,248.88,107.13,67.38,103.46,9.8,396.71,137.88,48.01,139.26,135.99,8.17,1079.68,68.81,408.1,112.9,82.73,2.69,81.34,42.25,92.06,46.63,190.52,44.4,142.19,67.29,14.48,43.98,66.14,268.28,379.98,44.5,25.4,41.81,2042.36,746.47,238,127.99,65.32,65.08,231.62,73.01,121.86,21.01,37.24,340.62,44.75,93.95,125.67,291.54,62.67,1090.53,73.84,132.06,142.15,427.21,208.28,77.75,397.17,401.07,67.33,968.96,1284.19,69.21,432.7,304.35,297.15,24.24,2.97,19.45,316.52,217.72,80.7,482.03,301.35,109.37,65.79,272.37,79.85,179.66,131.2,55.76,171.33,218.37,155.72,113.42,532.86,94.26,117.04,31.56,156.77,90.64,89.53,51.47,48.76,136.14,143.24,115.93,378.29,57.47,45.07,58.4,127.75,428.06,224.46,89.44,163.2,250.77,284.45,423.38,101.58,61.56,122.5,86.68,61.67,157.28,72.49,185.94,101.33,80.19,243.06,43.4,145.03,32.86,26.22,230.8,10.64,299.91,62.38,29.1,30.89,56.26,99.57,189.294,96.67,33.4,80.45,66.79,67.74,316.3,54.85,17.19,5.14,6.27,125.55,192.32,307.62,19.27,511.65,86.95,1001.81,1006.7,520.41,72.45,223.61,108.55,299.15,36.52,13.05,169.99,489.94,70.94,353.47,13.29,274.97,58.1,97.04,747.23,432.68,303.09,60.97,76.97,670.19,1607.37,618.43,89.72,575.23,145.12,42.91,72.41,313.64,60.31,248.82,1613.97,113.41,50.03,160.02,182.58,194.53,409.43,186.97,35.73,307.25,776.01,221.15,95.68,116.33,199.81,86.94,47.42,6.25,42.02,548.65,14.46,90.5,134.72,317.64,119.93,45.54,196.91,12.93,232.85,235.74,173.96,22.32,294.17,142.75,61.96,198.81,91.03,67.21,81.05,71.58,118.37,11.21,277.28,195.61,89.68,34.86,56.84,83.8,61.09,238.21,9.67,56.83,133.61,112.6,16.81,95.58,77.75,59.55,148.67,25.75,142.71,196.88,880.43,19.03,220.1,43.04,142.66,133.73,191.86,213.45,99.77,20.57,105.92,35.78,303.03,171.51,105.55,780.08,45.04,22.13,200.08,719.79,113.76,8.6,147.88,212.37,11.73,43.72,265.38,156.31,13.99,712.87,99.85,91.22,240.57,19.27,105.98,24.62,14.52,132.55,130.46,202.46,213.27,367.84,203.66,37.7426,52.435,74.9975,105.4359,30.465,39.3987,60.54,35.5951,29.69,58.74,79.05,175.68,14.66,149.47,16.51,8.64,201.21,106.4,186.2648,31.8,89.44,50.24,8.74,20.8,55.63,97.42,309.18,82.16,3.66,99.08,32.91,263.85,128.1,55.75,75.51,31.37,33.03,578.34,12.06,5.36,1382.72,150.76,510.02,234.37,93.68,16.02,530.03,,202.8,403.92,18.22,72.94,432.54,748.17,86.8,92.86,234.68,64.38,804.76,40.02,67.06,71.26,305.51,50.15,73.05,24.65,64.95,1178.82,65.4,206.69,356.55,123.08,40.79,147.35,352.88,84.92,448.21,188.19,23.07,267.48,43.76,298.29,280.69,443.3,417.72,481.67,242.41,198.04,52.95,21.52,308.17,96.02,74.69,86.38,660.01,127.22,399.09,269.34,98.42,52.5,972.96,24.83,53.42,83.96,143,27.62,19.5,322.52,233.83,392.15,231.96,164.8,125.78,115.19,274.1,27.88,341.48,244.77,275.09,95.32,197.63,194.56,376.23,450.41,74.3,37.99,141.9,156.02,367.4,89.96,209.01,88.49,85.02,27.65,47.06,27.12,489.15,111.64,217.75,73.79,218.82,77.69,132.46,139.26,24.17,134.85,80.03,100.09,51.67,117.11,58.07,51.29,174.51,179.5,84.98,43.91,44.9,146.63,118.67,152.78,169.22,16.12,58.86,205.55,80.38,565.19,71.53,16.58,153.7
2026-05-15,190.36,300.23,210.39,132.85,84.47,6.05,63.67,168.82,247.6,417.49,80.4,214.48,106.36,180.33,125.15,65.82,98.02,43.6,232.68,180.38,286.98,436.62,36.69,424.1,227.9,326.31,70.35,33.03,170.63,264.14,141.97,317.22,295.38,62.5,42.56,501,799.32,33.84,209.16,35.47,1501.81,83.67,154.22,176.48,92.24,7.71,158,425.19,391.88,313.48,123.78,220.49,132.59,49.77,275.95,135.33,192.95,154.13,64.12,38.75,1081.9,57,135.02,40.23,482.7,52.68,13.35,57.9,117.89,24.129,123.42,888.31,55.61,324.15,129.95,279.72,86.66,107.51,17.61,347.24,267.2,140.33,285.27,79.05,554.46,20.33,88.13,10.31,24.76,298.86,696.53,41.53,187.17,382.45,195.43,122.41,83.05,24.21,1048.95,172.17,103.21,173.51,11.18,148.52,107.3,118.21,45.66,168.31,82.21,19.54,95.89,191.1,61.73,70.23,159.2,31.19,207.98,561.83,241.99,135.39,161.91,495.37,102.72,25,188.51,38.75,302.29,51.1,139.78,120.95,49.49,61.63,137.22,247.62,105.36,65.07,101.72,9.44,392.68,133.05,52.89,133.07,140.26,7.865,1059.44,67.17,399.44,109.03,80.5,2.55,81.38,41.37,91.07,45.57,178.86,43.38,136.9,65.94,13.4,43.26,63.01,268.17,375.78,43.82,24.85,41.8,1992.74,722.04,225.38,126.27,64.85,66.16,233.37,71.28,122.78,20.65,36.2,334.5,42.44,87.35,116.37,281.53,60.76,1049.23,71.03,129.58,144.01,417.29,191.81,74.86,393.32,396.78,67.58,948.47,1272.47,67.12,423,297.51,288.84,25.05,2.69,17.64,316.17,213.24,77.14,479.97,305.12,102.47,64.15,260.35,79.46,177.67,132.01,55.41,166.83,219.3,154.36,111.08,528.79,93.51,120.12,31.52,154.21,91.78,87.84,50.91,48.46,133.93,142.54,108.77,393,51.95,44.76,52.94,125.07,421.12,217.27,86.45,161.1,247.68,277.6,418.03,100.29,62.96,121.76,86.21,60.91,154.85,72.23,180.22,99.8,80.07,238.8,42.77,143.08,32.01,25.56,226.71,10.36,297.81,61.68,28.93,28.38,56.53,96.97,180.432,95.91,33.63,80.82,66.02,66.97,306.29,52.09,17.11,5.01,6.04,123.69,182.6,303.39,18.51,506.11,84.08,970.7,1004.92,516.01,70.9,218.42,107.86,284.72,33.89,12.97,168.87,494.2,69.84,353.17,12.44,276.39,56.64,93.85,760.57,428.9,312.16,60.44,76.15,659.29,1546.81,614.23,88.54,558.66,146.22,43.545,73.09,303.61,61.27,255.03,1550.02,111.38,49.04,161.05,176.89,192.51,421.92,177.42,35.4,298.27,724.66,219.94,93.36,109.06,197.56,87.02,46.3,6.1,41.88,540.69,13.95,95.07,127.81,315.95,119.93,46.34,186.36,12.19,227.02,225.32,169.01,21.32,291.5,144.29,61.12,203.12,92.32,62.25,82.77,70.83,113.11,10.62,271.77,192.95,88.49,34.86,59.62,81.18,56.4,242.83,10.27,55.41,136.24,110.32,16.13,95.83,76.44,59.11,149.12,25.33,141.57,199.73,862.72,19.47,212.08,41.62,140.53,133.99,189.61,212.84,98.4,15.97,102.64,34.88,292.47,176.2,102.18,769.99,44.41,20.35,201.49,708.93,112.66,8.01,143.08,210.45,10.505,42.85,260.29,158.17,14.06,698.25,96.57,89.37,228.32,17.85,104.79,23.49,13.79,124.77,127.05,201.88,212.75,361.73,201.56,37.4345,51.755,74.7661,107.47,30.2,38.38,59.65,35.134,29.54,57.96,77.25,171.18,13.99,145.66,16.86,9.84,199.62,106.815,174.6838,31.72,90.88,61.76,8.24,20.51,53.93,100.28,300.1,82.06,4.01,91.6,30.19,259.99,128.5,55.38,69.04,32.59,31.04,556.34,11.23,5.53,1407.61,157.47,502.42,230.29,92.55,15.61,508.52,,200.02,403.15,20.01,72.34,436.94,739.17,84.26,90.43,229.34,61.41,795.47,37.48,68.53,71.38,306.76,47.32,72.57,24.03,64.96,1148.97,61.35,205.11,337.88,121.54,39.5,147.43,334.24,83.66,438.34,185.22,23.05,271.99,43.1,299.76,273.98,422.24,404.35,466.6,242.44,198.29,49.17,21.2,302.73,92.85,75.09,85.94,623.25,124.65,393.85,270.56,98.93,49.93,961.15,24.39,53.12,82.38,148.23,27.77,18.41,325.75,226.94,384.69,231.25,168.38,125.29,113.31,270.62,27.9,334.48,250.74,267.83,93.91,195.67,190.2,370.94,436.95,69.5,37.23,139.68,153.52,362.74,87.45,206.67,87.43,83.11,27.87,46.37,26.98,482.02,109.16,213.74,73.42,219.82,77.72,131.45,130.41,22.32,130.69,77.92,96.32,50.3,116.08,59.44,51.1,171.4,176.26,84.64,43.23,43.87,145.1,116.53,157.92,174.13,15.62,56.83,204.23,79.09,549.57,70.36,17.19,161.05
2026-05-18,173.26,297.84,209.41,134.3,87.91,5.92,63.25,177.55,255.64,418.58,80.91,222.94,107.38,179.21,127.68,64.41,98.01,43.02,215.58,175.74,286.27,413.57,37.49,420.99,225.66,324.39,66.04,31.02,177.28,264.86,141.71,326.57,293.31,60.86,39.14,492.38,776.26,34.11,215.12,35.31,1472.39,86.83,149.62,178.52,93.47,7.42,161.52,420.71,399.37,312.24,105.88,220.61,133.26,50.69,258.71,137.71,191.91,155.07,66.205,43,1085.88,57.31,136.58,39.83,488.38,55.92,13.15,56.18,117.04,22.863,122.41,863.95,56.58,330.33,130.44,296.65,89.92,105.14,17.5,345.99,262,141.21,286.69,80.92,524.53,19.12,89.92,10.66,24.93,305.12,677.87,41.72,187.17,362.83,189.44,124.54,81.85,23.57,1076.47,156.27,103.39,179.48,10.51,154.7075,103.77,118.88,46.2,174.51,81.08,19.88,95.99,196.12,67.56,70.24,162.67,31.38,208.82,564.49,238.03,137.49,163.86,497.01,103.91,25.78,188.5,38.56,308,49.32,141.35,122.84,49.68,65.09,132.31,249.21,106.51,64.97,102.66,9.32,394.07,132.22,49.69,127.21,142.99,7.43,1062.62,68.08,381.87,109.58,81.96,2.43,82.39,42.34,90.92,46.63,176.1,43.97,139.27,66.77,13.03,44,60.5,270.4,369.72,44.32,24.905,43.37,1854.43,700.26,225.41,117.42,65.87,67.91,233.64,73.46,126.5,20.94,36.16,343.11,41.72,87.14,115.47,285.99,61.51,1012.25,67.84,129.67,142.18,418.43,178.55,73.1,393.11,396.94,68.67,946.36,1265.03,67.44,422.79,299.81,293.57,22.29,3.46,17.26,318.14,217.23,77.15,470.87,306,96.2,66.14,256.99,79.54,178.96,134.638,55.88,164.03,222.75,155.99,111.32,545.79,93.47,122.07,32.54,152.86,92.87,87.45,50.96,49.78,134.4,141.51,108.17,403.16,49.31,45.12,50.46,123.96,439.92,220.23,87.51,160.94,249.46,275.97,417.57,100.93,64.09,122.99,87.03,61.15,155.12,72.88,179.73,100.91,80.34,236.39,42.96,137.31,31.6,25.55,228.92,10.35,300.73,62.47,29.43,28.51,58.09,95.97,175.645,96.54,33.78,81.2,68.32,67.92,291.75,54.22,17.18,4.78,5.73,124.84,172.95,311.16,16.69,510.86,83.03,884.98,988.09,528.31,72.09,218.02,107.66,277.96,33.59,13.37,167.49,505.79,69.46,359.18,12.18,282.47,56.36,92.76,775.97,443.41,330,61.64,77.32,658.38,1585.91,611.21,88.24,555.78,152.53,44.27,73.72,306.2,56.67,259.53,1486.33,112.56,48.11,165.98,168.93,192.69,423.54,166.63,35.88,294.32,681.54,199.86,89.04,109.85,201.75,89.65,46.55,5.88,42.57,550,13.74,103.42,125.5,320.08,120.6,47.45,192.54,12.29,226.48,222.32,160.69,19.67,291.68,134.48,61.71,204.13,93.76,58.56,87.04,73.14,109.43,9.7,254.53,186.61,91.74,30.74,59.7,77.07,55.19,247.55,10.64,54.72,139.18,111.68,15.85,94.97,76.84,59.43,149.06,25.33,142.39,204,858.43,19.93,210.69,41.61,142.31,135.14,191.5,213.72,99.76,14.21,103.66,34.93,296.15,179.8,100.74,723.03,44.385,19.06,203.64,705.88,112.91,7.57,141.97,210.92,9.715,46.98,252.59,159.11,13.96,629.68,94.69,90.43,226.23,16.62,108.5,23.18,13.35,131.16,123.76,204.15,211.08,360,202.8,37.8798,51.96,75.7075,109.39,30.45,38.28,59.65,35.6186,30.02,57.7,77.72,175.95,13.49,144.37,17.54,9.54,203.34,106.6,169.8617,32.04,92.39,55.23,8.23,20.93,57.5,102.39,302.78,82.1,3.91,90.61,29.58,239.76,129.29,57.15,69.94,33.17,30.85,546.16,10.48,5.67,1333.01,164.24,498.43,227.88,93.71,15.71,495.87,,200.42,417.41,19.2,73.31,445.01,738.65,82.66,90.23,228.58,60.96,740.84,37.35,70.35,71.05,313.22,47.05,73.52,24.43,62.61,1182.35,60.24,200.51,321.05,123.4,39.48,150.25,324.21,83.56,442,190.65,22.64,274.7,43.91,305.99,248.07,409.99,395.95,460.42,242.16,197.68,49.79,21.45,300.6,92.55,75.08,77.65,604,126.82,391.13,275.13,95.53,48.68,944.57,21.275,53.45,82.05,149.29,27.7,17.4,332.64,226.53,384.44,234.25,171.5,126.77,112.13,271.42,28.5,332.75,258.52,266.33,95.01,197.12,190.32,339.73,436.58,71.52,36.95,136.75,153.71,362.36,88.14,207.38,87.09,83.53,27.2,46.76,27.1,458.68,109.55,212.61,74.37,222.73,77.69,133.34,129.49,21.14,127.67,78.1,96.41,50.22,116.98,60.58,51.74,170.75,174.36,85.9,43.75,43.94,145.72,116.32,160.49,176.21,15.06,55.77,200.46,79.59,533.1,70.63,19.19,174.69
2026-05-19,171.33,298.97,213.76,131.16,88.82,5.91,66.45,176.8,254.99,414.31,79.39,220.44,109,173.4,128.92,65.3,97.63,42.7,244.26,169,294.3,406.91,36.69,414.05,221.28,330.75,65.54,28.93,183,259.34,141.58,323.66,291.77,59.6,36.62,476.9,797.77,33.69,223.15,35.16,1459.44,88.1,150.44,177.73,89.34,6.94,160.23,411.07,392.34,309.31,112.88,215.01,135.64,50.7,261.34,137.68,190.56,154.54,65.47,45.17,1036.3,58.31,136.32,38.89,480.46,56.81,12.83,56.72,114.26,22.719,119.97,860.15,56.02,330.13,128.15,303.63,92.34,103.52,16.76,338.12,260.67,142.5,291.28,80.4,541.92,18.8,90.02,10.15,24.8,302.37,659.46,42.5,182.03,353.63,193.45,125.11,79.37,22.92,1094.32,168.99,98.54,179.42,9.8,154.22,99.81,115.38,46.08,172.2,78.99,19.82,94.18,197.25,68.13,67.76,154.65,31.61,215.15,558.07,235.26,134.72,167.04,493.98,102.29,25.54,186.28,37.74,312.75,49.77,143.15,124.56,49.69,66.95,126.33,245.73,108.14,64.26,101.92,9.41,402.27,130.65,46.76,124.22,144.3,6.88,1048.43,68.81,371.88,110.55,82.97,2.35,82.16,42.04,90.29,46.29,174.02,44.62,140.31,66.21,13.06,43.57,58.7,267.4,374.97,45.07,24.7452,43.5,1825.5,677.75,222.74,117.2,64.55,70.63,221.71,73.88,127.64,20.85,36.28,340.14,40.41,83.78,110.3,285.28,61.58,1011.8,66.68,130.5,139.9,411.5,175.83,72.63,384.9,387.66,67.94,928.74,1244.42,68.73,404.69,302.44,292.37,22.44,3.35,16.36,315.39,217.15,74.16,461.5,310.55,93.31,65.35,253.12,79.35,176.12,134.08,55.7,164.19,222.33,154.11,112.26,546.49,93.11,123.53,32.28,151.62,91.95,88.55,50.75,50.28,133.16,141.68,110.8,399.71,48.44,44.88,47.74,123.52,441.58,218.32,86.23,159.9,247.37,273,414.93,100.05,64.72,121.52,85.91,61.84,153.16,72.7,176.29,101.26,79.67,234.56,42.83,135.42,32.38,24.81,230,10,295.7,61.98,28.85,27.44,57.52,92.92,174.058,96.47,34.31,81.92,70.6,67.56,293.3,53.465,17.15,4.65,5.61,125.96,169,308.15,16.18,506.07,81.78,890.09,1021.41,526.63,73,218.37,107.12,273.38,32.46,13.18,163.01,499.7,68.53,358.69,12.44,280.8,56.58,91.81,761.89,434.49,334.68,61.29,78.58,652.12,1594.86,602.61,87.44,532.65,149.36,43.175,74,304.15,54.93,263.02,1468.11,114.24,45.72,166.07,176.27,189.58,417.42,164.63,35.35,292.59,698.74,197.73,90.06,105.09,206.73,89.33,47.42,5.74,42.42,556.34,13.67,101.83,123.71,318.2,120.59,48.27,196.04,12.29,221.73,220.61,158.23,19.43,294.28,127.12,62.09,204.46,95.24,55.88,85.7,71.83,106.02,9.125,248.08,181.46,91.92,29.72,60.7,76.03,52.87,240.13,10.55,53.77,141.17,109.38,16.41,97.34,77.33,58.4185,150.37,25.66,141.3,202.87,852.56,18.84,203.17,41.59,142.44,135.26,191.57,213.27,101.5,13.07,101.7,35.25,297.47,182.38,98.37,714.13,43.83,18.19,195.61,701.53,112.65,7.3,140.63,209.555,9.22,44.45,247.2,154.88,13.91,630.3,92.13,91.09,218.93,15.96,108.84,22.645,12.9,127.31,122.03,207.78,212.68,357.49,201.62,37.5222,51.62,74.905,110.7,30.57,37.4,58.77,35.6411,29.97,57.28,78.56,174.49,13.17,147.3,17.66,9.66,207.51,106.38,166.996,32.1,91.81,54.53,8.1,20.82,52.48,101.01,299.05,82.04,3.6,86.49,28.17,252.92,128.11,56.77,66.9,34.32,30.56,543.96,10.06,5.55,1383.29,169.55,493.87,226.26,94.14,15.23,496.74,,200.86,410.4,19.13,73.43,441.59,733.73,80.45,91.31,223.37,61.23,733.35,35.62,70.35,69.39,317.75,46.61,75.19,24.98,60.97,1179.08,59.38,196.07,321.52,127.24,39.43,150.68,314.57,83.02,447.81,193.42,23.22,276.2,43.81,305.52,251.28,404.11,392.61,448.01,238.14,195.95,49.5,22.29,302.31,89.12,74.09,76.98,583.9,125.87,389.24,271.56,96.83,47.2,927.62,19.965,53.3,81.25,152.96,27.79,16.18,329.91,221.39,379.84,234.76,173.25,125.3,111.52,274.04,28.37,328.47,262.62,259.46,95.28,194.73,192.06,322.63,434.31,70.95,37.04,134.71,152.63,360.06,88.35,207.08,86.29,82.8,27.58,47.74,27.09,455.8,111.49,218,74.55,222.34,79.4,134.2,124.14,21.34,126.79,79.73,94.86,49.04,115.85,61.29,51.1,168.74,173.24,86.09,43.94,44.34,147.32,115.03,162.55,178.56,14.94,55.81,202.3,79.13,536.09,69.17,18.3,175.25
2026-05-20,165.26,302.25,212.3,135.55,88.38,5.78,71.6,179.22,253.37,398.05,77.55,220.69,108.69,178.15,128.87,67.12,98.22,43.73,287.48,170.21,298.48,426.85,38.09,447.58,224.71,331.57,68.49,29.51,184.02,265.01,140.49,321.15,289.19,61.525,39.52,482.28,804.25,34.64,256.73,35.51,1550.13,89.58,153.73,176,92.8,7.12,163.87,417.76,398.44,309.82,104.61,222.2,134.47,51.23,282.31,135.22,187.8,156.95,66.79,45.58,1051.57,58.54,137.16,39.25,480.9,56.67,13.28,58.59,116.83,23.598,124.82,872.56,57.2,328.38,131.12,290.69,92.64,104.02,17.73,350.89,281.26,144.61,283.1,81.66,554.76,19.48,90.35,10.34,24.88,290.12,669.87,42.24,187.23,358.5,191.29,122.36,82.31,23.18,1074.01,182.98,101.45,180.1,10.75,162.5275,101.28,114.35,45.94,171.36,78.8,20.3,93.28,191.33,67.73,74.12,160.73,30.88,212.24,560.46,242.93,141.76,171.12,500.24,104.08,25.01,190.65,36.27,315.97,51.51,142.77,123.81,48.46,71.44,131.18,248.64,106.3,65.46,103.62,9.27,396.21,132.86,53.15,127.7,141.63,7.11,1065.06,69.05,379.69,111.93,83.16,2.38,82.97,42.88,91.21,47.06,180.11,44.87,142.25,67.83,13.22,43.68,60.87,269,386.84,45.44,25.045,42.69,1835.51,662.21,225.19,125.31,64.13,73.43,237.86,72.25,130,21.41,36.24,339.75,36.66,86.36,113.37,300.17,64.26,1024.52,70.79,130.69,143.82,417.4,180.69,76.14,384.9,388.91,70.78,982.12,1244.05,68.98,396.67,310.58,301.49,23.04,3.87,17.18,323.87,217.39,75.76,463.32,304.1,96.51,66.86,261.21,79.86,178.89,134.55,56.94,167.91,225,151.69,112.55,553.58,93.74,120.9,32.38,154.63,93.32,89.29,50.54,50.9,135.86,141.92,118.96,383.93,52.47,45.4475,52.71,125.81,449.03,223.28,90.14,161.72,250.77,279.87,419.59,101.73,63.28,122.97,87.01,61.89,155.32,72.45,178.9,102.41,81.46,239.33,42.92,137.75,32.46,26.44,229.32,10.07,301.98,63.36,28.69,28.62,57.79,94.34,182.947,97.55,33.59,81.55,68.68,69.17,302.05,55.82,17.32,4.76,5.68,124.39,169.31,309.15,16.18,506.63,83.49,868.07,1018.87,522.59,72.5,221.05,107.95,292.09,33.67,13.35,164.44,498.04,69.49,369.75,13.15,280.27,56.62,94.02,754.68,444.27,329.14,61.84,78.15,664.43,1651.2,605.06,88.67,541.98,149.78,43.44,73.33,316.58,56.5,258.37,1553.27,113,48.12,163.38,186.8,197.77,421.06,165.81,35.99,299.59,731.99,191.82,88.27,107.39,210.13,88.09,47.02,5.59,44.19,552.17,13.62,103.3,133.98,311.84,118.97,45.03,204.92,12.79,225.67,223.47,161.86,22.99,310.15,125.42,62.24,209.83,92.15,62.58,89.04,71.88,110.21,9.36,263.12,188.16,92.22,30.87,58.87,77.93,54.83,246.66,10.77,54.49,137.98,111.64,16.31,98.15,78.06,59.94,149.29,25.79,142.44,202.6,859.44,18.81,213.21,42.66,144.68,137.15,188.63,216.83,101.93,14.78,104.39,35.44,302.87,179.34,100.88,709.93,44.375,19.3,202.51,713.15,114.71,7.67,145.44,212.23,9.56,45.79,253.89,146.72,14.77,649.76,95.18,91.94,223.09,16.88,110.99,23.67,13.73,134.28,133.56,209.86,217.79,362.26,203.83,37.6193,52.94,75.6125,108.58,30.78,37.9183,59.59,36.1085,29.9,58.53,78.86,174.85,13.69,150.33,17.97,9.72,207.74,106.5,172.0257,32.12,90.11,56.22,8.38,21.27,50.245,105.01,307.7,82.15,3.845,89.58,29.35,258.02,129.29,57.28,68.73,34.81,33.46,564.66,10.39,5.62,1392.56,166.97,498.93,230.68,93.62,15.69,520.31,,204.1,417.01,20.08,73.56,433.32,741.25,81.38,91.46,228.3,64.93,751.07,37.13,74.35,72.05,321.49,49.96,75.46,24.93,62.92,1198.09,61.22,201.39,344.34,122.33,39.76,159.21,344.46,83.91,451.79,190.16,23.32,270.69,44.26,306.96,264.48,417.26,401.62,451.69,236.62,189.33,53.66,23.98,304.88,98.02,74.6,80.22,599.21,130.18,383.3,265.8,98.87,48.04,936.27,22.57,54.5,81.12,144.27,27.73,16.78,330.75,225.01,389.57,233.14,169.17,126.76,113.83,274.77,28.4,333.47,253.77,263.26,96.49,195.25,192.92,315.67,430.44,75.27,40.16,144,154.63,364.19,88.6,208.38,87.4,84.17,27,47.82,27.42,459.62,110.65,218.61,75.81,219.59,77.88,130.85,127.16,21.63,131.71,79.86,98.92,49.72,116.1,59.8,51.66,170.73,177.14,85.52,44.43,44.51,147.13,117.94,156.28,174.73,15.14,57.25,210.73,80.96,563.62,70.89,18.34,174.45
2026-05-21,176.81,304.99,214.5,134.25,87.77,6.12,71.59,177.87,244.1,384.21,77.12,220.075,109.84,177.75,129.61,67.18,98.34,44.67,297.84,169.9,300.51,427.36,38.5,449.59,223.17,337.42,65.9,30.22,183.78,268.46,148.59,324.22,290.19,62.43,48.02,485.89,816.22,34.46,298.23,35.25,1592,96.23,160.41,177.46,91.85,7.17,163.09,414.57,389.84,309.7,121.02,219.61,131.47,51.49,307.88,131.18,189.47,159.68,65.8,44.65,1063.75,59.55,138.98,39.65,479.98,57.15,14.92,57.99,118.57,23.655,125.22,865.95,57.25,330.26,131.04,281.86,92.04,105.33,17.83,358.46,285.83,148.9,282.02,82.15,587.23,21.52,90.44,10.7,25.08,289.29,638.78,42.47,186.66,378,193.56,120.55,83.02,24.82,1050.45,193.39,101.03,176.31,11.14,162.0575,107.58,118.2,45.9,172.36,79.04,20.32,93.32,191.01,68.29,75.65,159.27,30.7,218.04,531.35,252.8,144.14,173.33,503.11,103.58,25.4,194.27,35.91,316.47,54.34,143.75,124.66,47.11,71.9,136.57,250.18,107.4,66.03,104.19,9.45,389.82,134.9,62.34,131.39,139.98,8.17,1078.42,69.63,381.51,112.27,83.65,2.61,83.2,43.05,91.37,47.34,186.42,45.35,143.91,68.27,13.67,43.53,62.31,271.66,388.91,45.5,24.8831,43.62,1835.33,703.27,225.84,128,64.26,71.44,248.88,71.41,129.46,21.4,35.89,338.71,35.16,85.99,112.21,301.76,64.33,1043.82,81.35,130.5,139.03,416.99,191.89,77.21,383.47,387.66,72.59,988.17,1239.26,68.52,392.56,313.78,301.2,24.01,3.85,17.3,322.76,223.8,75.92,460.98,303.68,105.26,66.66,259.89,79.9,179.73,134.29,57.04,169.06,252.97,151.49,113.59,553.07,93.8,118.13,31.89,155.81,92.48,90.44,50.2,50.54,136.27,144.83,118.5,307.07,58.89,45.35,58.06,127.33,439.8,223.15,90.82,162.15,249.93,282.49,420.65,102.04,62.68,123.4,87.2,62.29,155,72.5,180.38,102.56,81.37,240.08,44.19,135.47,31.47,27,231.73,10.4,303,63.46,28.78,28.68,57.88,94.76,184.218,98.73,33.5,81.17,67.07,69.21,304.23,54.67,17.46,4.99,5.84,123.04,177.15,306.33,16.2,514.51,84.38,964.5,1041.65,522.79,73.28,217.41,108.17,302.24,34.24,13.48,165.98,499.62,69.5,370.56,13.55,284.18,55.96,91.11,766.5,445.37,317.5,61.5,78.15,665.25,1677.9,607.38,88.79,537.97,151.6,43.16,73.71,314.95,61.74,248.43,1561.25,115.88,47.26,165.12,190.69,200.51,419.09,164.85,35.66,302.16,762.1,219.93,89.69,108.33,212.65,89.3,47.71,5.6,44.39,551.58,14.18,99.69,136.92,311.44,123.945,44.69,203.69,13.16,226.44,219.51,163.57,24.38,299.38,121.02,62.23,207.69,92.62,65.09,89.44,73.77,109.61,9.18,261.45,189.77,92.34,35.09,58.83,79,54.8,252.92,10.57,54.54,134.35,109.34,16.44,97.79,78.48,60.3156,148.85,25.95,143.4,198.97,864.73,18.85,213.76,42.48,144.63,137.415,188.46,218.37,101.84,14.82,106.63,36.17,304.99,174.05,102.01,716.91,44.3,25.74,213.41,714.51,115.49,8.38,149.33,212.74,11.41,46.14,260.32,150.04,15.35,642.59,95.7,91.63,222.33,22.04,112.41,24.47,14.15,125.45,141.82,208.98,217.19,364.48,204.71,37.6019,53.534,75.7278,107.16,30.8,38.13,59.52,36.1971,29.87,59.33,79.64,175.98,14.445,153.73,18.11,9.64,208.07,104.13,176.996,32.25,90.41,63,8.81,21.34,57.7,104.86,309.34,82.14,4.13,89.38,29.2,263.51,129.77,57.25,69.45,33.25,33.46,567.88,11.33,5.69,1542.24,165.54,503.98,230.76,94.24,15.65,524.71,,204.9,415.73,19.21,73.69,489.93,742.72,79.29,91.55,231.84,65.66,810.46,37.74,73.54,72,313.5,50.95,77,25.34,64.86,1209.32,63,202.57,353.44,126.15,39.24,157.46,360.48,84.22,449.37,190.9,23.04,270.24,44.46,307.23,279.01,417.85,407.15,447.64,238.08,183.3,58.835,24.68,298.39,99.64,73.61,80.58,586.31,130.95,382.48,265.44,98.25,48.86,932.18,24.29,54.56,81.24,142.54,27.73,17.86,331.12,226.61,392.86,229.78,167.28,127.01,114.49,276.54,28.52,333.32,241.09,262.08,96.67,195.89,194.93,323.4,433.54,70.76,42.17,149.08,155.21,365.09,88,209.02,87.48,84.58,26.21,48.27,27.1,486.46,112.11,216.01,75.92,217.75,77.52,121.34,127.24,22.92,132.78,80.2,99.56,50.02,116.1,59.13,51.73,170.53,178.6,84.66,44.5,45,148.15,118.7,155.29,170.65,15.63,57.87,203.57,81.79,576.55,68.65,18.05,171.01
2026-05-22,181.49,308.82,215.7,132.35,87.41,6.36,73.35,179.24,244.76,397.07,77.52,225.31,111.29,175.91,131.59,65.22,98.44,45.15,306.88,171.58,297.45,432.16,38.38,467.51,224.52,339.3,65.75,31.77,183.85,266.32,154.03,324.78,289.47,66.03,45.87,481.68,806.46,35.42,306.51,35.35,1632.9,105.86,162.29,177.81,90.64,7.07,174.23,414.14,386,311.78,140.83,219.02,130,51.8,302.49,127.79,193.76,161.06,66.06,47.87,1073,59.46,139.15,40.29,486.38,57.78,14.65,58.5,118.51,22.977,125.09,879.89,57.27,327.89,131.07,256.78,91.46,104.75,17.63,373.59,294.07,145.15,286.24,84.28,583.74,21.97,90.61,11.23,25.205,291.23,639.55,42.83,187.79,377.57,184.99,120.46,83.35,25.26,1028.24,218.41,100.37,180.07,10.98,165.865,105.49,120.41,45.52,172.93,79.56,20.35,93.26,191.43,67.67,76.14,160.25,30.54,222.32,529.15,295.19,143.73,172,506.12,103,25.12,192.03,36.01,316.52,52.82,145.3,125.67,47.22,72.1,137.41,253.32,108.54,65.88,103.98,9.78,394.69,136.42,64.03,135.28,141.22,8.06,1079.79,70,391.35,112.4,83.94,2.62,85.78,42.91,91.61,47.09,182.03,46.23,143.3,68.01,14.93,43.94,61.99,273.87,394.2,46.31,24.8172,43.56,1828.25,703.86,226.19,128.99,63.98,73.99,257.85,70.99,133.93,21.44,35.52,342.89,35.02,85.02,111.62,302.84,64.23,1038.74,85.64,134.36,120.23,413.82,194.05,78.79,379.38,382.97,73.26,996.73,1247.79,68.32,394.07,313.07,301.04,23.75,4.07,16.98,321.08,227.92,73.64,475.01,307.95,105.9,67.5,256.55,79.91,179.89,134.11,57.3,168.79,253.84,152.97,114.48,559.37,93.88,119.14,31.9,157.19,94.01,91.51,50.66,50.57,137.4,144.41,119.84,319.94,63.64,45.2402,56.83,126.46,438.1,225.37,90.97,162.93,252.2,285.12,422.5,102.18,62.98,123.79,87.55,62.98,156.14,72.88,181.64,102.72,81.45,241.77,44.7,138.36,30.52,27.13,234.34,10.92,306.38,63.54,29.12,28.29,57.61,94.04,188.838,99.14,33.79,81.48,67.25,69.37,299.45,56.18,17.53,4.87,5.84,126.01,179.36,311.98,15.89,517.58,85.28,946.9,1065,533.24,73.95,215.03,108.37,305.35,38.26,13.9,165.55,498.54,69.36,369.15,13.81,282.27,55.54,93.43,766.08,449.12,326.13,61.76,78.6,670.65,1664.42,610.26,88.99,536.48,152.44,43.395,73.9,318.94,64.46,254.65,1589.81,122.41,46.88,164.11,196.33,201.03,418.57,159.89,35.8,303.6,751,214.77,88.55,107.64,216.17,88.6,47.85,5.2,44.67,555.58,15.47,102.13,137.65,314.53,139.36,47.12,203.19,12.73,232,215.33,164.66,29.25,316.47,130.5,62.02,210.47,94.03,65.88,92.24,74.93,116.2,9.06,262.25,192.08,91.74,37.03,58.81,87.2,53.94,260.58,10.93,54.94,137.8,109.35,16.49,94.52,79.51,60.61,150.57,25.9,144.44,199.51,866.96,19.29,215.91,44.35,145.9,136.88,188.99,219.23,102.94,14.59,107.78,36.32,305.25,177.69,99.19,723.44,44.23,29.4,238.16,717.54,116.62,8.2,153.44,214.38,12.31,48.16,256.1,141.67,17.49,638.88,96.82,92.0251,220.29,26.42,111.96,24.49,14.22,135.76,142.98,208.05,234.81,367,206.58,37.5126,53.94,75.78,108,31.07,38.37,60.055,36.29,30.04,60.94,80.38,177.01,14.62,151.56,18.71,10.61,205.57,103.11,177.5395,32.83,90.15,61.95,8.7,21.34,68.06,103,309.08,82.12,5.12,88.11,28.83,276.14,133.03,57.28,68.36,33.77,35.58,576.32,11.4,5.72,1478.69,172.2,524.74,237.34,94.55,15.62,537.33,,204.41,417.6,21.16,74.09,519.86,745.64,80.18,92.8,240.03,66.86,812.73,38.05,82.42,71.83,316.48,54.03,76.29,25.26,65.95,1213.51,62.66,202.78,358.44,125.6,38.87,158.27,372.45,84.68,448.28,191.47,23.16,276.75,44.4,306.46,283.43,426.01,404.52,451.02,227.55,187.88,60.57,23.68,309.21,99.96,71.82,84.01,610.81,131.21,388.47,265.88,101.02,48.96,938.62,25.3,54.83,80.47,140.92,27.77,18.04,328.88,227.78,394.75,229.69,168.02,127.37,115.75,279.27,28.5,336.09,246.96,260.65,96.77,195.55,196.47,327.46,434.52,74.56,47.25,156.27,155.57,366.79,88.18,210.9,87.54,84.46,26.42,48.35,27.03,484.28,113.41,216.17,76.4,217.9,78.47,120.27,126.53,22.82,131.66,81.08,100.01,50.29,115.46,59.49,51.94,171.77,180.39,84.8,44.56,45.35,149.89,119.18,154.92,171.95,15.59,57.79,202.92,82.54,603.93,68.08,18.79,182.37
2026-05-26,177.62,308.33,213.12,132.68,86.67,6.51,86.46,177,240.49,419.94,78.01,218.35,111.03,180.57,130.9,69.27,98.72,46.12,318.72,174.69,295.5,454.89,38.95,503.89,229.44,335.94,73.46,35.51,184.95,265.29,158.01,319.29,289.6,69.78,45.14,514.24,808.43,36.31,321.22,36.1,1632.03,119.7,168.76,177.72,97.49,7,182.26,422.01,385.3,310.72,132.6,218.9,129.47,52.2,302.4,126.83,193.08,163.3,66.73,48.77,1077.4,58.03,141.05,40.9,483.62,57.64,15.11,60.32,118.12,23.052,126.86,908.55,58.11,325.45,129.76,241.71,90.64,108.17,18.37,381.75,301.57,144,280.83,84.48,602.39,23.02,89.85,11.98,25.15,282.54,668.75,42.93,186.42,381.35,180.01,116.57,87.51,26.37,1002.93,221.64,102.11,179.08,11.74,167.8875,105.89,118.33,46.61,171.09,79.09,20.77,90.73,184.71,67.28,79.39,154,30.03,223.65,529.12,305.08,145.6,172.81,505.25,103.28,23.81,193.67,35.28,310.42,60.51,144.62,124.97,45.14,72.01,139.68,254.23,107.7,68.4,105.13,9.505,387.85,140.97,66.9,142.12,136.2,8.73,1077.63,69.7,403.13,111.97,84.11,2.73,87.54,43.75,92.9,47.42,200.65,46.03,143.99,69.16,15.32,44.45,64.36,273.82,400,46.64,24.89,42.22,1883.56,680.77,229.19,136.48,64.96,73.01,269.95,71.41,133.96,21.77,35.75,344.64,33.99,88.5,116.66,314.49,64.18,1070.47,89.96,133.73,114.97,414,196.17,79.79,384.84,388.88,73.28,994.52,1249.22,68.72,392.42,310.54,308.86,23.85,4.1,17.58,323.81,231.72,74.09,478.05,301.69,112.54,68.16,261.89,80.18,179.1,133.36,57.79,169.42,250.69,150.64,114.41,557.21,94.28,115.42,31.92,161.06,94.05,91.19,49.79,50.37,139.59,145.225,123.52,304.35,63.62,45.3202,59.78,128.4,436.64,229.49,92.09,164.12,250.41,290.51,425.64,102.15,61.39,123.81,87.53,62.5,158.15,71.72,185.31,103.12,83,247.42,44.74,140.22,29.99,28.26,230.18,11.52,306.74,64.24,29.55,29.49,57.24,94.99,201.139,98.77,32.87,80.46,64.55,70.3,302.68,56.8,17.49,4.99,5.97,128.12,183.36,313.47,15.88,514.97,86.35,910.81,1064.74,532.9,73.68,212.08,108.78,322.68,34.86,13.58,166.52,493.01,69.63,373.81,14.28,279.26,56.1,98.05,754.4,451.1,307.35,61.24,77.6,681.07,1648.04,612.34,89.69,560.93,154.03,43.71,72.37,342.61,66.99,248.05,1662.98,119.72,47.03,161.97,208.26,201.76,416.03,159.93,35.95,314.05,895.88,208.06,87.65,111.61,217.54,87.68,47.8,5.26,44.94,556.8,16.46,99.92,140.43,320.22,138.95,46.55,200.91,12.98,240.29,214.86,169.29,31.79,332.67,131.21,62.45,216.61,90.44,68.7,93.81,74.41,127,9.77,274.17,193.06,89.87,42.7,57.46,88.35,55.35,256.75,11.09,56.31,132.82,112.01,16.42,96.64,80.07,61.65,145.68,25.85,142.96,198.78,868.03,19.33,218.47,48.32,146.94,136.6,181.53,220.81,102.83,13.35,109.54,36.12,304.47,173.88,99.98,742.18,44.16,27.82,248.82,730.28,118.37,8.71,158.62,215.79,11.68,46,267.71,144.64,22.04,634.62,98.96,92.19,225.95,25.065,114.55,26.08,14.39,143.2,157.23,207.98,234.68,376.3,207.64,37.4736,54.16,75.9009,105.34,30.76,38.9,60.85,36.43,29.67,62.39,80.42,178.97,14.65,154.89,18.56,10.74,201.73,101.42,187.6285,32.67,89.4,70.75,8.97,21.62,65,104.9,311.25,82.21,6.2,91.33,30.03,290.32,133.62,57.98,69.72,31.79,37.1,602.14,12.22,5.75,1589.55,177.6,534.56,240,94.09,15.98,570.09,,206.94,412.48,23.75,73.88,529.71,750.59,80.43,91.55,250.49,70.69,845.76,39.2,83.42,71.9,313,52.87,75.32,25.02,68.96,1226,65.21,208.6,389.14,125.43,39.73,158.97,389,85.1,448.18,191.11,23.32,269.89,44.78,304.84,288.53,433.59,412.32,461.43,220.67,189.65,64.87,24.62,324.89,105.92,70.12,87.46,608.16,134.39,376.86,271.1,101.97,50.86,962.92,27.73,55.22,81.3,137,27.75,18.4,326.48,231.88,396.62,226.39,163.72,127.36,118.05,277.31,28.62,341.95,241.45,268.94,97.22,196.74,196.65,323.91,435.93,81.4,50.37,164.56,157.38,369.46,88.37,212.13,88.2,86.11,25.64,48.49,27,524.65,112.99,218.13,77.52,215.48,76.34,118.57,130.27,25.18,133.35,80.78,102.34,50.99,115.55,57.85,51.85,174.3,185.14,83.63,44.71,45.33,148.51,119.45,149.81,166.1,16.55,58.08,210.75,82.96,632.23,69.17,19.65,184.6
2026-05-27,179.83,310.85,215.4,132.1,85.68,6.55,88.64,176.36,238.24,416.88,79.55,217.65,111.12,174.91,129.57,70.44,98.8,45.86,325.33,177.47,295.63,448.25,39.67,495.54,226.38,336.06,72.19,35.94,184.98,271.85,154.31,318.54,285.73,70.12,48.98,567.83,820.63,36.395,302.71,35.92,1597.87,129.6,169.84,176.24,94.52,6.81,181.28,421.86,391.32,312.54,122.77,224.3,127.76,51.1,293.8,129.91,196.97,168.37,63.2,51,1070.34,57.52,139.74,40.07,479.92,50.46,15.54,60.55,118,23.67,125.39,909.93,57.42,320.63,130.15,266.9,90.87,107.44,17.84,374.05,288.68,147.18,285.75,82.04,582.08,25.16,91.29,12.83,25.22,279.1,667.85,43.07,188.8,380.18,173.78,115.13,86.09,27.2,1003.69,221.23,106.25,177.51,11.58,161.34,104.27,119.67,47.14,169.86,79.89,20.49,92.07,182.4,67.2,81.8,157.58,29.49,221.81,529.39,305.32,147.81,173.13,506.88,104.18,25.07,191.71,34.49,311.72,60.73,145.27,125.35,44.27,70.26,141.48,262.58,108.01,68.39,104.77,9.55,391.47,139.72,70.28,140,134.3,8.61,1070.22,69.62,406.37,111.51,84.17,2.76,86.51,43.69,92.29,47.23,198.29,46.19,144.43,68.99,15.88,44.82,63.63,274.43,411.78,46.78,24.97,42.02,1867.09,686.9,223.22,133.03,65.48,71.38,273.67,67.41,127.93,21.6,35.32,342.69,33.88,85.44,112.56,317.21,63.88,1031.89,81.11,133.69,109.88,408.49,190.89,84.12,384.83,388.83,73.46,996.47,1246.03,68.65,392.15,317.85,309.4,25.2,4.46,16.94,336.72,231.55,76.23,484.25,306.27,117.64,67.77,258.02,80.13,177.64,131.21,57.48,169.88,255.2,149.71,113.85,550.99,94.32,113.96,30.59,160.49,93.045,91.87,50.44,49.17,139.62,150.17,121.77,307.73,65.4,45.29,67.84,127.01,418.55,230.48,93.57,164.05,250.29,290.37,425.61,103.44,60.43,122.51,86.88,62.6,158.35,72.61,184.57,102.79,84.61,246.33,44.97,138.2,29.84,29.08,231.29,11.48,299.28,63.6,30.1,28.51,56.3,95.03,195.719,100.18,32.22,81.62,64.69,69.58,306.63,57.3,17.69,5.03,6.26,130.62,180.13,309.05,15.78,507.87,85.53,902.31,1082.92,531.14,73.75,216.84,108.93,318.93,40.34,13.7,166.56,495.04,70.33,385.86,14.33,280.92,55.46,96.85,756.47,451.56,294.46,62.25,75.98,678.56,1696.17,635.255,89.62,574.39,155.17,44.62,72.11,343.18,65.21,247.05,1620.17,120.24,47.61,160.59,198.7,201.61,412.67,154.2,36.1,313.33,928.41,208.37,87.65,107.23,209.22,87.35,47.47,5.75,45.98,551.34,15.68,102.12,138,325.68,142.74,46.57,203.11,13.03,246.47,212.6,167.8,28.88,329.24,135.78,62.19,219.45,88.21,67.82,89.5,74.85,124.89,10.8,266.89,190.96,89.02,44.23,56.89,85.74,53.32,248.47,11.16,56.72,132.28,112.26,16.53,86.61,79.82,62.52,147.74,26.21,147.49,196.91,856.68,20.03,217.99,50.48,146.52,132.51,182.04,220.8,102.8,13.28,112.88,35.84,306.79,174.63,102.21,733.62,43.76,27.48,233.4,729.45,117.32,9.11,156.51,215.24,11.42,45.63,275.17,154.19,24,627.74,98.03,91.78,218.33,24.62,115.03,26.94,14.7,150.23,148.66,206.1,233.47,378.39,207.49,37.7081,55.09,75.2694,103.59,30.76,39.15,60.95,36.4373,30.02,61.92,80.17,176.59,15.2,153,17.95,9.77,200.2,102.1,185.5237,32.55,85.61,73.23,8.84,21.35,65.69,106.6,309.97,82.22,6.085,88.75,29.27,284.98,132.31,56.5,67.5,30.63,38.19,595.5,12.07,5.88,1589.94,175.26,525.92,246.76,93.74,16.17,563.98,,206.77,415.8,25.48,73.58,512.83,750.46,83.94,91.26,258.22,67.75,870.66,39.88,78.68,72.09,305.94,53.63,75.22,24.89,70.51,1240.91,65.24,208.75,375.83,128.33,39.2,157.01,379.78,85.3,456.21,190.81,24.5,263.65,44.17,299.94,277.79,440.36,422.73,457.68,218.46,181.57,64.17,25.51,317.45,112.62,70.73,91.58,609.9,131.76,384.01,279.39,104.47,50.16,988.24,26.7,54.69,82.39,131.03,27.75,18.35,327.61,232.11,403.55,228.79,160.84,126.28,117.38,277.88,28.63,342.32,240.34,275.65,96.92,198.91,195.7,319.78,437.22,85.57,48.9,160.15,157.16,369.36,88.05,211.87,88.21,85.85,25.02,48.24,27.14,530.6,113.14,214.18,76.11,215.59,74.37,118.54,127.1,26.74,134.45,81,103.31,51.18,116.26,56.99,51.42,174.3,184.43,84.58,44.63,45.14,148.79,121.55,147.9,163.36,16.45,58.3,212.94,83.96,621.42,71.42,19.46,126.41
2026-05-28,169.02,312.51,218.63,134.5,86.3,6.81,92.86,178.4,241.44,419.01,80.04,219.86,108.93,177.97,127.76,73,99,47.24,349.17,176.32,305.06,449.68,39.25,518.09,225.45,336.48,70.58,36.56,186.68,274,155.27,318.3,283.65,73.84,49.65,599.89,838.49,37.74,335.27,35.96,1605.77,133.09,170.53,173.03,96.31,7.07,214.39,426.58,439.32,315.12,115.7,228.78,126.16,50.77,290.01,132.05,196.39,169.82,64.71,51.63,1046.49,56.91,140.56,40.28,477.42,49.11,18.38,60.83,116.14,24.609,124.68,887.67,57.36,316.22,126.42,242.59,91.09,110.63,18.59,373.85,286.31,147.26,284.33,83.68,570.18,24.59,91.66,13.29,25.16,277.42,668.68,42.22,187.02,376.95,182.25,114.99,88.44,27.76,995.2,222.35,106.76,176.17,11.61,167.75,106.86,118.64,45.81,173.06,80.6,20.41,92.97,183.03,67.38,82.49,156.7,29.72,225.24,539,317.05,146.92,180.63,507.05,103.73,24.53,191.43,34.77,310.35,62.57,143.38,123.76,44.11,72.34,140.02,260.25,106.3,68.61,104.69,10.26,392.75,141.79,69.5,138.44,134.58,8.99,1069.44,69.09,401.94,109.62,82.85,2.81,85.96,43.49,92.7,47,206.41,45.58,145.81,68.8,16.65,44.76,65.87,278.89,411.4,46.19,25.57,42.22,1855.15,667.95,225.56,130.22,65.83,72.77,303.38,67.7,129.7,21.57,34.99,348.96,35.23,87.18,114.83,320.82,62.86,996,80.63,136.22,106.52,412.77,182.97,84.35,386.12,390.13,73.95,1008.37,1247.41,68.18,384.39,321.21,345.07,25.38,4.45,17.59,337.55,233,84.84,473.93,308.7,124.24,67.92,259.89,80.23,179.58,129.55,57.23,172.24,264.22,148.3,112.61,568.03,94.54,114.72,30.33,162.67,95.68,92.61,50.61,49.35,139.72,158.7,120.89,313,70.14,45.57,64.05,126.83,423.63,235.57,93.18,165.04,249.64,292.03,427.96,103.78,60.46,122.17,86.68,63.52,158.06,72.18,185.41,102.31,83.98,249.53,44.72,136.15,29.14,29.14,230.8,12.3,296.73,63.48,30.04,29.29,55.65,94.03,192.763,100.14,31.91,80.41,63.66,69.55,310.3,65.19,17.64,5.15,6.46,131.59,185.46,314.78,15.54,501.98,87.5,860.62,1126.8,537.21,72.17,217.92,109.26,318,45.7,13.82,167.03,493.75,70.87,385.76,14.07,277.97,54.99,96.04,756.98,450.45,325.68,62.39,75.57,679.25,1695.53,635.29,90.75,575.14,152.85,43.995,71.97,356.94,66.83,251.33,1633.17,119.89,47.57,159.53,204.83,203.79,426.99,151.64,36.36,314.65,923.52,226.34,87.25,108.23,228.11,86.36,46.77,5.55,47.37,559.29,15.28,108.73,137.5,307.88,142.4,48.81,213.94,13.05,249.3,214.25,164.87,28.51,330.28,137.17,61.69,220.86,87.02,68.09,94.72,74.09,123.77,13.25,258.81,203.7,89.23,42.33,57.32,73.04,55.16,257.77,11.58,56.45,136.8,112.22,16.29,83.03,79.15,62.73,146.29,26.14,145.91,194.51,852.81,20.65,218.14,51.4,145.64,143.34,178.57,219.78,100.85,13.26,112.86,35.33,309.25,176.71,100.41,730.1,44.46,29.49,243.29,735.6,118.34,9.13,159.06,215.88,12.24,46.83,281.29,167.69,25.9,621.52,101.5,91.13,222.68,27.03,115.88,27.74,15.2,148.03,148.02,203.42,227.2,377.87,208.25,37.8508,55.47,75.1555,103.56,31.22,39.37,60.87,36.3301,30.14,62.53,79.13,178.96,15.89,154.63,18.02,9.85,204.62,100.75,192.5692,32.63,85.35,73.19,9.49,21.48,74.82,115.03,305.14,82.26,5.18,90.98,30.28,282.44,135.01,55.12,68.36,31.16,41.3,599.83,12.19,5.91,1641.64,239.2,480.64,246.22,92.52,16.97,569.47,,206.77,417.68,24.1,72.92,516.71,754.6,84.05,90.03,260.75,69.45,880.72,41.02,81.41,71.47,307.63,48.81,75.92,24.88,71.93,1265.06,66.09,210.33,382.65,128.65,38.82,154.89,381.47,85.74,487.22,189.01,24.96,262.13,44.12,294.31,275.5,442.1,424.86,452.26,217.87,184.6,69.03,27.99,315.95,115.06,70.92,87.29,595.01,131.31,382.53,267,106.67,50.75,988.42,28.19,54.45,81.15,130.78,27.7,18.44,324.95,233.38,405.34,228.13,160.72,125.91,118.95,281.77,28.33,341.94,244.85,276.75,96.55,199.44,193.55,314.18,447.97,86.69,52.24,160.28,157.87,371.66,85.79,211.64,89.22,85.99,24.56,48.01,27.04,531.18,111.67,210.29,76.65,214.4,73.13,118.9,130.07,26.395,135.99,79.26,102.77,51.36,116.67,56.95,51.27,173.8,186.85,84.43,44.41,44.63,150.88,122.06,146.96,164.96,16.44,58.58,214.03,85.61,630.58,74.35,20.18,130.04
2026-05-29,158.41,312.06,217.72,133.31,85.6,6.81,86.56,187.07,259.21,413.85,79.78,221.84,107.97,183.15,126.67,73.65,99.06,47.9,342.85,176.42,301.98,450.06,38.82,516.1,225.85,336.79,69.56,35.98,186.96,270.64,159.47,316.06,278.62,74.38,47.28,613.09,835.99,37.38,353.29,35.97,1612.76,113.41,175.16,169.13,96.84,7.34,207.24,446.77,448.72,316.47,103.16,231.15,124.22,51.6,285,135.31,196,167.43,63.88,48.47,1046.88,57.18,139.43,40.15,474.48,48.31,17.49,61.68,116.97,23.655,125.9,875.87,57.66,311.73,125.04,236.99,91.5,112.7,19.32,374.93,287.75,144.05,277.4,89.04,580.23,23.65,90.13,13.6,24.87,273.54,646.63,42.26,187.93,361.47,189.03,113.98,88.14,26.85,956.32,236.03,108.79,191.1,11.2,182.75,109.53,120.42,45.26,171.26,78.28,20.36,90.98,182.46,66.94,82.48,159.29,29.48,247.35,542.18,420.91,147.09,182.67,510.78,101.83,24.49,190,33.75,310.58,63.2,142.87,122.73,44.49,73.74,142.38,256,105.63,68.6,104.8,10.16,393.19,143.82,68.36,138.79,133.38,8.43,1068.04,68.27,400.6,109.05,82.04,2.7,86.47,43.43,92.96,46.93,205.83,45.64,144.31,68.78,17.44,44.2,65.71,283.38,411.75,46.39,26.25,42.99,1828.21,654.16,230.7,124.59,63.92,79.48,306.79,68.42,137.97,21.69,35.05,346.82,35.45,89.49,119.29,323.76,62.34,968.32,79.97,134.43,103.35,417.12,181.16,83.24,376.43,380.34,75.51,1025.56,1234.24,66.54,378.54,317.14,348.18,26.15,4.52,17.77,327.66,237.86,94.3,473.61,305.42,124.83,68.12,258.25,80.31,182.79,128.37,57.48,172.18,297.8,147.85,112.11,563.53,94.65,114.09,30.06,165.85,101.66,91.72,50.25,48.96,138.66,162.96,114.68,331.53,72.07,46.3549,63.54,128.25,424.64,235.44,93.06,165.48,247.28,290.43,428.85,102.74,59.84,122.86,87.35,63.03,157.88,71.11,184.78,101.43,83.8,252.92,44.6,134.06,28.83,29.32,225.33,11.9,299.31,63.49,30.03,30.18,55.16,95.94,192.171,97.6,31.08,79.01,62.15,69.61,309.03,64.13,17.28,5.21,6.55,127.8,182.47,315.18,15.01,497.69,87.15,854.96,1105,530.45,71.61,214.36,109.36,318.18,43.83,14.11,168.41,493.98,70.71,375.6,14.38,279.2,55.1,94.65,742.44,453.25,335.55,61.17,73.81,680.61,1695.65,632.51,91.27,581.64,153.13,44.04,69.58,359.97,64.7,248.77,1566.21,118.72,47.19,159.97,205,208,450.24,159.09,36.13,315.81,971,231.09,87.01,109.81,241.82,86.02,46.22,5.6,46.23,563.68,14.84,124.37,134.08,304.96,174.29,52.07,223.37,13.13,250,211.14,166.99,26.6,321.35,156.4,61.28,225.15,83.94,66.88,123.27,72.71,120.62,13.22,258.24,225.78,86.88,46.05,56.63,79.51,56.99,281.69,11.72,56.31,139.67,110.37,16.34,84.44,78.65,62.84,144.19,26.18,143.56,190.4,844.63,20.05,218.91,51.14,143.47,156.54,177.38,221.12,99.74,12.29,112.98,35.39,303.69,175.88,99.56,711.73,44.75,30.14,251.02,738.31,119.29,8.98,159.75,215.49,11.96,47.15,284.63,176,24.57,614.78,99.63,89.75,224.48,25.54,115.13,27.11,16.3,143.48,145.46,190.57,231.73,380.77,208.83,37.6368,55.32,75.4993,102.26,31.2,39.155,60.66,35.914,29.75,64.43,78.76,179.66,16.72,157.48,16.55,9.51,203.16,99.16,189.0316,32.5,87.35,76.35,9.35,21.45,75.83,118.71,303.84,82.3,4.91,93.73,30.91,276.87,144.57,54.55,68.33,30.71,46.09,598.93,12.67,5.71,1694.98,255.55,475.62,261.28,92.05,18.22,569.08,,204.91,424,22.84,72.21,497.68,756.48,85.87,89.13,260.15,69.31,879.8,41.15,77.85,71.44,305.09,46.425,75.81,24.8,73.93,1258.32,66.16,213.41,374.31,127.07,37.94,154.75,386.8,85.76,492.51,187.53,26.03,255.07,44.16,291.89,255.23,435.79,418.45,451.3,224.16,190.64,66.87,28.305,305.68,114.8,70.4,85.57,583.86,131.26,380.31,262.64,106.69,50.76,995.67,28.01,54.85,81.85,129.09,27.66,18.22,326.36,232.57,401.7,223.75,159.1,126.66,121.06,279.61,28.22,340.64,244.82,282.92,95.7,197.08,192.66,315.71,447.54,80.62,52.05,160.23,158.12,372.54,84.42,211.85,89.6,86.06,24.14,47.81,27.01,531.21,111.05,205.33,77.54,211.46,71.39,115.75,132.6,25.56,136.69,79.5,102.63,51.15,115.69,56.29,51.58,173.13,191.02,82.91,43.99,44.42,149.47,120.87,145.26,163.99,16.45,58.25,214.25,83.99,613.05,75.72,22.89,139.73
2026-06-01,185.67,306.31,212.93,137.87,87.78,6.84,82.05,196.59,274.03,402.69,82.62,233.74,105.09,176.57,123.79,72.91,98.68,49.4,320.09,171.13,295.63,458.17,37.73,510.13,223.36,329.13,72.75,34.6,187.53,261.26,170.68,320.41,278.89,73.17,47.94,613.7,836.09,36.385,408.85,35.48,1628.57,105.65,178.98,167.15,92.08,7.47,204.09,459.97,476.88,313.54,109.55,224.3,125.4,51.51,273.51,132.4,192.23,169.25,62.97,42.38,1020.73,54.95,142.59,40.6,470.29,47.98,18.51,59.98,116.94,23.271,129.09,865.36,56.5,309.78,124.64,213.28,91.03,112.59,19.32,414.16,265.7,142.6,274.19,94.15,569.61,24.01,88.43,13.58,25.05,257.76,643.5,41.29,184.56,362.9,182.61,115.58,90.06,28.55,946.11,226.1,106.75,209.6,12.17,195.5425,124.82,121.33,45.86,172.9,77.68,20.1,90.62,185.83,64.61,81.47,164.78,29.99,277.49,542.43,465.96,146.98,179.87,511.44,102.85,26.33,185,34.69,313.71,68,139.83,119.89,46.31,74.87,141.76,250.47,103.6,70.08,104.44,9.83,402.66,141.65,63.74,135.73,136.62,8.97,1050.77,66.61,400.08,104.97,80.39,2.7,88.16,43.48,92.93,46.69,216.7,44.71,140.32,68.84,16.63,43.99,67.04,289.76,338.49,45.38,26.6,43.6,1787.88,622.36,228.18,115.07,66.81,88.31,303,68.43,147.14,21.33,35.34,339.2,35.51,86.68,114.95,324.6,62.69,950.54,79.93,131.1,103.12,411.26,176.7,82.68,372.58,376.37,75.46,1048.58,1243.03,68.14,370.96,310.69,333.25,27.76,4.76,17.54,332.65,236.54,90.73,462.93,328.31,132.38,67.34,255.52,79.84,183.88,128.13,56.19,169.37,320.42,144.96,109.08,566.79,94.17,116.67,30.06,169.15,107.7,90.29,50.55,48.84,138.46,164.4,109.33,353.76,69.28,46.48,65.33,126.38,412.26,229.91,93.02,165.84,245.81,288.98,430.01,101.62,60.86,122.55,86.96,62.3,156.82,70.21,184.25,99.6,84.83,257.97,44.45,133.91,29.09,28.93,223.51,11.97,296.58,62.53,30.2,29.14,55.34,95.01,194.004,97.95,30.85,78.64,61.52,68.31,298.1,63.49,17.35,5.51,6.65,127.72,189,309.59,14.54,497.41,86.09,905,1082.2,516.5,69.57,207.7,108.93,317.12,38.21,14.86,170.45,495.25,69.86,376.96,14.85,276.11,55.4,91.52,734.82,464.2,403.88,61.05,73.98,680.02,1730.98,600.47,92.06,570.96,150.93,44.55,68.65,369.05,69.29,258.66,1542.39,115.17,46.06,162.55,219.43,211.01,460.52,149.78,36.76,316.93,1035.5,264.51,83.66,108.19,270.82,85.85,45.1,5.98,45.93,539.22,16.25,135.86,129.47,305.16,179.7,55.87,218.81,12.99,251.49,224.36,171.55,24.86,311.38,145.02,59.55,228.53,84.95,66.89,139.79,75.97,120.92,13.46,255.71,248.15,86.64,44.93,58.92,84.45,55.5,300.48,13.1,55.98,148.58,109.47,16.15,87.24,76.67,63.72,141.52,25.63,140.28,192.67,823.3,21.35,221.67,46.46,139.02,160.65,172.66,216.07,97.48,13.89,112.07,34.52,295.8,180.24,94.92,687.48,45.19,29.18,228.99,742.74,120.99,9.14,162.87,215.97,12.39,47,289.05,177.85,20.68,600.66,99.45,87.91,217.86,25.63,115.09,28.25,16.95,122.39,147.48,186.44,224.07,382.82,209.21,38.1395,55.26,75.4859,103.72,31.0414,38.89,60.5,35.6251,29.4394,66.34,76.76,174.41,15.58,163.68,17.81,8.67,204.05,96.51,192.3123,32.18,88.74,75.8,9.42,21.05,79.55,124.12,294.86,82.01,4.44,91.49,30.5,268.05,155.17,54.75,67.67,32.67,46.88,607.81,12.89,5.86,1761.43,280.16,492.29,270.5,89.03,18.58,571.93,,202.7,428.56,20.56,71.31,507.76,758.54,83.42,87.13,261.59,69.02,921.26,41.25,75.49,70.82,299.46,48.4,73.72,24.55,71.13,1238.41,67.85,211.09,369.47,123.71,37.41,152.75,377.2,85.47,494.04,186.74,27.74,259.08,43.25,288.93,252.53,415.88,435.63,448.47,226.98,227.54,67.86,29.59,293.2,111.76,73.77,84.7,575.45,128.15,379.86,263.5,109.02,50.54,997.82,29.43,53.55,81.23,135.5,27.76,17.62,322.77,231.47,394.51,221.47,161.83,126.23,124.19,276.33,27.77,338.33,252.52,281.56,94.09,194.83,187.11,323.39,438.4,72.86,55.99,154.76,158.6,373.4,81.71,211.42,90.29,86.31,24.78,47.73,27.25,546.2,108.6,197.36,77.17,212.51,70.04,114.6,128.82,25.66,133.62,76.41,103.23,50.92,115.61,57.3,51.43,172.4,195.76,82.03,43.27,43.1,147.84,118.19,149.38,167.87,17.2,57.39,221.21,83.32,601.16,76.1,25.22,155.71
2026-06-02,202.37,315.2,215.4,134.35,86.97,6.74,91.92,186.22,262.11,423.2,82.46,231.18,106.78,178.94,127.11,71.01,98.71,49.34,355.76,171.77,286.12,490.05,38.41,521.54,227.73,328.26,74.74,36.07,185.53,256.52,175.33,317.86,279.29,74.2,47.86,605.63,802.17,36.66,402.71,36.22,1705.37,118.17,178.48,168.75,91.85,7.72,204.35,481.57,490.12,310.97,110.85,217.7,130.82,52.48,302.85,136.72,188.83,167.21,64.54,43.91,1018.96,54.46,141.28,40.64,471.51,47.68,18.76,59.34,114.91,22.935,131.26,909.81,57.7,312.27,127.86,236.52,89.92,120.51,19.19,416.39,272.65,140.27,272.72,94.32,627,26.29,88.27,14.75,24.85,250.53,672.67,41.73,183.84,426.89,173.99,116.87,93.66,29.05,954.27,229,106.52,200.84,12.01,192.2375,119.27,128,46.14,173.31,77.57,20.44,89.5,187.55,66.47,80.02,156.95,30.12,269.13,579.25,435.31,147.91,176.11,514.05,101.41,25.3,187.26,34.72,307.53,69.57,142.65,121.09,46.22,73.45,138.2,256.26,103.79,70.8,105.02,10.22,389.03,142.03,72.33,142.92,138.58,9.42,1071.8,68.51,417.62,107.6,81.35,2.66,87.66,43.57,93.58,46.93,214.53,45,142.29,69.34,16.15,44.73,71.72,285.84,329,45.32,25.8597,42.52,1883.26,701.11,235.92,125.11,65.69,88.05,311.01,69.45,148.86,21.69,36.36,337.61,36.91,88.05,115.98,317.72,61.99,969.67,84.6,127.57,110.78,411.95,200.4,81.73,358.39,361.85,74.03,1064.58,1268.36,66.28,367.35,311.52,332.14,27.51,4.54,17.8,332.85,235.23,88.16,480.46,320.88,133.02,68.7,250.72,79.9,182.15,129.11,57.39,164.27,329.23,142.38,110.95,550.82,94.24,117.62,30.77,170.99,104.73,88.99,49.94,48.19,139.69,162.55,107.93,322.14,71.4,45.37,66.6,128.46,402.3,228.33,93.25,166.26,248.58,291.66,431,100.73,61.56,123.02,86.96,61.59,157.47,70.22,187.48,99.99,83.98,259.94,45.95,141.99,30.15,28.5,222.89,11.87,300.96,63.52,30.36,28.99,55.13,94.45,204.52,97.49,31.44,78.41,61.56,69.54,293.21,63.27,17.32,5.75,6.17,126.82,199.13,308.12,15.43,495.91,86.4,1029.15,1064.15,513.43,70.96,206.64,108.92,334.41,39.57,14.11,167.64,477.68,69.17,373.76,14.28,276.36,57.19,96.96,736.78,453.6,398.46,61.07,73.75,686.15,1672.83,597.63,91.78,576.93,152.9,44.12,69.24,373.33,72.24,263.06,1624.99,115.65,45.64,161.39,290.79,214.98,441.31,136.08,35.32,326.03,1064.1,260.58,85.68,109.5,272.66,83.33,45.86,6.01,43.73,536.59,16.85,127.65,133.51,307.55,175.64,55.49,212.73,11.93,258.46,222.82,173.39,25.86,323.62,152.22,59.91,229.08,86.72,73.47,135.32,75.22,128.64,13.58,278.02,244.58,86.23,46.03,59.09,82.98,55.2,297.18,12.18,56.89,144.23,112.89,16.57,88.18,78.32,62.88,142,25.55,140.82,196.82,836.32,20.87,224.83,48.09,140.41,152.17,173.66,221,98.82,13.82,113.64,34.83,299.14,182.56,93.23,706.06,44.53,29.91,240.84,746.16,121.79,9.2,168.76,215.78,12.25,45,290.8,169.13,20.58,602.92,102.18,87.89,219.58,26.88,115.05,27.32,17.29,123.32,166.78,182.82,223.82,391.59,210.04,37.5,54.67,75.3,105.04,30.68,39.34,60.98,35.9056,29.35,67.49,78.0587,174.26,15.25,151.31,17.35,8.68,196.21,95.51,198.9822,32.37,87.61,78.51,9.07,21.39,84.38,117.01,293,82.01,4.91,92.06,31.13,301.27,153.09,56.56,67.99,32.94,50.17,632.21,13.95,5.76,1716.36,261.14,508.35,279.33,90.51,17.74,605.02,,203.53,417.46,21.35,71.64,501.5,759.57,80.84,89.55,271.41,79.51,926.61,42.24,79.12,70.97,293.3,49.09,74.1,24.64,72.27,1246.98,70.56,214.73,392.62,123.18,36.64,153.69,385.51,85.65,482.08,188.83,26.35,263.3,43.95,291.86,274.71,423.74,446.69,458.92,222.38,229.3,70.15,30.71,308.12,108.82,71.62,90.21,588.57,129.19,377.92,264.68,108.93,53.42,994.82,30.7,54.6,80.72,137.27,27.76,19.54,317.32,234.57,393.17,220.82,163.72,126.31,125.77,272.98,27.54,342.25,258.26,281.84,94.52,192.11,190.78,334.49,425.09,72.61,62.49,157.97,159.35,374.36,80.13,213.27,90.04,86.96,24.37,47.87,27.18,563.1,110.23,195.35,79.44,211.93,71.31,113.06,130.31,26.49,127.76,77.87,104.32,51.52,113.57,57.96,51.46,174.19,198.21,81.83,43.49,43.9,146.4,117.59,149.56,168.85,17.89,55.7,216.94,83.7,640.04,74.15,25.25,144.15
2026-06-03,184.07,310.26,217.13,133.59,86.99,6.53,88.86,177.43,256.24,437.67,84.11,227.75,106.23,171.65,126.31,66.27,98.5,48.43,363.54,168.34,292.58,500.77,37.88,542.52,228.23,338.22,75.2,33.33,182.24,250.02,174.37,315.6,282.27,73.81,44.71,570.83,813.14,35.84,411.83,36.17,1726.36,107.73,179.94,168.3,89.85,6.95,191.47,479.23,481.48,300.57,106.7,210.58,127.21,52.4,287.32,132.68,195.96,164.78,64.27,37.48,990.87,54.72,140.57,40.27,475.37,47.69,19.71,60.88,110.28,22.206,129.93,926.18,56.51,312.75,126.03,214.94,88.62,114.56,18.15,408,267.24,129.01,270.73,91.67,620.37,26.24,84.87,14.15,23.52,252.64,682.33,41.54,177.62,417.43,163.22,119.05,90.25,28.93,961.83,214.6,105.89,190.61,11.01,186.9025,110.93,126.5,46.44,174.72,77.8,19.88,91.37,189.71,65.46,78.78,154.58,30.29,250.33,588.29,421.08,144.5,178.08,508.26,99.39,25.11,183.5,35.4,306.77,69.71,141.81,121.04,46.18,72.77,140.26,255.67,103.48,69.92,104.12,9.78,391.27,140.88,69.02,140.33,141.5,8.2,1077,68.18,421.21,108.66,81.07,2.53,86,42.77,93.94,46.42,212.96,45.08,143.04,68.55,15.71,46.46,70.64,280.42,324.46,45.54,24.64,40.86,1850.04,725,229.12,126.02,64.28,83.86,318.25,67.94,146.48,21.24,35.54,337.04,35.17,85,110.88,314.64,62.03,959.36,85.99,128.99,113.64,407.87,200.76,81.7,355.68,358.99,67.85,1041.02,1284.22,69.82,363.23,312.97,329.11,27.51,4.38,16.67,331.37,223.26,82.85,484.91,327.54,131.29,67.23,248.63,79.68,179.04,127.97,56.41,167.5,305.63,138.45,110.64,560.73,94,119.57,30.78,169.55,100.2,90.02,50.01,48.53,138.45,170.93,112.71,311.44,68.23,43.48,65.48,127.95,407.29,224.89,92.46,165.05,250.26,287.67,427.71,100.2,62.38,121.63,85.96,62.18,156.5,70.39,187.42,100,83.56,257.56,44.59,146.96,29.41,27.83,223.24,11.43,300.85,62.07,30.55,28.17,54.24,90.53,212.511,94.76,31.37,78.76,61.23,67.88,301.82,58.43,16.83,5.2,5.72,124.35,181.67,303.45,14.99,507.57,84.86,938,1078.78,512.03,70.79,207.65,108.62,343.71,33.83,14.09,164.25,471.55,68.42,376.75,13.96,273.29,55.98,96.55,739.53,448.39,368.32,61.31,77.95,685.5,1638.54,622.98,90.74,583.15,151.65,44.52,70.3,373.94,68.55,267.21,1689.89,114.7,49.06,157.32,301.65,210.14,427.34,126.545,34.32,329.5,1079.57,251.68,84.58,107.47,265.33,81.52,45.53,5.75,43.81,526.06,16.73,117.9,133.76,305.11,181.08,53.04,211.85,11.64,257.73,214.75,176.39,30.84,321.88,146.47,59.72,236.06,86.75,65.21,124.65,73.74,133.93,11.61,279.98,230.33,87.38,43.96,59.64,80.84,52.59,280.43,11.67,57.29,137.79,114.38,16.85,85.4,77.75,62.21,142.54,25.34,140.19,193.46,850.76,20.67,224.39,43.13,141.82,142.2,175.94,218.27,99.39,15.38,111.39,35.02,301.97,184.68,95.41,715.67,42.61,27.55,250.01,744.21,121.67,8.76,167.76,215.63,11.2,43.68,286.42,169.49,18.62,618.95,98.32,88.31,216.79,24.095,113.86,27.65,18.27,114.7,170.66,186.46,232.62,393.95,209.25,36.7102,54.45,73.973,106.35,30.93,39.3815,60.99,35.883,29.28,66.98,77.86,172.55,14.85,155.99,16.3,7.84,196.58,95.89,194.2589,32.37,86.59,74.02,8.24,20.84,80.09,112.94,296.49,81.97,4.29,87.49,29.5,306.57,147.74,56.85,66.21,34.29,47.42,637.9,12.27,5.73,1831.5,241.28,498.02,279.25,90.49,16.68,615.68,,203.55,412.29,19.04,71.7,487.54,754.24,78.58,89.53,275.13,79.71,940.69,42.12,80.66,68.72,295,47.21,75.24,23.55,70.29,1211.57,67.23,218.39,409.67,124.8,40.11,157.9,379.59,85.31,473.95,181.45,25.07,262.69,42.87,289.95,267.91,423.7,436.69,465.84,215.8,227.26,72.33,32.16,308.59,105.14,71.69,92.55,576.13,126.35,377,262.13,108.67,50.39,1056.58,27.98,53.14,83.16,140.86,27.86,18,312.4,234.02,390.1,222.17,165.57,124.56,123.91,275.27,27.28,341.18,261.45,285.3,94.41,190.5,189.68,331.44,428.34,69.62,63.97,153.8,157.95,371.65,79.04,213.3,88.93,86.1,24.31,46.65,27,594.11,110.05,199.59,78.68,218,71.66,116.89,124.95,26.16,129.83,77.39,103.89,51.63,112.08,58.71,50.87,174.05,196.23,82.16,43.51,43.71,147.55,116.73,152.53,171.13,17.46,56.315,218.69,83.37,649.73,69.8,23.27,134.37
2026-06-04,202.89,311.23,224.94,133.72,90.78,6.38,90.205,178.86,258.42,428.76,83.37,231.31,106.99,176.75,127.79,68.7,98.66,48.01,358.05,165.65,303.64,501.7,37.64,523.2,228.76,345.6,73.82,32.73,193.91,253.79,166.01,322.24,282.85,73.385,44.15,558.87,842.27,36.36,393.44,35.98,1757.47,107.29,181.1,167.96,92.17,6.84,204.4,418.91,513.2,312.53,105.99,217.42,125.95,54.17,291.37,134.8,196.45,167.49,66.11,39.66,1022.56,56.6,144.02,40.08,478.63,48.85,19.63,57.4,118.55,23.58,135.15,940.48,58.18,314.5,130.95,215.4,93.79,114.02,18.48,411.68,264.59,129.05,280.68,90.7,535.63,25.55,85.1,14.43,23.33,256.06,678.1,41.85,183.2,421.9,164.13,119.23,90.22,27.91,972.35,217.5,106.57,188.75,10.97,179.7725,108.03,130,46.23,179.96,77.46,20.44,94.82,188.35,66.5,79.51,160.07,29.88,243.6,591.75,422.05,146.41,186.64,516.7,99.34,25.37,188.7,34.79,307.51,65.7,142.73,121.82,45.99,72.59,136.5,254.33,104.08,69.1,104.95,9.23,409.44,142.06,68.39,139.88,140.88,8.08,1089.15,69.88,418.61,109.28,81.89,2.41,87.45,43.07,94.13,46.88,203.97,44.63,145.87,69.31,15.34,47.16,69.69,280.88,328,45.64,24.94,41.48,1914.65,714.78,235.98,126.605,65.54,86.16,314.95,69.01,149.67,21.92,35.47,341.5,36.23,86.4,111.9,327.65,63.81,963.33,84.7,129.18,121.69,411.27,197.7,83.22,369.27,372.19,67.81,1092.61,1289.37,71.6,361.83,309.95,332.97,28.01,4.37,16.83,338.15,217.64,88.33,485.27,349.8,127.76,69.18,249.33,79.83,184.03,129.47,58.46,171.43,301.77,142.06,111.3,564.74,94.12,119.25,31.39,167.04,100.06,92.44,51.58,49.87,140.26,168.06,111.78,301.98,65.66,44.3485,61.86,130.25,418.82,231.57,93.38,165.84,251.12,292.01,429.93,100.57,62.4,124.81,88.38,63.98,158.63,70.25,187.61,101.79,84.39,256.42,44.34,147.4,29.19,28,228.17,11.14,310.89,63.94,30.06,28.6,55.26,95.46,213.11,94.47,31.7,76.82,62.24,69.98,307.79,63.4,16.88,5.1,5.68,124.57,186.69,309.78,14.57,507.45,83.28,945.08,1125.27,519.05,71.39,207.53,108.85,336.41,33.63,14.12,161.01,481.76,69.12,385.3,13.88,272.72,55.73,96.3,756.95,449.15,380.18,60.99,81.93,687.98,1634.78,627.57,90.86,580.86,152.77,44.27,70.6,371.22,65.46,267.05,1652.6,120.26,51.59,161.26,316.43,218.27,428.05,129.37,34.76,325.87,996,259.67,85.68,108.33,268.64,81.56,45.85,5.69,43.62,545.17,16.62,119.36,133.39,307.19,178.87,54.97,222.1,12.12,262.28,218.66,173.88,30.67,322.22,150.32,59.75,245.52,88.95,65.39,123.48,75.63,131.82,11.97,274.76,236.34,88.4,47.09,58.67,78.51,53.05,279.25,11.67,57.61,137.08,118.065,16.82,85.88,78.08,62.76,142.15,25.69,140.78,195.38,872.23,21.59,224.69,43.53,143.79,141.7,174.99,227.08,100.48,15.475,111.96,35.16,306.66,184.14,102.79,719.17,42.75,27.64,242.57,740.61,121.4,9.08,166.49,217.33,11.19,43.35,293.28,183.91,21.43,628.73,97,89.47,220.17,24.16,117.06,27.47,18.12,119.95,169.35,194.32,233.06,396.46,210.83,36.9725,54.74,75.875,106.67,31.72,39.3,61.615,36.6165,29.26,66.1,78.27,179.41,14.82,155.69,16.53,8.14,207.85,94.14,191.7885,32.59,88,73.14,8.415,21.54,76.02,116.04,300.09,82.03,4.705,88.52,29.62,294.67,147.99,58.01,66.98,33.96,46.9,627.53,12,6.07,1759.68,244.18,494.48,277.57,91.62,17.15,602.72,,206.22,420.12,20.04,72.42,493.58,757.09,77.69,90.34,276.85,78.36,925.99,42.28,79.93,70.78,301.21,47.41,74.35,22.77,70.44,1228.09,67.28,220.75,406.86,123.85,40.56,158.63,378.08,85.5,482.03,177.02,25.22,267.37,44.02,293.43,261.31,418.45,444.92,463.76,216.65,236.64,73.93,33.5,305.37,104.94,72.21,93.69,581.3,128.7,396.47,263.9,110.22,50.28,1084.62,27.1,55.46,82.2,136.74,27.84,17.37,320.18,233.88,391.27,221.91,165.86,127.9,122.82,283.38,27.21,345.21,258.85,283.06,96.1,192.13,190.85,323.92,441.74,72.93,63.67,153.7,158.54,373.38,79.1,214.94,89.16,86.25,23.5,44.87,27,575.5,111.23,200.85,81.62,219.01,72.43,117.74,128.43,26.19,133.42,77.77,104.72,51.62,113.11,58.75,52.19,176.16,193.17,82.04,44.4,43.94,152.08,117.26,152.04,171.02,16.81,57.89,219.26,83.53,644.32,70.89,23.15,135.26
2026-06-05,177,307.34,227.23,133.54,91.07,5.54,76.29,178.25,251.44,401.39,80.92,231.95,109.27,163.66,129.14,63.61,98.17,44.72,317.06,155.44,303.05,453.01,38.13,466.38,226.55,349.58,64.95,28.46,194.12,246.03,154.27,328.53,282.35,69.405,39.62,557.2,891.32,34.04,342.93,34.88,1641.74,93.6,177.47,170.24,84.12,6.31,185.92,385.73,486.12,310.66,89.04,215.45,121.06,53.83,263.61,121.66,195.34,165.84,62.59,34.76,995.6,57.27,142.39,37.98,488.13,48.55,17.47,57.4,115.35,21.282,132.47,904.28,58.22,326.27,130.93,201.01,94.49,103.44,16.37,376.19,254.83,132.12,289.48,86.7,488.21,22.45,88.58,13.53,23.82,257.4,651.22,42.69,180.67,376.99,152.4,117.14,80.64,25.85,971.87,206.89,105.06,185.66,9.74,167.755,100.39,121.64,46.99,179.85,77.03,20.5,95.93,187.31,66.9,79.42,156.8,29.23,234.11,583.44,394.39,145.6,184.3,509.7,99.71,24.93,186.79,33.97,313.99,55.79,145.77,124.22,44.28,72.86,140.46,257.97,106.26,64.59,102.26,7.895,415.53,138.12,56.07,125.41,137.78,7.08,1080.95,70.6,395.94,110.74,83.27,2.16,85.96,42.11,90.72,46.38,175.19,45.75,145.31,67.63,14.9,46.79,63.37,271.79,331,46.42,23.6524,40.95,1843.94,621.25,218.74,116.7,66.89,84,279.01,66.82,144.68,21.95,34.75,346.44,34,78.84,100.59,328,64.67,933.61,75.53,129.16,125,396.24,177.58,82.11,365.76,368.53,66.32,1038.68,1300.01,71.53,372.13,310.78,331.43,26.19,3.77,14.78,343.1,213.97,82.47,476.82,350.08,112.24,69.38,251.9,79.43,179.98,133.6,58.67,168.44,284.84,141.5,112.23,562.16,93.62,116.15,29.73,156.63,95.85,92.69,51.93,50.08,137.68,162.32,99.17,296.76,56.78,43.1686,54.35,124.66,422.06,229.45,92.9,161.35,252.72,281.65,418.71,99.585,61.09,125,88.24,64.24,157.19,71.89,181.59,102.54,84.61,241.25,42.58,143.65,28.88,27.94,232.77,9.55,312.37,64.12,30.53,26.22,56.9,93.4,192.92,99.04,31.68,79.48,63.57,70.17,301,58.52,17.71,4.53,5.115,124.43,161.78,307.83,14.2,507.9,78.3,863.66,1131.42,523.76,72.87,210.74,108.17,303.28,29.36,13.65,160.07,491.08,66.51,392.51,12.32,279.84,54.44,88.34,775.66,451.35,350.74,62.04,81.67,674.59,1607.8,593,87.47,575.83,153.76,44.775,72.19,368.25,59.18,262.01,1481.05,120.79,47.44,165.44,263.47,211.93,416.67,120.44,34.42,306.47,864.01,227.81,85.84,99.71,250.11,82.18,46.61,5.36,42.98,544.4,14.38,112.45,129.2,313.45,167.04,53.64,215.31,11.97,254.39,205.1,162.86,25.08,295.96,131.57,60.84,242.57,88.25,58.09,118.72,75.31,117.26,10.43,253.24,213.68,90.33,39.68,56.93,72.17,47.58,272.05,11.24,56.68,137.62,116.68,17.11,85.07,79.48,63,141.92,26.04,146.54,204.02,882.34,21.42,222.82,32.22,144.54,135.53,178.29,228.37,103.06,11.86,113.8,35.74,309.68,183.08,97.38,695.11,41.29,23.85,215.94,705.06,116.22,7.67,152.78,213.14,9.955,41.82,280,173.45,18.45,635.45,88.59,90.77,206.07,20.68,119.03,24.66,16.35,110.08,145.31,196.04,230.37,394.41,207.83,36.66,54.42,75.92,104.03,31.76,38.62,61.17,36.92,29.74,61.66,79.17,180.99,13.355,149.23,15.95,7.12,208.02,95.29,170.919,32.3,88.84,63.17,7.75,21.58,67.41,109.54,305.3,81.86,4.21,79.28,26.36,258.7,140.76,54.87,61.57,32.21,41.64,569.69,10.5,5.76,1559.32,238.26,464.85,268.8,92.6,16.03,539.77,,210.31,424.44,17.16,73.47,496.95,737.55,75.43,91.42,268.5,70.72,847.47,41.28,73.57,70.84,305.66,44.02,76.29,22.75,64.05,1238.74,61.67,212.65,357.93,122.57,40.16,160.71,364.74,85.06,472.8,178.1,24.64,264.09,44.15,303.25,235.48,391,415.17,456.84,214.39,225.99,69.22,31.04,285.06,105.73,70.71,82.07,567.33,129.92,399.47,272.32,108.54,45.31,1067.77,22.47,55.69,84.61,133.02,28.02,15.03,323.57,227.85,383.54,225.75,162.36,128.08,115.28,284.13,27.86,340.04,255.82,281.38,96.79,188.53,192.36,300.51,446.83,67.18,57.2,148.76,153.68,363.38,82.02,212.02,85.93,83.03,25.21,45.37,26.24,511.72,112.95,206.93,81.94,220.4,71.96,118.88,116.23,24,128.67,79.04,103.51,50.63,111.67,57.67,52.3,174.18,180.3,83.44,44.7,44.35,153.01,114.86,149.92,165.99,15.95,57.04,218.94,82.63,571.68,68.15,22.02,130.78
2026-06-08,196.64,301.54,223.07,134.43,90.5,5.73,80.57,174.43,244.99,403.89,80.22,229.075,107.15,162.11,126.77,65.46,98.17,45.42,346.33,149.84,292.16,492.17,37.82,490.33,225.95,345.73,68.29,27.76,189.1,245.22,156.4,325.85,276.77,71.8,40.945,563.69,882.41,34.37,346.39,34.51,1749.04,92.06,180.14,167.89,84.47,6.26,184.68,396.6,471.06,312.3,90.775,215.92,120.07,53.63,253.57,119.1,192.62,162.3,64.84,34.28,994.77,55.57,141.78,38.32,487,48.7,18.49,59.22,114.19,22.656,133.28,915.64,58.39,321.88,131.71,237.83,91.79,105.44,16.73,394.24,250.67,132.2,289.61,86.13,466.67,24.29,86.07,12.68,23.76,252.03,672.68,41.85,180.39,401.93,162.11,118.89,81.29,27.15,974.75,222.27,101.53,182.55,10.11,164.6975,102.37,124.15,47.11,173.645,75.86,20.5,97.08,189.24,65.52,78.21,152.49,29.47,231.68,573.66,400.77,144.28,183.53,508.91,98.87,24.78,182.15,34.2,313.53,60.52,143.11,122.05,45.08,76.62,146.14,257.41,104.31,65.75,102.88,8.71,418.15,139.07,56.88,132.71,140.15,6.69,1062.74,68.09,403.14,108.11,81.69,2.17,85.85,42.14,91.95,46.43,185.64,44.8,145,68.08,15,46,63.91,270.58,330.22,45.71,24,39.54,1852.03,623.71,214.75,124.25,67.44,85.67,275.39,68.75,143.04,22.05,34.68,340.86,34.69,78.67,101.61,322.04,64.67,933.85,77.31,128.1,121.96,397.27,187.54,83.77,361.17,363.31,64.5,1045,1304.57,70.73,361.32,309.71,323.5,27.17,3.96,14.89,340.63,211.8,85.04,485.03,355.98,119.6,68.97,246.55,79.54,180,131.6,58.57,166.92,280.82,139.05,110.16,561.17,93.52,117.72,30.8,159.48,95.65,92.59,52.18,49.86,138.58,158.04,110.27,305.51,62.8,43.105,59.19,123.5,418.61,227.26,92.55,161.85,252.39,284.11,419.91,99.74,61.76,124.31,87.9,64.06,156.63,71.37,180.37,101.08,84.79,245.13,42.75,144.05,28.59,27.7,232.16,9.7,311.11,64.21,30.75,25.86,56.43,93.21,210.806,97.75,31.29,79.54,62.96,70.36,301.76,57.73,17.55,4.56,5.095,122.8,163.74,302.1,14.53,501.92,77.09,895.4,1149.15,520.07,71.71,207.97,108.06,324.45,29.735,14.02,159.51,485.67,66.53,391.42,13.78,277.78,53.93,91.37,766.64,443.76,352.56,61.6,80.69,676.25,1611.99,585.39,87.86,553.98,153.85,44.235,71.29,372.26,57.58,266.17,1559.18,119.52,47.6,162.52,288.85,212.24,411.74,127.2,34.19,315.08,949.28,218,84.01,98.99,247.79,82.64,45.85,5.45,43.23,540.81,14.59,114.19,127.71,309.93,170.31,51.85,213.47,11.6,253.4,208.64,163.81,24.48,301.14,125.65,60.01,247.01,88.15,58.94,116.85,75.07,120.9,10.3,268.99,211.82,89.02,40.88,57.48,73.77,47.28,266.33,11.17,56.51,135.7,118.44,16.48,82.62,77.74,62.97,140.68,25.62,145.1,200.26,883.14,21.99,219.43,32.74,142.78,136.47,176.06,227.14,101.29,12.28,112.88,35.35,311.08,183.42,98.03,693.81,41.26,25.83,217.77,716.07,117.67,7.66,157.74,213.83,10.45,42.3,272,171.13,18.57,611.34,87.42,89.28,205.7,21.765,118.99,25.69,16.84,113.65,152.03,193.14,227.42,396.26,207.61,36.588,54.4,75.3665,105.24,31.74,38.0583,61.06,36.4276,29.6512,62.78,77.7,178.66,13.46,148.49,15.75,6.99,200.1,94.82,168.4585,32.29,88.08,63.95,7.61,21.6,59.46,110.78,299.55,81.9,4.06,79.58,26.34,263.21,139.95,56.55,61.58,32.37,43.99,598.16,10.76,5.65,1642,240.45,473.48,271.78,91.28,16.5,571.45,,207.34,417.09,17.02,72.47,503.13,739.22,72.76,89,267.2,75.01,876.77,40.5,75.37,70.55,301.53,44.33,76.48,22.5,63.58,1206.28,62.09,205.61,374.69,123.97,40.95,159.75,364.78,84.62,469.63,178.43,24.1,264.13,44.34,296.73,242.04,408.95,426.8,458.92,212.55,212.54,70.04,29.18,290.9,105.32,70.06,83.93,572.77,129.1,406.57,268.67,107.7,45.92,1084.05,22.21,55.35,86.79,135.15,28.03,15.21,319.67,225.55,385.99,225.19,164.43,127.4,117.25,283.32,27.4,338.98,258.39,269.98,95.47,187.17,188.755,300.57,442.96,65.48,57.22,146.9,154.48,364.47,79.62,212.56,86.21,83.74,24.76,45.44,26.47,526.93,111.25,200,80.96,216.14,71.59,119.83,114.87,25.86,128.43,77.62,103.29,49.96,111.09,58.33,51.97,173.63,184.18,83.07,44.03,43.52,152.65,115.39,151.75,168.39,15.83,57.09,224.66,83.75,596.43,69.92,21.76,129.25
2026-06-09,162.88,290.55,225.42,131.35,91.25,5.32,81.33,173.47,237.88,404.62,80.12,231.17,107.99,159.93,127.76,65.11,98.37,44.53,341.7,152.79,297.69,499.21,38.83,475.505,229.8,344.565,70.91,26.93,190.83,244.19,152.16,331.59,282.98,77.035,41.91,520.84,884,33.7,324.86,34.95,1777.77,88.71,187.13,167.62,84.43,6.16,176.51,392.16,452.51,318.38,78.36,214.51,119.7,54.42,259.61,121.11,199.1,163.99,63.55,31.65,1011.96,56.48,143.25,37.62,487.77,48.96,17.41,61,120.29,20.712,134.73,914.7,59.08,325.13,136.1,226.815,92.57,102.27,16.09,390.9,251.65,135.37,295,84.34,439.34,23.035,87.8,12.72,23.85,255.94,669.23,42.39,183.35,355.94,155.5,116.79,80.14,27.01,968.59,234.32,103.7,175.35,9.41,161.2325,98.45,120.36,47.28,179.87,75.01,20.78,97.06,186.76,66.25,81.17,155.67,29.07,227.34,577.33,381.78,151.07,188.41,509.41,99.33,27.59,184.93,33.22,317.69,59.86,145.95,123.82,44.07,78.19,150.83,264.44,106.4,65.82,102.9,6.68,424.43,142.42,53.51,134.35,137.33,6.26,1059.84,69.41,401.72,109.66,82.27,2.09,87.54,42.04,90.95,46.28,184.05,45.33,148.23,68.5,14.95,46.58,64.25,267.62,331.76,45.91,23.81,39.98,1831.56,586,212.16,120.62,68.32,81.26,262.19,68.39,138.39,22.5,34.69,345.68,36.11,77.59,99.54,330.44,66.01,920.15,75.26,125.5,126.34,390.78,173.94,83.76,362.29,364.26,63.81,1032.01,1329.8,71.48,374.9,321.33,326.42,28.98,3.74,14.51,342.57,215.7,83.77,486.47,363.18,112.65,70.1,257.16,79.62,180.17,132.59,59.41,169.36,277.49,141.56,111.52,578.89,93.78,115.05,30.24,156.87,92.95,93.79,53.19,50.94,139.89,160.03,107.92,293.78,56.69,43.27,54.02,126.14,426.61,230.45,96.27,161.51,256.55,285.02,418.99,100.48,60.79,125.41,88.8,64.93,158.65,72.5,183.04,103.49,85.93,241.08,41.99,147.75,28.73,28.56,237,9.27,312.7,65.09,31.48,25.27,56.94,95.84,213.937,100.52,31.34,81.34,62.99,71.24,309.75,56.19,17.92,4.34,5.15,123.52,156.02,308.17,14.11,515.59,78.61,821.76,1144.68,530.13,72.37,217.37,108.41,327.16,27.47,13.87,162.66,495.24,65.66,393.61,13.31,282.25,54.3,91.47,784.23,449.94,340.28,62.93,81.98,681.68,1641.16,584.59,86.88,572.25,156.39,45.075,71.56,385.23,54.3,258.15,1531.98,119.6,47.73,165.52,266.88,210.25,403.41,117.02,34.72,311.63,935.89,220.12,84.83,98.54,236.13,81.41,46.33,5.28,44.65,548.67,13.85,106.97,129.96,312.32,165,50.74,222.82,11.88,254.32,208.19,163.8,22.85,297.41,119.27,61.25,248.73,87.79,56.48,119.96,75.63,117,9.65,274.03,205.81,89.49,38.52,56.55,70,46.13,260.52,10.75,57.17,136.14,119.69,16.58,81.93,78.59,63.84,142.78,25.7,148.67,200.13,905.53,21.92,227.33,31.17,147.52,132.07,178.49,232.18,102.65,10.77,116.36,35.75,322.86,179,105.87,691.95,41.46,23.52,205.42,707.83,116.68,7.32,154.75,214.12,9.505,43,282.26,178.11,15.75,616.18,88.03,91.67,204.79,19.69,120.39,25.295,15.73,108.23,146.84,196.94,229.45,401.8,209.19,36.68,55.4,76.0757,103.54,32.42,38.7,62.04,37.17,30.1489,61.46,78.56,181.56,12.6,149.55,15.24,6.42,204.78,97.41,173.0929,32.39,88.77,57.8,6.94,21.71,63.42,110.42,310.55,81.94,3.77,77.79,25.68,259.75,136.3,55.85,59.01,31.08,40.64,591.01,10,5.59,1646.54,239.66,465.27,272.8,92.95,16.47,562.14,,211.89,424.82,16.26,73.64,496.22,737.05,75.66,90.87,269.8,73.32,846.01,41.36,73.56,72.33,314.01,42.52,77.55,22.71,61.83,1257.24,61.9,210.91,369.21,126.61,43.37,164.87,358.74,85.12,494.07,179.46,25,264.17,44.87,300.25,228.08,396.68,427.92,470.76,212.05,204.69,70.06,30.59,288.63,109.63,70.38,91.88,563.78,131.82,413,271.28,107.87,44.12,1094.17,20.9,56.02,89.25,131.3,28.01,14.37,325.05,229.01,388.5,227.52,161.56,128.68,114.99,287.39,28.02,342.81,253.78,279,97.67,187.5,190.6,289.52,445.77,63.94,58.58,146.22,154.3,363.67,82.47,213.69,85.37,83.82,25.17,45.78,26.56,517.72,113.1,206.77,82,221.3,71.59,118.88,112.58,25.3,131.38,77.87,107.02,50.77,111.48,57.39,52.46,175.6,180.77,84.1,44.97,43.98,154.57,115.87,148.91,164.05,15.48,58.29,227.58,84.83,577.4,68.29,21.08,125.84
2026-06-10,175.13,291.58,224.95,129.1,89.17,5.05,79.96,170.5,233.38,392.67,81.28,231.1,108.77,152.48,128.53,62.81,98.31,43.48,330.86,147.22,291.22,497.01,38.17,452.4,221.78,337.73,69.61,25.79,192.5,238,151.76,336.33,276.51,74.61,38.92,492.98,862.18,32.7,307.43,34.66,1734.19,87.32,183.37,169.27,78.47,6.05,172.93,372.1,447.59,313.34,85.29,209,115.38,54.54,234.23,117.48,194.24,160.64,63.02,31.79,1010.68,55.6,139.75,36.24,483.68,48.34,16.1,60.59,118.48,20.469,133.38,856.16,59.49,330.58,134.06,237.33,93.38,95.03,15.41,385.13,242.3,137.79,295.81,83.25,434.65,21.02,89.95,12.41,23.97,263.8,630.52,42.74,177.63,354.77,153.97,119.92,77.45,25.69,983.37,237.68,99.98,170.92,9.17,161.935,95.61,118.8,46.41,180.4,74.46,20.87,98.02,189.8,66.77,76.47,151,29.17,227.63,560.05,369.83,146.71,183.63,500.25,98.61,28.79,180.78,34.24,314.77,57.37,146.07,125.04,46.6,74.77,147.41,256.99,107.6,64.66,101.57,6.82,404.56,137.11,50.57,128.88,140.28,6.07,1038.33,69.18,375.46,110.48,82.83,2.07,85.98,41.27,89.29,45.81,178.45,45.61,149.6,67.44,14.3,46.03,62.08,262.84,319.25,46.43,23.3345,38.97,1719.48,580.25,208.46,115.81,68,80.36,249.27,69.95,138.88,22.72,34.75,341.07,33.48,73.81,94.54,318.71,63.76,867.09,74.82,121.48,122.49,374.58,168.17,79.4,353.32,356.38,62.47,1001.29,1317.63,70.5,373.34,318.92,320.88,27.78,3.5,14.05,338.22,205.88,86.36,467.59,364.46,105.68,70.84,249.49,79.47,178.83,134.84,59.55,165.93,272.36,140.34,111.55,556.94,93.69,117.68,30.32,153.02,91.58,93.34,52.84,49.72,138.9,162.47,107.04,284.22,56.63,42.39,51.52,123.36,412.02,224.87,93.59,158.92,250.17,282.05,412.58,99.35,61.66,125.06,88.12,64.09,153.78,73.73,178.18,103.52,83.23,235.4,42.17,139.36,28.45,27.25,238.49,8.86,309.14,65.27,31.7,23.66,58.08,95.02,213.564,101.58,31.84,83.59,64.46,71.64,312.41,54.82,18.05,4.15,4.7,121.69,146.61,303,13.69,509.16,76.54,853.26,1136.37,525.02,73,216.19,108.16,321.8,26.535,13.39,167.5,489.08,64.22,386.23,12.62,282.52,54.11,87.91,790.44,450.69,348.28,64.18,80.25,671.84,1588.29,570.98,85.13,552.87,156.85,45.605,73.13,382.13,53.45,263.28,1473.04,119.09,45.99,167.15,252.59,206.66,397.36,115.35,34.35,304.92,891.88,211.69,85.12,92.77,219.67,82,46.63,5.18,43.96,542.14,13.4,106.06,120.65,308.93,160.66,49.66,216.5,11.62,250.49,200.42,156.79,20.5,285.56,111.95,62.11,235.95,90.57,54.02,114.92,73.98,110.17,9.31,269.33,201.26,90.46,38.39,57.1,66.53,44.17,263.22,10.75,55.3,136.72,113.99,16.72,81.82,78.59,63.53,144.32,25.6,149.05,204.2,875.6,21.77,216.64,30.72,145.77,130.21,182.95,232.64,103.1,10.975,112.97,35.58,323.87,181.72,105.77,650.92,40.7,23.25,191.2,693.69,114.59,7,150.99,212.33,9.53,41.5,268.73,172.21,14.87,601.65,85.13,92.48,197.07,19.445,118.67,24.08,14.76,105.05,138.12,193.57,231.92,394.29,206.53,36.7205,54.34,76.1726,105.11,31.92,37.8,60.03,37.26,30.7014,59.75,78.61,177.41,11.9,144.19,14.79,6.28,207.33,98.76,165.7708,32.26,89.27,54.54,6.98,21.95,62.89,108.2,303.91,81.94,3.94,74.26,24.52,251.68,133.63,55.51,57.66,32.83,29.27,570.91,9.29,5.38,1643.23,239.9,460.54,267.81,94.02,15.87,541.51,,212.82,426.38,16.37,73.89,503.1,725.43,74.24,91.03,268.34,70.74,815.99,38.95,70.29,69.56,308.84,41.24,78.54,23.21,59.16,1212.36,59.91,202,347.59,127.98,46.62,167.66,336.59,84.88,482.04,185.55,24.3,272.54,45.22,303.36,233.54,381.59,408.75,449.12,210.46,207.09,67.77,29.11,282.01,102.78,68.61,90.9,557.55,131.96,407.46,267.03,103.26,42.35,1056.35,20.33,56.81,90.18,134.3,28.05,13.69,322.96,223.22,381.5,231.33,164.08,128.19,112.34,284.14,28.41,331.24,257.99,272.67,97.68,185.88,190.57,280.98,435.71,61.5,54.65,138.54,151.92,358.04,84.35,211.54,83.64,82.59,26.6,46.95,26.23,490.09,114.01,211.36,81.97,224.28,72.26,120.59,107.52,23.19,128.85,78.1,103.48,49.6,111.01,58.25,52.23,169.66,176.63,85.49,44.99,44,152.85,113.49,150.62,167.99,14.86,58.36,216.26,84.99,556.91,66.63,19.93,124.73
2026-06-11,172.78,295.63,224.77,130.87,89.65,5.3,91.7,167.52,218.8,412.13,78.9,225.77,108.25,157.76,128.48,66.49,98.88,45.28,367.47,159.06,289.39,552.64,39.92,488.45,226.21,354.06,76.15,27.88,189.31,241.51,156.4,335.17,278.12,76.23,41.47,478.57,898.94,34.45,342.23,35.02,1899.48,97.56,199.5,168.23,83.18,5.97,183.69,385.57,446.2,318.49,88.34,221.63,112.69,55.16,248.88,116.11,199.96,163.59,63.48,35.97,1016.58,56.9,142.09,37.26,485.79,47.17,17.65,63.08,120.88,21.114,138.07,897.63,59.91,327.93,131.91,226.55,92.04,98.97,16.4,383.74,246.71,139.14,294.84,85.47,445.22,22.63,89.39,13.71,23.97,262.18,655.69,42.55,182.04,363.58,160.43,115.36,83.16,27.22,975.69,264.76,104.83,166.45,9.74,172.8825,95.74,121.83,47.365,181.88,74.86,20.92,100.48,185.82,66.69,81.83,154.59,28.85,234.24,568.64,391.45,154.43,180.79,509.36,100.34,30.02,182.84,33.63,312.26,65.12,145.79,124.19,44.61,75.25,158.73,263.63,106.84,67.5,104.73,6.82,399.18,142.09,54.93,144.92,136.53,6.2,1043.18,68.43,393.64,109.89,82.81,2.21,85.76,42.27,92.18,46.9,198.94,45.51,150.26,69.93,14.71,46.39,66.34,265.07,338,46.67,24.05,38.35,1843.42,582.24,207.91,130.24,68.3,78.48,271.17,70.6,145.06,23,34.91,358.86,33.76,77.72,101.08,332.76,64.51,906.79,80.74,125.87,124.26,386.32,176.55,80.85,356.56,357.77,65.44,1035.64,1313.96,70.73,378.51,326.01,339.22,28.87,3.79,14.99,341.86,219.12,92.23,469.32,368.69,116.31,71.53,264.6,79.94,180.95,134.66,60.3,170.49,274.85,138.98,111.38,557.91,94.34,114.5,30.5,158.27,90.92,95.07,53.01,49.67,142.29,166.21,116.96,276.91,57.99,43.16,56.71,125.17,412.9,236.04,97.74,161.78,254.45,290.41,419.8,101.4,60.53,126.31,88.91,64.61,158.07,73.37,184.79,103.45,86.12,243.35,43.21,144.01,28.06,28.97,238.33,9.36,313.49,65.99,31.23,24.86,58.07,95.3,241.164,101.54,31.36,82.53,64.12,72.35,321.545,58.78,18.07,4.41,5.17,122.08,158.68,312.17,13.78,515.44,80.74,889.59,1160.95,548.68,72.62,221.05,109.08,362.52,30.64,13.71,172.33,486.51,64.91,396.89,13.61,284.77,54.34,92.94,787.19,441.82,354.41,63.36,80.33,688.85,1610,568.43,86.69,565.54,157.91,46.015,71.41,405.44,57.18,260.81,1589.55,120.76,49.64,168.15,280.71,212.66,390.34,120.15,34.57,319.01,995.87,222.24,84.84,97.59,227.44,81.27,46.62,5.23,45.96,552.52,14.09,103.08,123.7,310.53,160.47,49.21,219.23,12.09,260.9,204.87,164.52,22.21,302.55,119.68,61.91,247.76,89.2,57.86,117.5,75.59,115.96,9.83,303.53,184.1,90.1,39.61,55.47,69.34,46.53,279.53,10.65,57.18,132.24,117.58,16.79,81.3,78.78,65.03,143.73,26.17,148.34,202.26,902.37,21.5,224.4,34.17,147.19,131.08,180.77,233.94,102.4,11.25,118.24,35.46,324.71,178.1,109.79,683.29,41.24,23.82,202.96,717.12,118.26,7.23,159.36,215.9,9.91,43.49,287.96,173.26,17.09,611.48,92.96,91.98,204.57,20.63,121.45,26.14,15.54,114.78,144.47,192.39,239.11,410.43,209.75,37.1407,55.77,76.7098,103.194,32.05,39.08,61.69,37.1319,30.7115,61.85,78.64,184.21,12.55,149.23,14.76,7.52,203.65,102.28,180,32.53,88.7,58.44,7.44,22.19,71.51,110.47,316.89,82.09,4.39,79.09,26.33,274.34,133.78,56,60.82,31.28,31.97,609.45,9.57,5.33,1881.51,240.39,456.29,277.09,93.27,16.67,586.93,,214.86,413.34,19.79,73.84,486,737.76,80.44,91.54,279.55,78.12,868.09,42.69,72.73,72.33,305.64,42.83,79.64,23,62.3,1257.59,63.6,207.74,381.4,132.64,48.05,168.34,344.8,85.98,475.66,185.82,24.69,269.37,45.41,303.9,258.34,399.15,421.07,460.14,212.08,206.62,74.05,29.05,297.1,112.61,69.55,104.83,581.77,132.51,405.55,268.28,108.65,44.83,1068.49,22.56,57.63,91.23,128.83,27.95,15.08,319.05,230.99,391.99,230.74,161.1,129.24,116.07,286.8,28.09,342.49,255.6,280.19,97.61,187.3,190.7,297.88,445.04,72.71,58.6,146.38,155.61,364.3,83.89,215.08,85.12,85.34,25.32,46.94,26.86,529.29,113.07,210.67,82.4,218.79,71.62,120.5,112.66,25.35,132.74,78.27,107.83,51.22,112.12,57.12,52.62,175.15,183.21,85.27,44.92,44.05,154.09,116.3,146.6,163.41,14.46,59.77,227.65,87.67,597.57,69.09,20.06,126.11
2026-06-12,169.05,291.13,227.73,132.28,88.18,5.08,93.95,170.28,204.02,417.79,80.24,226.21,109,162.64,129.23,66.17,98.76,45.58,367.15,170.42,282.85,567.25,40.6,511.57,227.12,355.2,82.78,28.06,187.18,238.55,163.24,335.31,281.62,76.9,42.7,496.77,893.52,33.78,380.81,35.31,1863.55,82.41,198.48,169.96,86.3,6.13,170.58,382.07,441.73,325.44,97.18,219.05,112.82,56.02,260.22,115.77,200.05,164.94,63.14,32.42,1032,57.13,143.98,37.12,489.25,46.91,17.83,63.23,122.79,20.439,139.83,910.57,60.98,328.14,133.41,214,92.16,100.96,17.2,384.96,253.76,145.82,298,85.33,445.98,24.5,89.45,13.78,24.5,269.53,659.58,42.9,184.73,385.03,159.78,116.98,85.97,27.6,982.35,250.81,106.48,165.89,9.9,170.7,100.55,121.1,47.57,176.28,76.14,21.23,101.96,187.22,67.91,83.06,150.58,28.55,229.9,577.48,395.57,154.09,180.1,513.06,100.04,29,184.2,33.85,323.88,65.01,147.42,124.97,45.31,75.37,159.32,265.41,107.74,67.88,105.02,6.63,404.07,143.07,54.59,150.52,136.65,6.06,1055.85,68.69,391.39,111.11,83.85,2.14,85.11,42.31,92.71,47.16,197.45,46.21,150.6,69.93,14.84,46.57,68.41,264.37,338.31,47.03,24.22,39.2,1877.61,611.01,209.46,139.21,65.85,77.74,267.31,70.79,146.3,23.36,35.29,360.22,32.56,80.03,104.26,335.3,65.18,940.66,81.38,125.59,126.81,386.54,179.2,81.5,358.16,359.68,67.71,1062.75,1315.87,69.5,387.18,328.39,331.61,26.82,3.73,15.29,345.95,220.31,93.19,476.89,379.22,118.86,72.5,264.67,79.94,184.27,135.57,61.42,170.66,272.24,140.53,112.58,560.88,94.18,115.86,30.61,159.36,90.7,94.75,53.48,49.67,143.67,160.97,124.57,276.73,57.85,43.7849,59.77,127.24,411.06,233.79,96.95,162.73,257.43,292.95,422.01,101.56,60.99,128.05,90.27,64.48,159.14,73.88,187.93,104.37,86.51,244.83,43.76,144.96,28.56,29.53,240.87,9.15,320.72,66.94,31.71,25.58,58.44,96.24,254.54,102.29,31.94,82.62,64.71,73.41,317.97,57.75,18.14,4.55,5.2,122.16,162.58,307.79,14.3,523.57,82.37,921.56,1133,540.33,73.11,220.78,109.01,366.81,26.62,13.54,172.51,489.98,64.91,402.54,14.08,284.81,54.83,95.24,784.05,447.85,342.8,62.99,80.2,693.74,1589.6,566.98,86.88,577.33,158.32,46.415,71.94,395.1,57.55,263.58,1577.32,119.05,49.91,168.68,279.7,214.04,390.74,123.97,34.89,324.4,981.61,232.36,85.99,100.23,228.48,80.34,47.21,5.21,44.93,550.33,14.8,102.15,125.47,313.91,161.61,49.31,212.07,12.19,266.35,205.19,165.84,23.39,304.86,121.88,62.72,245.75,90.59,57.49,116.29,76.68,116.79,9.33,323.88,184.13,91.02,39.8,56.54,72.31,48.14,279.62,10.55,57.76,134.52,118.52,16.95,81.56,79.7,65.2,144.27,26.21,149.61,203.11,903.48,20.21,228.23,31.15,148.74,127.99,184.3,237.66,103.44,12.53,119.34,35.85,325.94,179.45,109.78,707.74,41.53,23.37,211.72,721.34,119.65,7.09,161.3,216.91,9.93,43.31,294.38,162.1,15.12,612.14,95.5,92.8,207.57,20.98,122.81,26.61,16.76,102.39,146.56,194.78,240.13,413.43,211.65,36.7396,56.04,77.67,104.15,32.16,39.9,62.01,37.4463,30.91,62.75,79.43,183.53,12.89,153.87,14.85,6.66,204.79,103.04,187.5395,32.82,91.1,60.8,6.97,22.51,62.32,108.24,317.3,82.07,3.77,81.68,27.18,280.49,134.02,56.18,61.29,31.15,30.46,619.96,9.89,5.26,1980.1,232.78,453.89,280.65,94,16.58,596.25,160.95,219.04,418.91,18.23,74.47,482,741.75,84.12,92.29,282.76,77.3,931.04,43.32,73.97,73.36,312.2,41.63,79.19,23.58,63.03,1256.05,64.84,210.38,403.2,135.23,49.52,168.41,360.54,85.77,469.34,189.1,24.82,272.6,45.91,304.46,262.92,406.43,423.93,458.25,211.75,204.08,76.17,28.84,301.12,115.52,68.85,108.9,588.73,135.37,408.52,272.7,108.1,45.52,1074.24,21.99,58.94,93.32,125.43,27.95,15.04,322.39,235.13,392.77,232.25,162.34,130.97,116.74,286.46,28.52,344.22,258.67,286.47,98.51,187.35,192.89,302.87,444.925,70.17,59.38,148.02,156.29,366.36,84.6,217.09,85.27,85.68,24.2,48.11,26.98,562.925,113.44,214.23,83.73,219.45,72.08,121.04,116.1,26.06,133.79,79.22,107.59,52.18,111.65,57.55,53.34,176.18,184.8,85.82,45.36,44.53,153.81,116.6,147.01,165.34,14.49,60.27,228.33,87.73,605.75,69.52,20.21,129.52
2026-06-15,191.55,296.42,221.59,138.96,88.67,5.55,95.21,165.36,206.36,427.58,79.27,223.22,109.57,171.8,129.31,71.9,98.85,47.47,389.2,168.9,287.8,585.78,41.11,547.26,230.45,350.53,85.44,28.14,185.76,246.02,169.09,329.51,282.96,79.295,46.47,520.86,884.2,35.18,412.55,36.13,1892.66,87.57,195.81,169.6,92.29,6.39,171.95,393.94,443.21,335.38,110.74,228.95,112.55,55.87,274.5,116.75,198.64,174.64,62.46,31.19,1042.87,56.24,142.5,38.25,495.52,46.76,18.32,64.08,124.63,21.06,141.21,933.93,60.11,326.95,134.16,218.03,88.74,107.02,18.66,394.5,262.35,143.71,293.83,86.27,463.41,26.03,90.58,13.63,23.97,266.08,679.71,43.07,194.62,413.84,169.62,112.26,89.81,28.22,979.45,259.41,109.59,164.55,10.48,173.2275,106.71,120.17,47.39,174.74,75.71,20.84,100.68,180.4,68.15,84.07,168.09,28.22,233.09,575.47,409.07,155.09,181.1,518.44,101.69,28.79,184.9,33.23,316.52,71.07,148.04,125.28,43.53,74.22,156.24,268.58,107.72,69.75,104.08,7.6,401.89,146.52,52.395,162.89,131.98,6.38,1064.38,69.26,407.06,111.08,83.44,2.2,86.28,41.84,94.06,46.21,211.45,46.18,146.65,69.28,14.77,46.1,70.13,271.22,338.75,47.34,24.79,38.97,1952.02,635.58,222.35,152.6,54.76,80.39,273.51,68.51,149.49,22.9,35.11,359.53,33.49,85.27,111.88,342.26,64.76,979.07,83.98,124.3,130.14,396.55,187.88,84.07,367.11,369.35,67.48,1076.17,1313.92,71.28,389.97,329.82,336.18,30.17,3.96,16.66,347.11,227.41,98.12,489.73,380.26,120.18,71.19,270.44,80.04,186.42,135.02,59.58,172.17,268.71,140.1,112.42,570,94.28,111.02,29.69,165.09,92.68,93.73,53.54,49.65,143.39,166.89,127.86,281.77,61.18,44.33,60.85,126.28,416.55,237.4,97.09,165.05,262.51,294.64,427.83,102.52,58.63,128,90.47,64.02,161,73.16,189.03,103.08,86.51,253.97,43.26,146.06,28.68,30.46,235.66,9.67,319.4,66.09,31.77,27.34,58.38,98.08,256.42,103.14,31.46,80.91,64.06,72.23,324.75,57.02,18.25,4.58,5.25,114.6,176.65,304.17,14.38,521.48,84.08,957.24,1129.35,530.36,73.55,220.19,108.99,388.92,25.76,14.24,175.85,490.64,66.62,400.63,14.64,286.12,54.93,100.32,779.78,454.06,354.18,61.5,80.38,696.41,1646.36,593.48,89.29,588.89,158.23,46.615,69.59,398.03,58.26,250.86,1652.29,114.9,52.13,166.19,308.88,217.98,399.76,131.14,35.94,333.63,1087.99,260.07,86.12,105.8,235.71,81.67,47.47,5.2,45.2,544.73,14.82,104.15,130.4,310.28,161.82,49.4,216.97,12.43,259.32,212.45,169,23.73,315.88,125.83,62.14,237.42,87.45,60.74,118.12,76.51,125.9,9.51,335.96,192.64,90.26,45.18,54.46,74.7,50.97,284.54,10.79,58.17,134.69,120.69,16.58,83.55,80.15,65.34,146.25,26,150.46,203.5,918.86,21.33,229.96,30.58,148.5,134.71,181.81,230.56,103.27,13.93,121.53,36.17,320.98,173.26,112.46,724.35,42.49,26.26,220.81,744,122.72,7.23,168.05,219.2,11.1,45.66,313.67,181.88,14.83,614.98,96.89,91.32,215.52,22.7,122.47,27.38,16.68,109.25,143.29,192.74,236.77,405.92,212.88,36.7111,56.58,77.77,100.69,32.09,40.06,62.54,37.01,30.7266,64.73,79.77,183.64,12.47,160.06,15.19,6.69,195.82,101.59,190.9289,32.63,90.95,60.19,7.22,22,70.21,112.49,320.24,82.11,3.435,86.95,29.11,276.4,136.73,53.71,63.47,28.47,30.85,647.1,10.64,5.71,2107.86,240.78,454.38,284.65,93.82,17.13,628.45,192.5,215.66,424.07,18.44,74.2,479.85,754.83,83.27,91.93,272.19,78.95,1018.8,44.51,76.26,74.61,307.94,41.72,79.69,23.29,62.7,1277.35,66.16,216.14,432.41,133.17,50.3,167.33,386.21,85.72,473.72,188.86,25.05,262.33,45.17,306.47,286.86,411.15,441.4,472.54,216.23,202,80.79,32.22,313.34,119.97,72.85,113.55,574.74,134.23,411.04,267.32,108.83,48.06,1084.01,23.02,57.79,93.44,121.21,27.97,15.64,323.82,237.28,397.48,231.48,156.76,131.38,120.73,285.62,27.99,348.83,247.16,292.99,97.82,190.41,194,311.93,450.46,65.87,63.72,153.52,158.72,372.53,83.46,218.24,87.67,86.98,22.56,47.07,26.83,653.53,114,212.82,83.14,216.94,71.49,120.82,123.94,28.17,136.4,79.35,108.33,52.5,112.19,55.55,53.56,178.68,191.79,85.48,44.99,44.74,152.89,118.57,140.92,158.36,14.49,60.31,220.74,87.44,632.12,74.35,19.77,130.42
2026-06-16,170.81,299.24,222.47,141.2,90.62,5.44,91.18,165.52,207.32,416,78.02,222,110.48,175.82,129.75,74.69,98.97,46.82,361.71,166.11,281.9,568.23,41.42,507.29,231.9,347.84,86.55,27.15,184.47,246,168.01,331.45,280.48,79.405,46.27,515.2,878.49,34.75,396.34,35.95,1803.89,82.25,196.31,169.63,93.93,6.14,166.71,376.71,435.39,340.74,93.04,227.49,110.97,56.84,280.88,112.72,195.61,175.72,61.52,28.77,1052.23,55.92,144.45,37.88,494.95,46.92,18.25,64.14,127.87,20.532,142.99,945.46,60.3,328.89,135.47,212.25,88.13,107.88,18.79,387.85,268,141.78,291.88,85.08,430.3,26.21,90.66,13.27,23.66,261.6,699.97,43.35,200.62,382.81,169.27,111.34,89.79,28.08,986.68,239.18,112.84,161.71,9.56,169.8725,117.03,119.57,46.9,176.71,76.87,21.24,100.72,180.11,68.5,83.14,170.03,27.9,231.11,585.29,404.08,156.33,181.35,521.44,101.28,28.51,190.45,32.96,320.51,68.12,148.85,126.06,42.89,73.16,153.55,273.87,108.37,68.64,104.31,7.06,397.8,148.81,50.26,151.61,132.05,6.81,1094.68,69.79,407.71,112.39,83.97,2.13,88.58,41.77,94.12,46.51,205.91,46.59,146.4,69.34,14.41,46.05,70.15,270.59,335.74,47.7,24.97,39.5,1913.94,588.03,230.17,140.24,52.34,78.48,264.36,67,147.02,23.1,34.56,364.11,33.27,87.24,114.44,351.73,63.23,982.35,79.92,127.23,127.53,397.63,177.42,82.51,371.1,373.25,68.49,1090.67,1319.72,69.64,396.93,337.09,335.53,31.47,4.07,16.72,350.22,229.49,96.71,502.65,369.49,121.48,71,277.42,80.03,187.75,135.83,60.22,171.44,270.81,141.28,113.22,573,94.52,110.19,29.05,161.03,91.37,93.3,53.33,49.91,142.62,164.28,117.05,280.99,56.06,45.23,59.18,128.21,417.07,239.52,98.26,164.04,265.78,292.08,425.58,102.45,58.37,129.57,91.9,63.97,162.47,73.34,188.98,103.34,86.1,248.07,42.42,145.17,28.38,30.63,235.18,9.34,331.14,66.47,32,27.99,58.79,98.97,237.33,104.28,31.44,80.28,64.13,72.49,323.37,56.34,18.43,4.45,5.02,113.58,165.47,310.45,14.04,518.17,83.6,875.36,1122.5,535.95,73.84,224.02,109.12,369.34,23.36,14.28,174.1,501.33,66.42,399.1,14.42,287.93,54.13,95.63,785.43,468.41,348.81,62.15,81.32,694.32,1674.08,600.21,88.29,603.57,161.63,46.475,70.19,401.31,57.05,250.47,1498.77,115.17,55.4,166.78,278.67,220.83,393.83,122.81,36.52,326.05,1020.76,265.1,86.23,108.44,230.97,78.72,47.72,5.01,45.04,551.21,13.98,101.33,132.1,310.81,161.26,48.32,220.11,12.72,259.08,207.41,167.34,22.09,302.89,125.62,62.17,231.62,86.31,57.45,116.27,77.37,118.25,9.21,316.15,188.33,90.68,42.73,53.67,73.26,51.92,279.9,10.52,58.5,129.13,121.04,16.74,81.59,80.88,65.67,146.12,26.04,152.49,204.66,938.51,21.16,229.55,28.21,146.12,133.25,184.06,234.69,103.85,12.645,120.65,36.38,320.17,172,110.64,719.29,43.65,23.94,214.07,729.86,120.54,6.92,162.28,217.76,10.12,49.34,312.84,175.39,13.5,614.73,96.78,91.24,221.53,20.64,123.38,27.42,15.93,104.63,132.48,193.94,234.49,413.34,212.17,36.66,56.64,78.4842,99.93,32.03,40.1027,62.8,36.97,30.63,63.1,80.29,186.77,12.64,156.58,15.03,6.14,195.73,101.68,192.2233,32.53,93.67,57.15,6.56,22.06,76.68,113.23,322.44,82.125,3.23,89.23,29.69,282.68,135.32,53.07,63.39,28.06,29.22,616,9.89,5.16,1991.55,238.32,448.38,282.11,94.31,17.71,591.24,201.8,215.23,433.25,17.15,74.5,469.81,750.33,83.11,91.77,274.29,74.55,1031.34,44.05,71.42,75.29,310.58,40.81,79.44,23.16,60.58,1301.2,66.99,217,409.35,133.4,50.54,166.32,406.51,86.19,472.63,184.36,25.07,259.68,45.25,307.51,268.53,404.66,425.83,475.34,229.97,192.68,84.95,31.75,305.71,118.51,73.25,109.31,558.16,135.32,407.65,267.45,110.02,47.87,1069.81,21.74,58.89,93.22,115.47,27.93,15.34,333.12,237.9,396.49,231.64,155.95,133.24,117.81,285.22,28.01,350.84,244.13,300.83,98.06,190.83,195.09,299.6,453.17,62.45,60.41,158.61,157.99,370.37,83.89,218.03,86.79,86.63,22.57,46.73,26.6,681.08,114.67,213.5,85.05,218.59,71.48,121.03,128.24,28.01,135.34,78.98,109.84,52.72,112.32,55.36,54.35,179.85,186.44,85.59,45.1,45.06,152.94,118.46,141.86,157.17,13.84,60.22,214.27,87.08,595.89,74.68,19.73,127.23
2026-06-17,167.34,295.95,221.23,140.54,88.5,5.36,96.19,156.01,196.28,414.45,76.5,218.76,108.92,172.99,128.27,70.73,98.61,46.29,374.68,166.56,282.72,592.92,40.77,512.48,231.27,341.66,86.43,27.29,181.09,237.5,164.93,326.69,281.75,80.555,45.57,479.49,892.26,34.51,418.88,35.92,1867.83,85.43,196.86,169.64,90.92,6.05,167.11,392.9,423.01,340.54,92.11,225.63,107.44,56.53,284.99,111.61,198.67,171.63,60.07,29.52,1057.38,55.28,146.07,37.59,491.28,44.95,17.92,64.43,125.01,20.907,143.78,955.92,59.05,327.96,130.79,213.67,85.77,105.67,17.53,389.6,267.17,132,285.09,84.23,436.72,26.35,90.58,12.68,22.69,252.54,717.78,42.63,200.87,378.85,164.915,111.21,86.76,28.38,965.59,249.33,109.41,155.02,10.07,170.74,115.21,117.33,45.57,169.64,77.37,20.57,99.16,177.58,68.02,82.25,165.66,27.71,226.63,588.47,419.32,152.48,177.76,516.3,100.86,26.32,187.08,32.5,314.36,69.95,147.19,123.73,42.58,71.23,158.8,269.06,107.04,68.56,103.78,7.06,391.27,149,47.78,157.34,133.25,7.6,1088.52,69.05,409.64,110.86,82.85,2.14,86.68,41.36,94.45,45.92,205.08,45.56,143.92,68.97,13.96,44.88,69.06,262.76,325.93,46.14,24.72,38.58,1931.77,584.38,226.93,139.95,51.32,81.35,254.8,67.01,144.14,22.69,33.65,362.83,32.96,84.36,109.79,357.03,61.15,1048.86,80.64,125.45,127.41,388.6,175.4,79.58,362.1,363.79,66.36,1099.14,1311.1,68.57,388.16,327.48,337.33,31.89,3.97,16.06,349.3,228.61,105.2,508.87,362,118.88,69.77,283.23,79.73,187.59,135.04,59.36,173.44,262.35,134.59,111.81,546.09,94.02,109.27,28.34,159.94,89.16,92.83,52.43,48.4,140.67,159.09,121.1,269.08,54.69,44.31,58.11,125.44,402.18,242.79,95.79,162.1,262.11,289.88,420.2,100.07,57.71,128.89,91.47,63.13,161.63,72.07,187.01,100.62,83.32,246.39,41.84,143.62,27.91,30.25,234.2,9.39,333.46,65.36,30.89,27.28,58.29,97.17,238.73,101.47,31.33,79.93,61.82,71.15,341.66,56.16,18.01,4.42,5.14,108.67,170.31,313.17,13.58,515.85,83.07,869.98,1112,532.32,72.82,217.27,108.77,374.18,22.72,14.15,171.52,492.99,64.54,394.61,13.92,283.82,53,94.11,779.8,456.22,334.69,60.86,78.14,685.87,1631.82,567.58,87.04,591.08,159.23,45.83,68.95,411.37,60.84,244.61,1448.21,115.44,61.8,164.22,289.54,224.96,378.91,116.56,35.31,328.27,1043.19,280.91,85.73,105.67,226.87,76.96,46.77,5.05,44.19,550.15,13.83,95.48,132.13,300.53,154.81,46.47,226.44,12.89,252.6,204.65,170.94,22.34,298.2,123.31,60.57,218.36,85.58,58.82,113.03,76.31,112.92,9.12,318.92,183.53,88.4,40.72,53.04,72.67,50.46,282.13,10.23,57.98,123.72,117.34,16.44,79.86,79.4,64.77,141.59,25.92,150.56,204.42,945.97,20.36,229.26,28.22,140.94,130.63,179.44,233.13,102.38,11.95,117.14,35.33,312.58,167.17,111.44,714.85,42.08,22.92,212.97,722.51,119.46,6.9,162.45,214.45,9.77,48.02,301.47,165.95,14.36,607.93,96.04,89.04,218.42,20.245,122.35,27.43,16.26,107.98,130.1,186.29,233.25,404.11,208.99,35.7654,55.3,77.7437,98.79,31.43,39.65,62.01,36.14,29.86,62.48,79.21,192.58,12.44,157.77,14.8,6.17,191.57,99.82,189.4071,31.93,94.51,54.68,6.69,21.71,85.05,108.09,313.8,81.88,3.26,85.95,28.59,307.12,131.92,50.33,60.61,28.09,27.78,623.97,10.34,4.74,1958.8,234.52,461.74,283.81,92.53,17.42,599.73,191.82,209.86,418.02,18.15,73.31,455.6,740.96,82.99,90.25,270.13,73.36,1066.07,43.42,69.38,74.11,301.14,40.17,79,22.44,58.45,1316.75,65.76,212.2,408.56,127.81,51.5,164.13,409.81,86.33,461.69,181.31,24.41,260.74,44.31,306.07,267.13,396.38,432.15,472.51,228.03,188.11,82.87,32.13,301.88,115.83,70.91,111.61,562.82,132.57,399.53,258.05,105.13,47.1,1048.97,23.55,57.91,93.75,114.23,28.18,15.3,330.38,234.598,387.23,227.01,154.28,132.4,116.93,281.99,27.23,349.71,239.77,294.82,95.61,185.52,192.6,317.58,458.99,64.55,60.33,158.83,156.41,365.76,82.15,216.09,85.61,86.15,23.54,45.84,26.24,712.13,112.54,206.55,83.81,215.85,71.25,118.13,125.85,27.86,139.39,77.46,107.33,52.02,109.2,54.67,54.05,179.6,185.8,83.68,43.97,44.46,150.71,115.49,140.74,155.75,13.44,60.58,201.79,84.55,593.25,72.84,18.5,124.38
2026-06-18,161.85,298.01,216.49,142.41,88.41,5.57,109.87,127.98,195.16,434.46,75.1,218.41,108.67,166.66,127.69,73.92,98.9,47.52,417.07,160.35,278.09,617.11,41.08,537.37,237.42,337.6,90.46,28.64,176.05,244.39,169.67,317.74,280.21,81.98,46.59,469.71,877.72,34.56,439.46,36.34,1929.68,80.66,201.34,170.11,90.87,6.28,169.61,411.35,423.4,338,84.57,222.72,107.1,56.2,328.91,111.76,196.58,171.78,58.41,28.99,1050.09,54,143.63,38.37,489.46,45.29,17.93,66.25,123.79,21.327,143.06,985.82,59.09,323.4,131.55,234.71,82.05,106.49,17.51,387.39,274.06,126.23,279.27,84.54,428.22,29.18,89.48,12.28,22.43,246.38,716.86,42.82,201.53,389.57,163.26,107.74,85.48,29.16,951.45,271.83,111.24,151.78,10.15,171.215,117.95,119.54,45.63,170.85,78.59,20.81,98.32,173.63,68.41,84.18,173.46,27.63,223,589.24,409.5,157.81,177.17,515.52,103.89,26.39,188.15,31.73,312.47,76.71,147.56,123.86,42.12,72.47,164.89,269.12,106.36,70.79,104.41,7.03,388.5,150.66,52.28,178.77,129.98,7.65,1092.19,69.59,421.77,111.11,82.5,2.15,87.36,41.52,96.26,45.46,219.2,45.81,145.33,69.31,14.06,45.89,68.68,265.68,326.2,46.45,24.97,38.21,1967.41,573.76,219.26,149.55,52.23,82.72,257.7,65.17,144.73,22.9,33.3,350.01,31.48,82.51,107.22,357.64,61.59,1109.73,85.83,123.76,130.68,387.12,194.92,79.29,367.46,368.03,66.88,1096.56,1365.41,68.55,375.17,334.28,337.1,35.47,4.26,15.96,348.84,229.01,108.15,523.69,360.65,124.44,70.24,277.66,80.01,186.1,134.39,59.46,173.64,249.1,133.88,112.49,562.09,94.36,107.47,27.59,164.6,89.09,91.88,52.29,49.07,143.21,161.93,133.99,267,56.55,44.4,59.96,127.83,406.78,238.99,99.25,163.85,264.09,295.59,424.9,101.34,56.77,127.61,90.66,62.68,162.25,71.57,185.34,100.45,83.94,253.57,41.6,144.82,27.57,31,228.39,10,325.22,65.71,30.76,26.67,58.22,97.01,259.56,102.56,31.59,79.39,56.61,71.72,348.06,54.21,18.12,4.37,5.36,107.12,191.39,294.82,13.21,512.15,82.15,850,1098.57,510.95,73,222.2,109.07,389.04,22.85,14.28,171.24,489.79,65.44,396.2,14.22,278.61,52.77,99.77,750.63,450.67,332.75,60.12,79.34,691,1635.15,577.22,88.57,609.12,160.6,45.67,69.12,409.15,60.88,242.91,1563.7,113.87,63.96,162.41,310.58,223.17,379.4,112.53,35.45,338.52,1133.99,286.69,86.75,103.79,224.06,77.38,47.26,5.02,45.2,521.5,13.49,95.04,135.06,300.08,159.71,46.9,231.41,12.71,243.83,210.69,177.02,24.02,313.27,125.9,60.24,221.04,85.03,61.17,117.81,71.35,121.62,9.27,333.76,184.29,86.84,46.57,51.82,74.61,49,287.78,10.27,58.56,124.85,118.95,16.48,79.56,79.89,65.47,142.02,25.21,150.38,204.87,953.27,20.27,229.02,28.23,140.54,128.47,178.4,232.04,102.32,12.15,118.25,35.38,318.12,166.14,112.86,702.25,42.51,24.69,226.11,740.62,121.68,8.04,167.965,215.89,10.76,51.53,312.51,174.96,14.35,609.94,95.55,89.09,214.82,21.36,125.15,28.1,16.52,107.24,141.17,188.63,232.8,396.34,209.96,35.7092,56.08,77.26,97.27,31.51,39.4787,62.55,36.114,29.82,63.93,79.53,185.6,13.52,162.99,15.02,6.03,186.87,100.65,190.6423,31.86,91.7,58.05,6.99,21.9,92.7,108.85,320.79,81.99,3.23,83.73,27.92,321.66,131.88,48.09,59.51,27.14,30.66,659.88,11.74,4.66,2184.75,232.29,455.51,284.56,93.09,17.91,639.45,185,211.33,410.92,18.97,73.09,468.08,746.74,79.69,90.69,249.91,78.39,1070.23,44.2,72.45,75.26,307.8,41.68,78.7,22.01,60.58,1328.31,64.36,217.64,437.92,130.74,53.22,163.81,436.29,86.75,464.61,181.67,24.66,258.58,44.67,307.81,286.74,400.49,462.12,483.4,239.28,186.17,87.56,34.755,322.86,118.32,71.64,121.28,589.46,133.06,400.96,256.88,104.86,47.78,1076.81,24.64,58.14,91.91,114.87,28.3,16.56,327.24,234.24,394.33,226.11,151.82,131.44,120.04,280.41,26.28,353.56,236.3,302.84,95.56,186.87,193.95,333.05,451.63,64.13,64.9,163.75,157.66,369.99,81.6,216.5,86.98,86.77,22.8,45.37,26.2,746.23,112.17,206.65,82.2,214.6,73.12,117.18,122.57,28.98,140.72,77.41,111.04,51.81,109.45,53.77,53.57,180.91,191.44,83.3,43.86,44.76,149.4,117.16,137.81,153.36,13.21,61.04,199.5,86.39,636.3,74.78,18.9,124.85
2026-06-22,171.23,297.01,230.01,139.19,87.83,5.43,103.17,124.83,194.9,445.48,76.29,214.6,109.7,166.85,130.3,72.2,98.63,46.97,439.66,156.69,286.41,640.18,40.68,551.63,241.55,344.72,93.55,28.94,176.43,232.79,174.56,313.63,283.11,82.98,45.2,469.39,903.75,33.36,407.72,37.3,1929.25,73.19,204.09,169.59,86.23,6.56,151.33,392.13,410.03,338.07,92.44,220.83,104.97,57.37,345.85,111.74,199.71,167.77,59.15,28.54,1051.74,54.7,146.44,38.33,488.69,44.33,17.43,67.2,123.26,20.949,145.67,1022.28,59.95,325.2,129.95,224.43,83.12,107.07,17.47,389.04,275.53,125.54,282.08,83.58,460.33,28.14,88.67,11.89,22.32,245.2,724.93,43.12,200.7,425.48,164.84,109.7,84.89,29.08,951.35,302.52,111.25,150.12,10.45,168.86,111.29,121.53,46.2,169.45,78.86,21.05,101.3,175.06,68.04,85.92,172.08,27.41,221.37,598.59,418.71,155.94,178.19,517.08,102.45,25.65,195.54,30.79,295.11,80.72,146.83,123.52,43.05,69.07,164.46,269.34,106.92,71.21,104.58,6.84,394.82,150.21,52.41,184,132.83,7.34,1115.94,70.12,435.78,112.2,83.25,2.08,85.88,41.54,96.97,45.69,219.02,45.94,146.08,69.35,14.11,46.12,69.21,259.73,328.78,46.76,24.47,37.72,2066.51,617.09,220.73,156.66,49.39,79.89,263.11,67.39,145.39,23.05,33.43,343.36,31.71,81.44,106.12,355.12,60.64,1127.59,89.67,124.87,131.19,384.59,209.83,80.43,348.78,349.68,65.09,1106.37,1341.42,68.99,376.99,326.62,331.15,33.54,4.9,15.98,342.93,228.11,105.71,539.39,360.72,121.04,70.78,280.36,79.94,186.7,135.56,60.08,177,252.22,131.34,112.97,545.73,94,109.66,27.88,164.13,87.31,92.64,52.87,48.34,143.26,161.38,140.94,257.77,58.32,43.89,56.87,131.86,402.95,235.51,97.34,163.32,265.31,298.18,423.76,99.61,57.53,128.56,91.15,63.18,162.73,71.08,185.12,101.61,84.6,253.28,41.86,148.21,27.02,30.98,231.29,9.86,331.48,65.96,30.87,26.3,58.25,96.9,269.16,100.5,32.25,79.53,55.76,71.99,343.43,51.09,17.86,4.3,5.16,104.84,183.68,285.83,12.82,516.71,82.57,893.93,1102.08,493.6,73.21,214.4,108.78,409.54,21.99,14.22,170.56,484.09,64.02,384.19,14.85,270.1,52.86,102.71,744.85,447.33,319.16,59.51,79.27,693.83,1589.45,563.85,87.34,609.88,163.22,46.51,69.51,403.3,60.29,247.29,1537.88,115.48,59.345,160.12,307.86,227.09,367.34,109.46,35.24,345.22,1211.38,283.61,86.08,101.8,218.38,72.88,47.63,5.05,43.19,507.33,14.43,93.01,138.91,304.17,158.31,46.61,228.8,12.79,244.93,208.65,184.34,23.7,323.24,129.07,60.58,219.52,86.29,58.4,115.94,72.55,131.55,8.89,347.87,175.07,85.63,47.68,52,77.04,48.91,286.4,10.16,59.24,123.67,120.12,16.63,78.11,80.61,64.83,140.71,25.08,147.68,207.38,962.14,19.5,234.03,28.77,143.83,119.5,173.17,234.71,102.43,12.09,118.92,35.59,320.22,168.41,115.03,740.14,42.34,24.47,221.9,737.95,121.55,7.61,168.6,215.83,10.54,47.27,309.36,170.44,13.02,612.5,97.29,90.03,214.65,21.38,125.16,28.63,15.1,100.29,140.35,188.45,236.97,403.49,209.61,35.1539,55.14,77.23,98.45,31.35,39.117,62.6,36.11,29.33,64.56,79.59,181.83,13.62,165.81,14.74,5.675,187.59,100.15,187.6581,31.89,92.03,57.55,6.8,22.17,91.91,107.98,316.9,81.91,3.1,83.07,27.62,336.9,129.54,47.95,58.91,27.56,35.46,668.91,11.24,4.63,2273.73,226.59,464.58,283.26,93.43,17.1,655.01,154.6,214.57,407.39,17.27,73.24,459.34,744.39,78.65,91.62,250.98,79.91,1094.04,45.39,76.18,75.71,304.69,40.2,77.98,22.1,61.11,1295.9,63.54,212.69,457,129.73,54.4,164.17,438.12,86.09,464.01,180.06,24.26,264.51,45.1,310.61,316.85,405.05,467.67,491.59,239.57,183.64,85.17,32.94,332.28,118.68,71.43,123.14,579.45,136.94,406.68,259.91,107.24,46.8,1092.68,24.12,58.68,92.76,112.69,28.36,16.12,326.6,233.94,387.2,224.5,153.75,132.15,120.51,283.02,26.09,355.88,243.78,304.39,96.59,182.37,194.82,357.96,466.79,64.23,64.27,167.26,157.56,368.81,83.04,218.65,85.9,87.06,22.52,45.36,26.95,732.62,113.04,211.45,83.84,213.31,74.95,117.18,121.72,28.31,145.86,78.81,109.13,51.62,106.86,54.06,53.7,181.8,192.15,82.18,44.02,44.72,150.06,114.94,138.47,154.9,13.35,62.11,201.19,85.51,648.22,73.07,18.47,124.06
2026-06-23,147.44,294.3,234.76,138.85,90.53,5.25,99.12,127.01,197.43,407.26,75.84,220.5,111.7,160.16,133.74,71.83,98.71,45.36,397.02,149.98,288.18,585.88,40.43,519.85,234.08,347.01,86.72,27.77,179.38,234.11,162.2,320.74,282.45,79.35,45.27,467.02,853.4,32.8,366.39,36.06,1778.46,72.87,199.6,171.09,83.79,6.42,149.08,380.15,433.04,337.78,77.91,216.71,102.6,57.91,321.98,110.14,197.19,168.94,58.68,26.9,1015.33,55.53,147.29,36.64,492.81,45.6,17.23,66.84,120.07,20.337,144.97,984.24,60.89,332.11,133.21,226.72,84.33,108.89,16.32,379.06,270.26,131.75,283.08,84.21,459.85,27.64,91.43,11.16,22.8,242.26,699.05,43.5,197.81,381.22,158.18,109.97,79.48,29.16,957.68,272.005,110.28,153.42,9.71,170.23,105.72,121.15,46.16,168.8,79.11,21.55,101.57,175.98,68.45,86.72,171.52,27.12,220.57,591.94,427.78,156.08,178.97,516.62,103.53,25.15,195,30.33,283.03,69.22,149.19,125.05,43.39,68.92,164.25,268.66,108.75,67.17,102.46,6.5,395.1,143.14,47.22,168.22,134.9,6.49,1115.93,71.03,405.28,113.81,84.84,2.02,86.95,40.98,92.75,45.57,192.2,46.62,147.76,67.99,14,45.6,64.4,258.45,317.24,47.45,24.29,38.03,1908.07,583.55,213.92,142.79,48.79,78.71,249.24,66.14,148,23.66,32.83,350.34,31.88,77.66,100.56,356.47,63.72,1034.98,83.39,125.05,134.65,377.32,194.07,78.95,346.08,346.13,64.28,1094.44,1320.48,69.62,386.92,324.45,334.17,32.96,4.63,15.07,343.83,222.37,103.25,509.96,359.13,120.51,71.97,275.13,79.87,185.49,138.53,61.07,178.09,264.94,133,113.94,541.31,94.12,110.06,27.68,158.29,87.32,94.12,53.26,49.12,142.77,164.93,132.28,258.05,57.85,43.65,54.72,133.06,403.18,235.93,97.33,161.2,261.64,295.32,418.24,99.34,57.86,129.09,91.22,64.03,160.13,72.42,180.57,102.99,83.94,243.37,42,141.28,26.12,31.18,239.08,9.55,334.14,66.84,30.87,25.01,59.62,93.5,244.49,103.95,32.54,80.31,57.05,73.12,340.21,50.8,18.41,4.15,5.19,106.11,177.5,293.77,12.63,512.26,78.43,827.92,1107.08,503.67,74.57,213.54,108.91,371.33,20.95,13.82,168.6,488.07,63.14,386.83,14.7,271.66,51.81,93.26,763.91,443.97,320.97,61.06,80.63,686.82,1583.66,562.2,85.49,604.18,161.84,46.845,71.61,402.24,58.9,248.52,1423.76,119.6,61,163.84,279.04,226.03,373.94,103.84,35.31,329.76,1051.77,275.25,86.43,97.84,224.94,72.82,47.26,5.09,42.38,513.22,13.7,95.94,137.66,303.39,157.82,47.89,234.76,12.59,239.63,200.04,168.37,21.4,299.94,120.64,61.53,217.58,88.06,57.19,118.16,72.96,117.06,8.53,315.88,165.16,87.54,45.16,52.23,72.36,46.22,290.915,10.16,57.81,124.28,116.78,16.77,76.56,81.39,65.08,142.05,24.72,150.86,215.69,947.58,19.53,232.83,28.53,145.25,116.7,178.69,238.67,104.05,10.73,117.7,36.29,321.29,170.34,118.96,702.29,41.7,25.03,204.13,713.65,118.74,7.42,163.34,213.01,10.49,47.11,309.53,165.63,12.22,618.03,91.82,91.7,206.61,21.28,124.23,28.69,14.89,95.12,128.21,191.26,229.05,398.63,208.89,35.423,55.02,77.39,98.91,31.72,38.55,61.66,36.5675,29.89,62.33,80.37,186.39,12.81,169.51,15.13,5.56,189.59,101.05,176.4526,32.02,93.17,52.36,6.41,22.48,84.36,107.68,322.9,81.97,2.94,78.53,26.03,319,129.36,47.79,55.73,27.41,33.32,622.05,10.86,4.46,1963.6,230.41,461.5,290.14,94.93,17.29,603.39,156.11,216.74,400.16,17.44,74.21,455.5,733.58,76.5,92.29,243.69,72.43,1038.59,44.36,73.44,75.04,310,38.57,79.28,22.81,58.56,1297.68,59.62,203.05,420.12,134.11,53.94,164.35,411.92,86.2,469.35,184.57,24.51,268.72,45.64,316.96,282.65,381.61,436.39,474.34,242.64,184.04,85,31.87,304.36,121.55,69.67,111.63,563.03,139.48,409.25,258.61,105.83,45.58,1063.14,22.89,60.05,94.01,111.26,28.45,15.47,328.48,229.67,383.67,228.7,154.68,132.68,116.07,286.69,26.62,348.28,243.68,299.09,97.86,182.84,196.29,318.32,468.42,63.88,58.96,162.39,154.33,363.7,85.37,217.43,84.08,84.41,23.87,46.73,26.88,670.75,114.14,217.67,84.13,218.84,75.79,119.42,116.46,28.78,147.03,80.33,108.2,50.87,107.27,54.46,53.88,178.15,184.19,83.72,44.64,45.07,152.18,113.76,139.73,155.04,12.76,63.21,199.22,85.78,603.65,72.37,19.51,126.17
2026-06-24,146.97,293.08,234.89,144.4,90.49,5.05,101.6,129.15,196.57,413.16,75.08,219.855,113.32,153.46,134.96,77.66,99.19,45.01,399.92,147.84,294.06,588.97,41.71,519.74,235.38,351.43,82.76,27.68,174.46,234.27,161.74,325.48,278.73,81.39,41.98,464.96,852.5,32.18,359.08,35.86,1762.77,68.01,197.59,172.59,78.59,6.23,142.18,382.07,456.73,342.56,70.14,220.25,99.8,57.73,326.19,107.82,199.59,181.25,56.38,25.21,982.6,55,143.56,36.58,494.81,44.46,17.52,67.61,112.99,20.451,143.59,994.45,61.62,335.15,133.94,182.26,82.14,106.64,15.47,372.4,267.97,131.42,279.46,83.8,463.51,26.22,91.88,10.57,22.64,231.68,694.87,43.86,200.48,392.5,150.11,106.92,75.7,27.79,961.09,268.99,112.02,152.76,9.35,168.255,100.88,119.73,46.06,170.93,80.09,22.05,101.87,171.45,69.26,90.65,177.93,26.45,222.65,600.75,434.06,166.51,188.87,518.52,101.12,24.53,193.02,29.38,287.62,69.93,151.1,126.53,42.74,69.75,169.87,276.29,110.72,67.25,102.26,6.63,384,141.44,47.82,171.46,134.45,6.06,1095,71.71,404.59,114.69,85.82,1.86,89.66,40.55,92.61,45.45,197.26,46.9,145.86,67.52,13.84,46.26,61.84,258.9,316.83,47.82,24.335,38.66,1954.47,568.17,209.76,141.42,49.8,76.66,248.36,64.29,145.28,23.87,32.36,344.32,31.26,74.59,96.08,365.88,64.88,1057.65,83.7,125.16,137.76,365.92,205.83,78.95,345.04,345.29,67.08,1076.91,1342.57,71.15,387.76,342.86,335.3,32.7,4.14,14.52,343.42,227.42,97.19,518.18,361.64,116.1,73,276.06,79.85,181.39,139.02,61.37,181.53,262.96,130.02,115.25,549.16,94.73,108.65,26.75,157.2,86.17,95.08,53.5,49.62,144.42,175.09,131.65,262.235,53.6,44.7649,50.3,130.59,401.83,236.19,103.32,161.09,263.68,296.69,418.18,100.65,56.91,128.19,90.75,64.64,161.98,72.9,179.26,102.85,85.3,242.19,41.5,142.81,25.48,32.48,241,9.28,333.45,67.49,31.4,23.7,59.72,91.51,240.48,106.73,32.59,80.6,58.48,73.97,347.63,47.95,18.8,3.94,5.15,104.32,171.13,287.27,12.39,515.73,78.91,842.53,1117.26,491.64,75.59,221.45,109.41,374.8,19.13,14.4,171.47,494.41,62.68,383.56,14,273.88,51.43,92.48,766.55,449.79,302.44,61.74,80.13,691.05,1659.57,557.67,85.18,616.62,165.91,47.35,72.07,404.9,56.51,246.51,1434.95,120.6,60.42,165.96,276.7,219.86,365.46,94.13,35.34,328.41,1048.51,259.66,87.62,94.04,223.48,71.84,47.63,4.9,41.82,503.01,13.81,93.8,142.21,303.82,155.56,47.5,259.97,12.46,240.52,199,167.55,18.32,294.06,116.67,61.99,219.04,87.31,54.06,118.58,73.66,115.74,7.68,322.24,157.53,87.82,40.71,51.09,72.8,44.39,285.26,10.31,58.41,127.22,117.03,17.12,75.74,81.95,66.04,142.27,24.04,152.04,220.5,961.09,19.86,237.85,26.3,140.87,113.5,178.78,239.92,105.37,10.66,120.98,36.92,317.92,168.64,122.15,701.88,42.48,22.98,197.41,710.62,118.68,7.12,159.89,213.19,9.7,47.94,320.95,160.72,11.38,623.43,90.67,92.52,202.24,19.53,129.77,27.42,14.64,85.41,124.52,196.5,228.59,396.86,210.38,35.1958,56.25,77.1,97.56,32.3,38.85,62.61,36.5709,30.3,62.3,81.25,185.06,14.42,169.77,15.12,5.04,185.46,103.53,169.8024,31.72,91.39,49.74,6.12,22.7,83.69,114.17,333.13,82.07,2.71,75.57,24.9,321.66,129.08,46.61,51.78,26.49,32.45,618.92,10.21,4.53,1914.46,225.95,463.93,283.22,95.78,17.31,601.5,154.54,222.15,402.35,17.13,74.69,455.01,733.24,75.58,92.73,241.43,71.84,993.25,46.56,71.4,76.32,313.68,39.43,80.59,22.37,58.16,1322.67,57.7,198.55,427.2,141.2,53.6,165.17,405.89,87.38,492.2,180.79,26.02,266.32,46.03,320.74,275.32,375.53,440.83,483.15,235.77,188.34,91.35,34.6,303.11,130.54,73.85,108.42,550,141.47,405.8,259.96,106.14,44.72,1083.72,21.42,60.11,95.35,106.29,28.53,15.03,332.23,229.7,388.01,229.24,150.88,131.49,115.13,288.73,26.72,351.35,242.43,307.29,97.01,181.16,196.86,316.43,475.2,62.23,55.59,162.87,154.26,363.65,86.57,217.59,83.83,84.34,23.69,45.68,27.2,643.83,115.61,221.43,84.3,223.26,75.87,119,112.79,26.97,149.71,81.47,114.28,51.16,106.54,53.57,53.72,180.21,183.05,84.44,44.51,45.54,153.35,115.07,136.9,153.03,12.48,64.45,196.83,88.22,589.98,75.68,18.84,127.27
2026-06-25,138.54,275.15,243.14,141.88,93.24,4.79,106.86,125.82,193.41,417.93,76.54,216.31,114.53,156.18,137,76.85,99.25,45.08,398,141.05,293.17,668,42.86,532.57,240.95,352.82,85.62,27.76,168.72,227.01,165.45,315.95,279.93,82.575,40.95,445.93,888.65,31.92,347.71,36.69,1841.18,65.62,199.5,173.67,79.34,6.24,136.68,378.91,444.73,342.46,69.06,218.12,95.07,58.19,309.18,103.99,201.96,177.05,56.94,24.35,971.92,55.39,145.43,36.61,487.81,44.2,16.39,69.7,114.18,20.529,144.98,1057.01,61.97,330.82,134.58,168.52,79.53,103.58,15.99,368.23,268.69,129.65,281.87,83.66,484.69,25.68,91.06,10.76,22.69,225,727.59,44.22,204.9,407.25,142.52,106.41,76.48,27.27,942.24,268.03,113.05,150.19,9.26,169.6625,98.76,118.97,47.44,169.09,81.62,22.46,104.66,172.24,69.51,92.11,176.91,26.93,220.94,630.76,409.45,166.95,193.21,519.26,98.05,23.1,192.44,29.31,285.44,76.89,152.81,127.11,42.6,68.65,173.41,281.2,110.76,67.96,103.15,6.31,387.32,145.34,47.21,176.28,133.59,6.09,1087.61,72.08,419.87,115.38,86.66,1.7,89.72,41.07,93.39,45.88,205,46.75,147.19,68.4,14.11,46.92,62.8,255.3,329.44,48.01,23.9861,37.86,2017.57,567.79,210,148.75,48.86,78.8,248.64,67.03,149.93,24.28,31.68,344.7,29.33,75.67,97.9,371.36,64.94,1085.47,86.12,123.84,142.57,369.46,228.01,78.53,342.19,343.71,68.16,1065.09,1374.78,72.635,386.94,345,342.45,32.71,3.79,15.15,340.55,231.24,93.47,536.04,376,117.68,74.26,273.14,79.88,177.76,137.67,62.35,183.67,258.27,124.49,115.94,554.94,94.79,109.93,27.44,158.36,84.76,95.94,54.45,50.15,146.27,177.65,132.87,255.07,50.56,44.34,47.74,131.06,399.69,237.38,104.25,161.22,270.6,298.91,418.14,99.21,57.5,127.62,90.51,65.66,164.66,72.9,181.79,103.1,86.64,243.99,41.56,145.49,25.19,32.98,244.88,8.87,335.12,68.22,32.52,24.04,59.13,92.65,258.8,108.1,33.01,80.42,57.77,74.77,359.93,46.32,18.96,3.85,5.12,100,170.38,288.52,11.83,522.28,78.45,861.97,1127.69,505.02,76.19,221.93,109.5,401.82,18.7,14.08,175.11,488.92,61.07,378.91,13.88,264.54,50.78,94.12,763.81,438.85,294.1,61.2,80.52,697.38,1619.25,542.87,84.35,628.94,167.97,47.915,73.21,416.26,55.62,253.56,1438.3,125.45,59.75,162.23,281.26,221.04,352.83,85.33,34.94,339.3,1213.56,256.63,87.7,95.35,226.65,70.9,47.81,4.73,40.9,499.33,13.98,89.52,147.11,312.06,154.59,46.94,260.74,12.46,248.89,195.74,171.91,17.7,298.64,113.18,62.04,220.12,89.52,51.01,119.26,73.43,118.74,7.675,344.24,152.46,86.9,41.82,51.21,71.69,44.99,293.09,9.93,59.99,124.48,121.68,17.08,73.3,82.63,65.99,139.52,23.67,148.5,215.54,989.91,19.48,241.09,26.51,140.53,107.27,178.93,245.28,107.28,10.13,122.4,37,320.74,171.76,122.63,718.59,42.38,21.91,204.9,716.38,119.49,7.13,160.24,213.25,9.09,46.39,322.65,158.02,10.8,620.14,89.21,93.51,204.62,18.41,130.91,27.76,14.86,80.69,123.69,198.6,215.13,405.78,211.75,34.8834,55.78,76.7157,98.99,32.8,39.3434,63.76,36.7,30.3,63.07,81.91,186.59,13.6,178.17,14.96,4.58,180.95,103.16,172.6581,31.96,89.44,51.88,5.9,22.97,80.77,111.62,339.08,82.09,2.5,77.09,25.55,325.26,126.52,47.42,52.36,26.52,31.68,636.88,10.07,4.34,2335,227.06,455.02,277.63,95.91,17.3,625.2,153,225.49,395.14,15.99,74.9,441.21,734.3,73.11,93.43,251,74.88,1025.36,46.84,69.94,78.52,316.11,40.77,80.85,22.42,57.87,1332.56,59,200.07,471.96,139.57,53.63,155.19,416.8,87.35,505.75,181.57,25.77,273.45,46.34,318.29,269.88,375.12,434.99,503.46,238.72,190.88,96.65,35.73,311.81,134.605,72.25,120.66,541.1,143.41,415.53,267.73,109.31,43.92,1139.51,20.66,61.21,96.22,109.31,28.48,14.42,330.52,233.08,383.73,227.23,152.54,131.01,115.47,293.03,26.53,358.22,255.06,312.97,97.19,179.12,198.16,325.57,480.18,60,59.91,167.77,154.85,363.98,87.43,220.49,83.05,85.08,23.25,46.07,26.98,675.39,117.07,223.73,84.74,223.08,77.53,115.78,113.08,26.06,151.59,81.75,115.92,51.84,105.58,54.09,53.45,184.12,184.57,83.94,44.59,45.85,155.63,113.35,137.55,154.74,12.19,64.53,203.02,87.56,597.58,74.08,17.88,123.8
2026-06-26,135.69,283.78,253.35,145.56,94.12,4.87,104.5,128.98,202.73,386.91,76.79,223.55,118.32,157.23,138.69,79.49,99.34,44.79,391.74,133.7,291.37,626.84,43.03,521.58,237.52,358.33,78.72,26.82,175.59,232.69,157.6,328.69,277.79,81.86,39.16,477.08,887.18,31.93,334.27,35.87,1794.62,71.45,197.4,175.17,81.62,6.36,137.95,365.02,464.83,340.36,70.15,217.25,94.81,57.88,252.02,104.22,216.03,181.46,56.56,24.76,964.71,57.52,143.56,36.01,498.66,44.23,17.15,68.98,115.4,19.782,141.76,997.47,62.05,341.44,137.4,181.59,82.62,104.49,16.02,377.27,264.02,133.64,282.79,85.36,479.5,25.94,92.07,9.95,23.17,221,685.87,45.04,204,380.56,149.06,105.96,76.18,27.2,952.54,238,112.32,158.37,9.99,175.2725,96.58,113.77,47.66,171.9,82.62,22.46,104.34,171.06,69.39,92.57,183.09,26.57,239.77,613.24,399.49,166.29,196.19,517.75,98.79,25.7,193,29.04,298.18,71.88,154.43,128.4,42.21,70.14,171.46,283.65,112.06,67.19,102.54,6.13,395.18,143.49,47.58,161.43,132.6,5.93,1091.3,73.48,402.68,115.91,87.21,1.67,90.78,40.63,92.8,45.76,197.28,47.4,149.21,67.74,14.13,47.1,62.45,258.43,318.53,48.47,24.9,38.57,1854.23,524.79,215.14,130.74,50.1,87.58,239.07,64.44,151.35,24.21,31.59,346.71,29.25,77,100.29,369,65.76,1045.17,79.78,127.88,144.42,373.63,221.05,78.1,334.69,337.39,69.8,1019.61,1353.61,74.96,391.68,348.86,345.21,33.94,4.03,15.54,332.86,232.21,98.69,517.02,383.84,123.02,74.43,268.87,79.83,175.82,141.46,62.39,187.36,271.63,123.86,116.82,551.5,95.03,110.02,27.18,155.89,88.2,99.13,55.61,51.03,147.41,176.55,128.32,267.72,49.31,45.7598,47.21,132.44,404.7,236.78,104.9,160.83,267.71,299.83,417.25,100.48,57.22,127.85,90.26,67.64,163.15,73.65,180.31,104.64,87.18,239.66,41.23,138.4,25.39,33.28,254.66,8.83,329.05,68.42,33.4,24.26,61.05,90.13,248.64,109.37,33.19,82.63,57.73,75.17,372.25,47.21,19.13,3.79,5.92,101.76,165.52,291.25,12.04,519.62,75.93,816.98,1208.12,507.4,77.25,222.48,109.5,379.09,19.79,14.27,179.46,499.02,61.6,377.31,14.54,269.76,50.48,87.93,763.51,450.01,314.01,60.79,80.98,695.29,1675.1,550.25,84.27,616.06,164.01,48.19,73.79,425.36,53.9,254.06,1313.32,128.66,67.27,169.03,266.77,212.03,372.97,82.31,37.17,325.74,1132.33,240.3,88.56,96.13,237.24,73.81,49.08,4.86,40.75,500.03,13.01,98.34,149.36,312.81,152.45,49.72,261.91,13.17,239.78,192.53,162.92,17.3,277.02,106.95,63.12,218.79,89.22,50,124.28,73.09,90.65,7.83,323.92,148.53,89.55,42.02,49.99,69.16,45.45,304.2,10.53,58.84,129.18,120.68,17.38,76.55,83.58,67.62,141.39,24.29,149.02,224.34,968.92,20.82,241.55,27.07,139.97,112.93,180.77,244.99,108.08,9.44,123.24,37.02,324.39,171.65,121.88,687.87,44.29,22.76,189.39,706.52,118.68,7.16,155.97,213.66,9.18,47.56,318.13,166.94,10.93,632.9,86.53,95.1,207.95,18.36,132.13,28.57,15.63,84.54,114.73,200.29,213.26,385.78,210.31,35.4009,56.34,77.654,98.56,33.49,39.25,63.22,37.48,30.7,61.84,82.68,187.99,13.49,182.08,15.91,4.62,183.76,104.6,169.2292,32.09,90.67,51.75,6.01,22.93,82.05,116.86,344.07,82.19,2.61,78.42,26.12,305.28,129.57,47,53.28,26.34,30.63,611.61,10.1,4.41,2090.71,248.96,454.34,266.27,97.16,17.88,589.94,153.23,226.89,408.16,16.29,75.76,460.02,728.99,71.59,94.27,245.49,71.42,899.9,46.98,68,78.66,332.71,41.24,82.82,22.72,56.85,1324.56,58.22,197.74,436.86,140.39,55.83,155.43,404.09,87.36,513.03,182.68,27.08,272.61,46.59,327.37,249.91,379.71,432.35,477.89,238.53,191.57,99.84,36.75,285.425,136.11,76.2,118.82,526.33,144.91,427.89,268.35,108.14,43.59,1121.66,20.47,60.91,98.31,105.48,28.46,14.62,336.23,232.13,388.6,229.65,152.07,131.46,113.86,301.43,27.21,352.47,259.37,311.35,98.67,180.8,199.66,303.95,491.34,61.95,56.35,163.49,153.95,362.22,89.05,218.39,82.76,84.48,23.56,46.54,26.74,586.45,118.85,227.33,83.86,225.53,77.92,115.69,113.32,25.83,155.38,82.23,115.64,51.6,106.18,53.84,53.57,181.2,181.11,84.71,45.24,46.2,160.34,114.37,136.54,154.68,12.09,65.92,201.46,88.72,571.91,77.82,18.98,132.26
2026-06-29,150.1,281.74,254.31,147.17,92.71,4.68,118.88,124.74,206.43,391.78,76.87,224.97,114.59,153.76,137.97,81.79,99.37,46.07,455.96,129.72,293.52,694.64,42.94,539.49,237.72,360.55,82.34,26.57,168.67,240.14,164.1,327.57,271.35,83.21,37.77,498.76,912.46,33.13,343.58,36.25,1883.11,86.77,197.71,174.84,81.79,6.62,139,372.45,510.6,340.88,71.46,214.69,95.51,57.88,275.01,112.18,216.63,182.41,56.31,28.35,950.17,58.56,143.8,36.86,496,43.48,15.86,68.98,114.88,21.264,142.49,1033.19,61.83,343.29,136.09,216.16,78.63,103.47,16.33,372.72,259.32,146.17,278.74,88.5,478.93,24.83,92.4,9.38,24.22,218.58,691.09,44.79,202.28,391.22,151.65,104.2,75.74,25.94,946.68,245.68,108.87,157.93,10.27,185.7275,95.51,117.7,48.01,169.08,83.37,22.4,103.58,168.47,69.18,93.17,184.82,26.56,248.57,626.63,414.61,164.23,192.78,521.68,98.63,25.8,190.58,27.92,294.05,71.94,154.02,128.33,41.99,69.98,167.63,278.6,112.29,67.43,103.45,6.33,388.03,142.82,48.34,171.04,131.93,6.09,1085.17,73.77,408.26,116.33,87.01,1.74,91.18,40.93,93.21,46.15,197.5,47.15,148.26,68.6,14.02,47.4,61.62,264.17,325.4,48.06,25.0484,38.69,1948.69,528.23,207.26,144.17,50.39,90.09,232.8,65.23,155.42,24.15,31.71,348.07,29.33,75.68,98.92,373.71,65.05,1102.51,81,126.33,142.19,368.58,255.69,77.34,351.28,353.65,71.12,1020.21,1353.29,77.18,392.33,350.81,350.44,33.39,3.76,15.4,332.54,227.8,101.83,514.71,388.9,118.27,74.76,268.57,80.01,175.21,141.72,62.42,189.79,278,122.91,116.25,535.93,95.06,110.42,26.98,159.9,89.89,100.13,55.33,50.67,147.36,181.1,131.72,266.4,53.88,46.36,45.91,129.97,405.97,239.13,103.97,163.07,267.47,298.97,423.17,101.52,56.97,127.72,90.52,67.93,164.26,73.52,177.79,104.09,87.63,246.21,42.47,140.47,25.25,33.08,258.51,8.63,329.39,68.21,33.5,23.78,61.39,88.94,278.39,109.91,32.27,82.65,55.91,74.75,378.15,46.95,19.07,3.77,6.51,100.44,160.25,289.38,11.89,511.06,77.31,851.4,1229.93,502.07,77.18,219.65,109.7,410.91,20.97,15.25,182.56,509.64,63.52,374.88,14.03,267.18,50.79,89.06,747.53,452.73,338.18,60.15,80.93,697.92,1683.13,562.6,86.47,581.23,162.43,48.82,74.05,425.85,54.74,259.22,1312.77,129.38,69.7,166.71,277.75,211.72,368.57,92.68,38.73,336,1145.28,261.15,88.66,94.51,243.76,73.78,48.15,4.95,41.48,496.02,13.03,99.97,149.11,316.65,155.06,51.06,272.31,13.13,228.58,194.97,163.35,17.74,278.37,110.66,63.04,219.69,88.73,52.76,131.31,73.93,88.57,8.02,351.45,147.76,90.16,54.07,49.09,72.32,44.67,332,10.68,58.6,127.18,119.6,17.24,76.54,82.43,67.37,138.68,24.37,148.45,219.86,963.79,21.88,237.65,31.28,138.89,115.7,182.87,246.73,107.86,9.85,120.91,36.74,324.45,174.05,121.63,714.45,44.38,23.83,188.72,724.08,120.95,7.59,160.81,217.29,9.92,54.34,321.44,174.39,11.69,631.81,86.38,95.398,202.12,19.44,131.88,27.75,16.81,98.01,123.9,198.43,208.83,374.43,213.05,35.7297,56.24,77.7163,98.36,33.46,38.5365,63.4,37.26,30.54,63.26,82.26,187.33,13.48,192.62,16.73,5.64,179.5,104.06,166.4526,31.93,90.55,55.36,6.35,22.67,81,114.21,344.3,82.17,2.87,77.41,25.79,331.94,132.9,46.38,52.68,26.14,28.15,631.98,10.26,4.42,2050.39,251.65,447.26,270.05,96.75,18.19,614.35,164.19,227.56,408.56,17.65,75.59,462.29,741,69.86,93.91,234.22,74.79,968.53,46.17,67.71,78.37,330.52,42.14,83.4,21.82,57.6,1323.44,58.19,198.3,463.21,133.92,55.72,151.23,399.34,87.45,506.42,173.97,28.16,271.35,46.06,331.88,255.59,411.84,455.1,480.35,247.15,198.77,98.36,37.15,285.48,135.19,75.5,130.7,545.72,141.98,419.82,272.7,108.01,43.93,1122.67,21.04,61.28,102.44,107.08,28.37,14.59,341.65,227.81,395.25,228.79,151.28,131.75,116.5,302.43,27.18,355.46,266.32,303.82,98.15,184.88,198.78,306.97,499.65,76.69,56.28,162.38,155.83,367.12,89.3,218.63,84.85,84.93,22.55,44.1,27.13,651.88,118.44,227.73,83.51,223.37,75.06,114.6,110.93,25.58,158.31,81.98,115.39,50.66,107.88,53.58,53.72,182.76,185.41,84.37,44.92,46.02,160.74,117.12,136.06,155.37,12.8,66.41,206.14,87.94,592.64,78.02,19.73,137.6
2026-06-30,148.16,289.36,251.64,143.1,90.74,4.73,126.89,124.44,205.02,397.17,76.4,223.95,113.04,155.13,136.81,81.55,98.98,46.89,483.02,135.03,301.03,723,43.35,580.91,241.94,362.12,86.23,27.6,163.57,238.34,169.88,331.69,293.18,88.16,37.3,515.23,927.77,34.12,354.57,36.66,1989.44,88.86,197.1,172.27,80.89,6.82,165.07,377.75,560.61,338.25,72.08,216.47,95.98,56.98,302.7,114.29,216.06,178.24,55.5,27.92,961.56,57.62,144.61,37.94,500.39,42.68,15.87,69.74,117.67,22.5,139.96,1064.9,61.99,340.74,134.69,221,75.73,101.86,16.32,375.32,248.37,142.21,275.68,89.85,490.56,24.5,91.68,9.39,24.55,220.83,713.21,44.04,200.62,394.47,146.19,103.96,76.97,25.59,935.47,271.95,107,156.66,10.25,190.785,99.54,117.46,47.53,170.08,84.69,22.55,103.45,165.76,68.29,93.66,184.53,26.66,260.36,634.33,431.46,162.88,190.48,522.39,96.25,25.26,179.58,27.36,296.04,73.85,152.37,126.58,41.32,67.35,168,278.61,110.63,68.41,103.88,6.55,386.73,143.15,49.24,179.86,129.73,5.88,1042.39,72.27,426.12,114.86,86.43,1.74,90.46,41.37,93.27,46.14,201.9,46.62,145.3,69.5,13.9,48.03,62.89,264.72,313.13,47.54,24.69,38.88,1981.95,562.08,208.44,159.93,52.16,90.88,235.96,66.3,153.62,24.19,31.59,354.24,30.03,75.45,98.25,373.73,64.01,1174.86,82.41,126.34,139.76,368.38,255.43,77.08,353.33,357.37,72.56,1011.37,1360.4,78.27,389.89,352.68,356.19,34.67,3.64,15.43,330.46,223.9,100.28,523.2,397.22,115.445,74.72,268.86,79.97,175.33,140.56,62.21,190.19,281.21,123.11,114.61,526.44,94.57,109.83,26.9,163.58,90.6,99.01,55.33,49.41,148.31,175.83,139.63,261,53.26,46.1,45.73,126.31,397.68,242.42,104.48,164.27,270.47,300.45,426.4,101.1,56.59,127.51,90.47,67.01,166.65,72.66,179.53,102.25,86.75,252.23,42.31,146.11,25.48,33.22,253.97,8.92,327.33,68.22,32.73,23.62,60.99,91.78,301.71,109.77,31.97,81.27,55.53,74.85,371.67,49.86,19.11,3.85,6.69,102.97,167.87,290.59,11.74,518.94,78.28,858.06,1199.43,509.46,76.29,220.49,109.07,433.33,21.39,14.61,183.11,513.6,64.3,370.59,13.89,270.31,51.025,91.2,755.6,452.92,335.9,57.84,78.23,703.34,1697.39,563.29,87.91,576.7,161.91,48.06,71.95,423.84,56.01,255.67,1382.36,128.5,70.03,166.67,297.89,209.04,373.02,86.93,38.05,342.83,1154.29,276.17,87.77,93.4,245.28,71.4,47.55,5.06,41.05,509.31,13.28,99.28,146.06,314.59,154.76,50.96,271.45,13.36,222.75,200.09,169.61,17.92,281.03,119.14,61.96,216.6,86.94,52.33,136.45,72.83,94.54,8.24,378.45,146.55,92.09,62.52,48.57,78.79,44.79,341.02,10.87,58.92,125.68,120.12,16.82,76.28,81.16,66.57,135.4,24.08,146.64,218.45,978.12,21.03,238.28,33.13,135.47,116.67,180.91,246.22,107,10.28,121.29,36.35,318.31,169.05,122.58,720.04,43.18,23.99,184.79,736.4,122.01,7.56,165.38,219.43,9.7,54.38,317.53,173.58,12.23,623.54,88.5,94.6887,199.61,19.32,128.55,27.38,17.35,101.65,132.74,194.88,212.85,373.6,212.77,35.3,56.004,77.55,97.96,33.19,38.6406,63.995,36.5627,29.98,64.5,81.13,189.73,13.38,187.28,16.97,5.72,176.46,102.19,172.1937,31.71,92.27,58.44,6.58,22.65,84.66,114.18,344.32,82.11,2.81,77.46,25.92,333.33,134.56,46.49,53.47,26.1,29.33,655.89,10.03,4.44,2273.73,254.5,446.07,267.34,95.71,17.93,640.76,170.86,223.65,407.26,18.6,74.9,459.13,746.77,74.04,92.71,229.46,74.89,965,46.26,67.8,76.05,314.84,44.95,83.58,20.7,59.15,1332.04,59.46,201.61,483.84,130.61,54.94,151.5,384.26,86.42,501.36,167.73,27.82,268.14,46.01,330.12,260.64,420.6,477.57,491.16,249.98,206.33,102.88,38.34,298.07,135.99,72.16,142.59,534.03,142.76,415.63,272,107.5,43.7,1132.89,21.58,60.4,102.25,106.44,28.41,14.5,343.09,228.79,396.61,225.49,150.13,131.6,119.52,299.01,26.55,360.38,260.44,295.01,96.43,183.95,195.73,334.82,496.73,89.81,53.78,158.63,156.95,370.04,88.8,217.93,86.14,85.49,22.09,42.34,26.66,638.72,116.77,226.97,82.64,222.88,74.34,113.26,112.32,24.7,158.25,80.3,115.56,50.83,107.13,53.11,53.61,185.23,190.52,83.07,44.03,45.34,158.66,117.28,136.72,154.26,13.24,66.27,205.29,87.74,623.7,76,19.68,141.15
2026-07-01,139,294.38,251.06,147.31,92.18,4.92,117.16,131.13,210.98,388.98,76.61,235.73,112.19,154.85,135.05,83.85,98.5,45.82,430.86,136.08,301.67,650.91,43.64,540.88,237.13,361.33,79.99,26.53,166.08,241.7,166.62,343.56,306.4,86.11,35.52,564.61,909.5,33.83,337.47,36.34,1843.04,86.1,192.17,173.03,80.89,7.07,172.44,369.34,593.96,348,65.03,218.58,97.99,58.36,289.5,117.94,209.74,182.64,53.82,28.74,980.38,56.44,146.02,38.06,499.74,43.06,15.44,69.85,119.55,22.35,140.13,991.41,63.28,351.73,138.3,221.27,76.53,97.39,16.54,377.73,236.5,139.84,277.07,91.11,462.44,22.84,92.76,9.42,23.73,231,682.32,43.73,204.82,368.65,159.24,103.22,75.29,23.71,924.67,259.09,105.19,163.23,9.85,193.185,85.685,117.01,48.33,174.23,83.54,23.11,104.81,165.69,67.79,93.06,188.87,26.45,264.48,627.63,425.25,157.06,193.72,522.4,95.71,25.77,176.32,27.02,304.18,65.86,150.57,125.77,40.25,68.86,172.07,278.37,110.95,66.48,103.02,6.72,416.19,139.52,46.84,165.19,128.59,5.55,1013.62,72.2,412.31,112.86,86.19,1.84,91.99,41.21,93.05,45.94,185.5,46.26,147.29,68.35,13.64,47.75,60.53,269.59,313.89,47.07,25.33,40.8,1865.15,547.18,208.49,147.13,54.13,90.39,232.08,65.11,158.98,24.46,31.97,362.86,31.61,75.07,98.05,374.94,64.86,1134.35,77.23,125.97,137.57,370.6,220.63,75.52,357.89,361.21,75.05,1019.61,1338.24,77.01,393.24,350.84,359.7,37.57,3.46,15.59,332.12,221.75,108.65,490.12,409.42,105.79,75.66,267.41,79.59,181.21,143.59,63.39,190.12,286.25,126.73,113.31,537.58,94.03,109.78,26.05,161.01,93.34,98.29,57.09,49.98,147.54,183.89,127.02,267.08,51.4,47.5076,43.32,121.9,402.38,243.86,102.14,164.02,268.97,299.32,425.58,101.5,56.29,130.23,92.31,67.44,165.69,73.29,179.22,102.71,87.53,248.75,41.8,144.8,26.31,33.23,253.98,8.84,334.07,69.38,33.37,23.47,62.4,92.56,266.19,111.44,31.72,81.29,56.24,76.18,371.58,53.04,19.33,3.83,6.63,103.07,166.34,292.23,12.23,533.55,77.97,801.16,1191.74,521.82,75.79,221.92,108.46,391.26,20.2,14.83,183.98,522.44,65.84,368.32,13.37,269.43,51.525,88.69,768.06,468.38,359.38,59.35,79.2,697.07,1742.19,612.91,87.91,579.24,159.96,48.675,71.54,421,54.28,264.87,1331.73,125.37,72.5,172.14,272.05,211.86,384.28,93.39,38.25,328.1,1032.28,229.18,86.37,93.3,246.31,74.19,46.87,4.97,43.06,519.95,12.91,105.8,140.8,318.99,156.38,51.2,276.27,13.39,219.02,197.58,159.99,16.53,279.18,116.15,61.82,217.96,85.73,52.45,140.46,76.11,94.63,7.92,351.36,142.5,92.69,60.02,47.94,77.14,44.33,352.04,11.55,57.68,133.96,121.24,16.57,82.52,80.27,66.52,141.16,23.88,147.43,225.3,963.81,21.89,237.93,31.61,136.8,125.73,177.69,251.62,106.3,9.7,122.61,35.62,323.04,174.5,125.17,691.4,44.07,23.5,181.92,725.17,121.1,7.61,160.36,218.87,9.43,57.95,306.3,197.76,11.97,624.72,87.66,95.68,198.79,18.68,124.83,23.96,17.18,100.07,123.83,201.1,211.9,372.4,213.41,35.92,56.04,79.63,96.79,33.67,38.72,63.66,36.6822,30.28,63.37,80.23,191.78,13.11,187.51,17.59,5.54,180.75,103.39,166.7984,31.85,95.78,56,6.53,23.22,79.11,121.63,346.05,81.84,2.73,77.19,25.91,316.98,136.3,45.09,53.58,25.73,27.65,620.46,10.15,4.75,2032.22,261.19,454.53,261.35,95.12,18.44,599.7,157.54,223,414.97,18.38,75.24,472.48,745.76,74.22,91.37,221.76,70.72,915.19,46.09,65.93,76.77,313.39,44.96,83.53,20.48,57.8,1309.18,59.35,201.44,427.34,130.29,53.52,151.35,360.79,85.52,513.33,173.06,28.71,257.81,47.09,334.62,245.46,425.3,444.23,484.58,250.32,209.28,102.25,39.05,298.41,135.13,72.66,129.59,536.38,145.65,426.54,277.73,109.54,43.18,1111.76,19.98,61.96,101.9,103.27,28.49,14.22,351.08,228.58,398.66,225.95,149.33,134.35,117.22,300.84,26.27,355.98,269.44,295.03,96.82,188.8,193.38,311.42,498.01,83.02,51.21,153.16,156.12,369.27,89.65,217.38,86.17,84.53,22.32,41.99,26.81,598.37,116.22,230.19,85.94,224.08,72.77,108.82,111.44,23.58,156.55,79.7,112.63,51.02,109.74,52.81,54.78,183.36,185.62,83.3,44.18,44.77,159.54,118.09,136.28,153.75,13.6,65.32,207.06,87.84,596.04,77.13,20.84,146.45
2026-07-02,120.95,308.63,261.07,148.93,95.4,4.98,97.77,137.35,219.72,377.16,76.79,242.27,115.02,153.86,138.51,84.58,98.61,44.415,406.42,135.56,312.78,603.04,45,517.82,234.62,374.15,69.65,25.4,166.03,242.67,159.99,357.46,314.19,82.295,33.06,527.06,939.68,33.87,315.28,35.16,1769.32,85.13,188.1,176.87,84.65,6.63,190.89,360.45,597.04,351.96,56.62,226.49,96.14,58.73,270.89,113.3,216.12,184.56,52.78,27.88,995.73,58.13,146.62,37.39,507.78,45.14,13.85,69.03,122.78,21.309,139.97,963.53,62.31,361.17,141.58,204.86,76.6,96.54,17.3,373.14,239.25,137.2,287.77,90.67,422.46,20.04,95.13,9.86,23.79,236.6,661.7,44.61,205.12,333.36,165.48,104.73,76.65,21.43,951.67,241.91,107.53,166.11,9.56,193.98,81.745,112.69,48.89,181.37,85.8,22.81,104.72,169.2,69.75,92.75,192.01,26.57,260.36,621.27,394.32,158.57,197.93,527.88,99.5,25.89,173.3,27.71,311.66,60.63,154.06,129.6,40.47,71.25,177.71,283.36,113.99,65.7,104.37,6.31,417.89,139.05,43.07,146.66,130.78,5.23,1002.02,74.44,398.52,115.11,88.13,1.85,94.37,42.31,93.14,47.16,180.14,47.88,149.34,69.22,13.36,48.6,60.97,267.05,313,48.53,25.57,41.8,1741.3,499.61,217.58,123.59,56.48,94.81,224.57,66.75,156.25,24.11,31.91,373.54,29.82,78.43,102.91,377.52,65.565,1113.11,69.84,131.27,148.34,378.13,196.79,76,356.18,359.91,78.63,1021,1342.98,79.45,410.5,357.9,362.09,36.8,3.24,16.33,338.12,229.86,112.73,487.1,396.75,97.14,74.61,270.41,79.71,184.28,147.25,62.75,195.7,289.52,132.99,115.75,557.8,94.12,110.52,25.86,156.84,93.57,100.96,57.5,51.88,146.48,188.68,120.35,275.35,49.12,48.3985,38.82,117.16,426.01,248.19,102.9,163.76,272.76,297.58,425.26,102.07,56.75,131.89,93.37,69.21,166.54,74.81,182.15,104.01,87.99,243.48,40.8,140.76,26.62,33.2,263.04,8.49,334.47,68.62,33.3,24.71,64.08,93.84,235.55,114.72,32.06,84.14,58.22,75.02,375.07,55.35,19.83,3.76,6.08,108.84,162.13,302.07,12.02,546.64,76.53,728.32,1213.91,545.91,78.03,227.5,108.64,351.41,19.58,15.37,186.59,539.39,65.1,372.95,12.4,280.63,50.91,84.64,786.3,490.51,354.88,60.91,83.19,693.7,1763.36,582.9,87.01,599.42,160.44,48.8,72.71,417.42,53.31,266.35,1288.16,129.56,79.76,178.54,245.29,213.93,390.49,100.77,37.9,316.53,975.56,215.62,88.34,97.04,242.41,77.65,47.82,4.79,44.09,549.01,12.07,106.32,136.7,322.71,154.17,51.28,279.32,13.61,220.75,194.83,152.15,14.46,273.36,112.84,63.84,217.65,87.83,52.36,141.42,78.62,91.22,7.41,307.58,140.27,90.25,49.84,48.91,72.71,46.29,348.06,11.71,57.15,139.21,119.5,17.05,82.39,81.62,67.23,144.22,24.32,151.41,232.22,962.89,22.07,238.2,31.38,139.43,129.3,182.27,249.49,109.37,8.76,125.33,36.89,329.64,176.42,131.62,668.31,45.47,22.53,176.25,712.6,120.15,7.07,155.01,218.43,9.05,55.41,296.3,194.67,11.31,654.27,86.72,97.44,204.13,17.94,127.85,22.11,18.63,100.46,112.92,209.63,213.43,372.01,214.91,36.2251,56.4201,81.0716,97.44,34.52,39.36,63.99,37.0448,30.78,61.37,81.92,199.25,12.74,189.24,17.51,5.43,184.56,104.27,169.9704,32.39,97,52.38,6.31,22.84,67.91,119.46,352.48,81.94,2.65,80.2,26.73,300.71,134.86,45.13,55.02,26.85,27.22,592.29,9.76,4.84,1745,260.15,437.16,244.64,97.98,18.24,566.32,162,226.06,439.89,18.44,76.73,485.97,744.78,72.7,93.06,220.39,68.35,820.16,45.93,62.56,76.33,326.54,42.74,84.83,20.58,56.32,1348.49,60.01,197.44,369.09,130.21,53.31,154.26,364.67,85.51,523.44,177.52,28.82,258.88,46.38,342.31,219.05,393.45,434.16,478.13,254.99,209.31,99.24,39.01,293.08,133.32,74.43,106.475,525.38,143.8,425.36,282.25,110.66,43.23,1098.59,19.15,61.73,104.29,103.98,28.34,13.81,362.13,232.635,395.55,230.45,150.44,136.18,114.64,308.41,27.19,355.13,267.76,303.19,98.02,187.85,197.54,300.53,528.04,83.06,45.92,151.05,156.17,368.76,92.52,219.17,85.5,84.84,22.04,42.56,26.48,539,118.83,236.06,85.51,230.4,73.14,111.84,115.73,21.18,160.46,81.96,112.56,52.01,109.6,53.22,55.62,183.91,180.59,84.99,44.68,45.76,163.74,117.12,137.09,154.64,13.08,67.16,206.33,88.06,555.87,78.83,20.7,147.33
2026-07-06,123.36,312.66,254.76,147.65,95.63,5.37,98.52,136.96,218.07,388.83,77.93,239.49,112.99,154.94,135.98,85.78,98.66,45.53,432.74,133.8,313.04,592.79,44.62,552.05,237.14,366.44,69.88,27.05,162.11,244.16,173.28,356.91,308.86,83.405,33.5,543.79,916.8,34.07,322.24,35.57,1825.07,80.64,192.06,173.83,84.05,6.79,176.84,373.9,622.35,356.03,63.52,234.54,97.91,59.9,295.05,114.39,208.46,181.03,53.25,27.16,1011.21,56.7,149.96,38.25,506.58,44.6,14.25,70.56,123.42,22.032,143.86,969.92,62.55,356.53,140.55,192.01,74.92,97.5,16.99,375.77,245.87,135.44,281.98,92.91,433.83,21.73,93.39,9.77,23.38,234.76,678.24,44,206.5,335.7,168.87,103.58,78.48,22.8,950.25,265.55,107.58,165.65,9.26,199.38,86.46,113.98,48.81,178.24,86.39,22.76,102.08,168.1,69.26,91.68,188.46,27,255.37,635.24,411.8,156.88,193.62,530.09,97.41,26.21,173.7,27.33,305.91,64.76,151.36,125.97,40.36,72.38,176.28,283.72,111.94,67.57,105.46,5.775,408.17,141.56,44.55,145.17,129.39,5.06,998.84,73.23,413.42,113.83,86.27,1.92,95.18,42.66,95.27,47.22,189.85,47.05,146.14,69.88,13.83,48.31,61,270.46,309.93,47.71,26.01,41.27,1793.03,500.75,212.77,118.67,55.87,98.1,233.06,67.26,162.35,24.33,32.49,376.88,30.89,78.74,103.91,378.68,64.84,1152.04,68.91,129.61,148.7,382.13,194.8,77.85,364.9,366.46,77.41,1055.29,1370.16,80.78,417.07,350.65,365.31,38.28,3.38,16.46,339.41,231.18,117.55,495.6,392.86,103.78,75.05,277.91,79.87,189.32,146.76,63.49,195.31,299.52,134.91,114.75,564.98,94.18,110.12,25.85,159.65,94.79,100.25,56.87,52.11,146.81,194.33,122.2,272.14,48.87,48.7658,43.91,116.38,432.83,250.78,101.31,165.06,274.27,298.9,428.44,101.92,56.67,133.62,94.52,68.57,167.51,74.137,181.96,103.23,87.4,247.39,41.23,142.72,26.78,33.34,259.33,8.92,337.72,69.2,31.75,24.72,63.85,95.97,233.31,113.01,31.69,82.96,58.25,75.56,374.68,53.54,19.56,3.82,6.66,108.72,174.23,301.27,12.02,540.52,76.17,731.25,1200.06,538,76.58,223.78,108.67,350.2,18.89,15.39,183.29,533.1,66.28,379.75,12.95,279.5,52.02,87.59,784.23,498.78,357.91,59.17,83.06,696.66,1805.68,600.29,88.29,605.3,159.15,48.685,71.88,424.46,53.01,268.99,1346.13,126.78,81.8,174.73,249.27,222.1,386.74,100.77,37.67,321.71,984.75,213.02,87.44,98.2,247.55,76.02,47.05,5.02,43.34,547.75,12.51,107.93,141.01,321.9,163.55,52.42,283.8,14.06,223.92,195.55,156.89,15.23,280.51,115.03,63.19,216.44,87.43,51.84,148.6,79.9,94.69,7.82,303.86,143.76,84.24,49.83,48.81,77.73,45.02,357.53,11.83,57.83,139.9,125.91,16.82,83.74,80.79,66.29,143.29,23.72,149.31,231.67,971.36,22.25,236.39,30.86,140.2,132.54,184.76,253.18,106.91,8.95,124.04,36.11,324,177.33,131.5,674.04,45.09,22.56,186.48,722.82,120.89,7.24,156.94,218.49,9.37,57.03,287.78,200.86,11.36,649.81,85.34,96.36,201.91,17.96,128.04,22.87,20.14,93.09,113.25,218.4,211.36,377.56,215,36.1018,55.93,81.8138,97.27,34.31,39.35,64.29,36.6648,30.35,62.41,81.005,201.37,12.97,189.99,18.15,5.18,180.57,102.11,171.8083,32.24,100.62,56.91,6.45,22.77,79.96,120.14,349.13,81.98,2.53,79.7,26.6,318.86,137.56,45.72,56.11,26.35,27.19,604.3,9.61,4.75,1744.43,262.09,442.27,238.92,95.99,18.61,581.51,160.42,225,447.22,17.65,76.17,483.01,751.28,73.52,92.95,227.07,71.39,868.26,45.64,61.91,77.05,324.73,44.46,84.23,20.58,57.54,1346.12,61.45,200.15,379.52,126.1,55.47,151.31,377.79,85.45,517.6,181.79,29.48,263.52,46.55,339.17,218.95,419.77,451.79,487.24,258.41,209.08,99.93,40,303.5,132.5,72.42,105.53,537.42,144.41,417.99,282.59,110.02,43.88,1099.68,19.35,62.83,102.86,104.35,28.32,13.77,357.25,232.06,398.32,228.2,150.15,137.48,116.37,305.8,26.7,358.74,270.32,304.84,97.24,189.14,195.62,318.47,529.59,83.8,46.17,157.22,157.81,371.67,92.21,219.44,86.68,86.17,21.49,42.07,26.12,577.46,116.63,232.69,87.45,228.98,72.82,110.65,115.24,22.21,160.81,80.37,111.29,51.98,110.21,53.13,56.14,185.56,183.57,84.1,44.29,45.3,161.96,118.01,136.44,153.96,13.56,67.28,206.78,87.62,571.27,78.92,21.82,150.42
2026-07-07,114.41,310.66,254.65,148.8,95.84,4.93,94.66,142.14,221.54,379.03,78.2,245.6,114.43,150.33,137.53,83.62,98.21,44.36,382.89,129.02,321.59,554.5,44.45,516.11,231.7,368.1,65.33,25.49,165.25,245.98,166.46,359.82,305.05,79.305,30.71,527.98,919.94,32.6,300.43,35.12,1747.28,74.21,183.26,177.58,82.08,6.31,162.53,370.78,640.46,349.58,58.15,231.68,98.14,59.86,269.57,112.09,205.7,181.95,54.47,25.46,1009.43,57.97,152.91,36.59,504,45.3,12.875,70.17,120.89,21.306,140.77,940.12,61.46,359.3,143.73,176.61,77.22,94.67,16.04,371.06,239.71,138.02,286.62,92.21,418.91,20.47,95.03,9.54,23.41,240.75,660.14,44.48,202.89,314.13,163.51,108.44,74.63,21.54,947.5,246.4,106.21,169.52,8.75,194.62,83.53,111.79,48.51,181.83,86.75,22.58,104.33,174.01,69.83,88.63,195.72,27.35,256.81,603.61,417.28,155.72,194.19,528.45,97.48,26.91,174.9,28.64,313.14,60.59,153.84,128.22,42.41,73.57,175.3,283.08,112.99,65.72,104.16,5.52,418.85,137.91,42.99,135.08,134.54,4.74,1022.93,74.75,395.68,115.19,87.12,1.79,94.82,42.05,93.07,47.13,181.29,47.57,147.73,68.84,13.56,47.11,59.33,271.67,312.88,48.39,25.64,42.6,1683.44,468.48,209.6,106.05,54.92,96.2,227.72,68.11,158.67,24.23,32.49,374.64,30.41,75.76,98.93,366.98,64.89,1077.08,65.84,136.36,150.65,377.49,185.38,76.03,363.62,367.03,77.59,1042.98,1356.43,81.57,423.11,345.21,358.02,36.17,3.18,15.56,341.12,225.05,112.9,478.89,394.62,96.74,75.19,275.43,79.76,188.8,147.98,63.48,198.23,306.13,136.45,115.97,570.25,93.7,112.4,26.36,156.65,94.13,103.42,57.51,52.25,145.39,191.76,110.39,281.17,45.36,48.55,39.815,115.75,427.3,245.11,99.87,164.12,271.09,296.19,426.36,101.63,58.21,133.6,94.11,69.57,164.39,75.06,179.09,104.51,87.17,243.28,40.53,140.62,26.49,32.51,267.24,8.12,339.22,68.75,31.49,23.88,64.41,95.14,216.47,114.74,32.49,84.05,58.54,75.07,368.6,50.34,19.78,3.62,5.995,108.57,165.64,295.4,12.05,538.23,73.8,698.91,1235.56,535.38,77.65,220.9,107.88,326.13,17.85,15.44,183.92,531.62,66.24,380.75,12.05,282.21,51.78,84.15,807.33,500.49,361.32,60.22,83.83,688.12,1813.61,615.58,87.46,594.17,158.01,48.46,72.96,412.01,50.49,266.33,1272.81,128.86,79.77,178,230.7,222.04,388.84,97.36,39.18,312.44,938.38,195.19,88.47,95.06,268.83,76.18,47.49,4.88,43.21,549.04,11.85,110.73,138.01,322.74,165.78,53.76,281.27,13.61,227.42,196.93,153.18,13.99,273.15,108.85,64.01,215.51,90.67,47.9,148.47,80.84,91.1,7.35,279.93,141.6,86.65,44.06,51.68,78.25,44.16,337.04,11.65,56.44,143.78,124.46,17.18,82.53,81.79,66.52,144.98,24.07,152.75,234.4,957.51,22.42,232.4,28.66,143.61,134.37,187.79,254.01,108.61,8.27,120.22,36.39,328.69,178.84,140.85,656.79,45.65,21.06,182.97,709.43,119.39,6.79,151.44,217.74,8.69,56.71,282.26,199.44,10.21,676.23,81.06,97.56,196.61,16.55,127.27,21.17,16.49,83.41,105.93,219.75,214.67,379.35,214.73,36.2975,55.94,82.02,99.68,34.52,39.02,63.47,36.9501,30.61,61.23,81.79,200.85,12.2,190.46,18.16,4.82,183.23,103.61,167.7372,32.54,101.93,52.94,6.05,22.75,71.76,121.88,342.26,81.86,2.31,76.53,25.33,294.9,139.01,46.42,54.46,27.92,26.25,581.45,8.96,4.65,1617.7,262.74,436.63,235.67,97.29,17.75,551.69,149.47,227.19,443.46,16.84,76.92,493.95,747.71,73.4,94.59,229.62,67.28,827.64,45,59.76,75.52,329.74,41.32,84.62,21.09,54.81,1329.63,58.37,197.84,343.11,127.55,58.06,154.11,366.66,84.55,516.62,184.73,29.61,273.81,46.23,343.73,211.93,402.9,432.57,475.74,257.79,211.97,91.03,37.83,293.3,128.31,74.33,90.78,525.82,146.005,428.19,283.12,111.96,41.75,1056.02,17.78,62.89,103.99,108.92,28.4,12.86,352.2,228.98,395.96,230.1,154.33,137.15,114.06,310.29,26.77,351.5,266.22,299.9,98.4,189.99,197.25,305.58,522.25,76.72,42.19,155.73,156.34,369.61,94.07,219.57,85.88,84.65,21.69,42.59,26.12,532.1,117.68,237.59,87.18,237.21,75.08,111.54,111.89,20.24,163.87,80.67,109.41,51.51,111.02,54.64,56.05,182.38,179.18,84.86,44.89,45.7,164.44,117.39,141.69,157.36,13.17,69.83,202.79,87.17,535.07,77.56,21.87,149.5
2026-07-08,114.44,313.39,252.74,142.95,95.18,4.84,98.07,137.19,220.94,385.4,80.29,241.37,113.19,144.89,135.9,81.28,98.04,44.67,393.16,129.38,323.5,570.5,41.95,517.405,231.34,367.99,66.91,25.24,165.04,243.62,181.05,357.51,296.75,79.11,31.44,522.18,915.3,32.3,300.24,34.84,1768.65,74.95,185.6,177.09,79.83,6.15,157.78,388.69,599.8,336.39,60.12,224.95,108.98,58.3,254.29,117.62,200.36,174.29,57.58,25.88,990.34,57.54,150.14,35.99,494.79,44.81,12.56,70.5,118.62,20.391,137.39,948.08,60.3,355.09,139.94,181.72,76.9,94.73,15.24,374.06,244.52,133.54,289.73,91.66,440.97,21.85,93.04,9.51,23.19,243.07,669.21,44.05,191.95,317.05,159.36,110.72,73.04,23.5,953.13,258.69,102.95,166.58,8.45,191.12,90,113.82,48.69,180.17,85.18,22.17,104.47,175.97,69.86,87.29,189.35,27.8,261.09,596.74,431.97,148.51,190.77,522.77,96.7,27.17,176.3,29.03,302.35,62.04,151.39,126.79,43.31,74.06,174.96,274.12,112.09,66.23,103.36,5.63,416.08,136.48,43.02,138.715,137.59,4.505,1015.97,73.8,399.56,114.34,85.91,1.73,93.64,41.31,92.54,46.49,182.72,47.28,143.99,68.19,13.5,46.51,57.5,270.93,309.76,48.1,25.22,40.84,1684.94,480.07,203.66,111.59,53.39,92.73,224.3,70.39,156.71,23.65,33.44,374.31,32.82,73.53,95.6,356.03,64.68,1070.99,67.97,135.82,152.96,374.45,184.03,76.24,358.71,361.92,73.01,1029.64,1349.74,80.37,410.61,336.21,347.78,36.07,3.24,15.09,333.13,220.36,113.53,480.5,396.29,106.11,73.74,271.58,79.66,186.3,146.19,61.68,196.34,302.05,137.17,115.08,555.67,93.51,115.63,27.32,157.93,92.48,102.37,56.97,51.26,143.69,187.81,110.24,272.1,45.08,47.11,43.005,115.46,415.1,239.63,95.91,163.59,265.1,293.48,424.96,100.33,59.12,131.23,92.13,68.56,161.72,74.32,175.89,102.79,86.59,245.1,41,140.23,27.63,31.79,263.4,7.93,330.62,67.2,30.97,23.06,63.58,93.3,221.18,110.98,32.48,83.4,59.32,73.34,375.4,50.38,19.29,3.58,5.82,107.18,166.47,293.44,12.12,527.67,72.12,707.1,1215.83,527.96,76.37,212.85,107.67,333.15,17.02,15.17,182.14,519.86,65.79,371.16,12.02,278.25,52.85,85.49,818.66,485.1,359.4,59.48,82.01,681.47,1809.38,603.12,87.47,570,154.7,47.575,72.81,405.92,53,280.68,1315.51,125.99,73.8,179.05,231.71,218.07,383.34,93.87,38.36,314.85,948.8,216.48,87.44,93.2,273.4,75.59,46.85,4.9,42.89,545.11,11.95,107.78,137.48,319.22,165.4,53.93,274.39,13.37,226.68,204.12,154.76,13.36,283.81,109.74,63.23,218.25,91.16,47.28,146.77,78.6,93.79,7.52,291.45,140.49,84.98,43.41,53.59,77.73,42.6,320.59,11.42,56.04,138.5,122.5,17.05,84.74,81.26,65.49,142.51,24.05,148.4,232.9,939.13,22.53,224.46,27.75,141,132.22,187.07,246.53,107.82,8.51,114.28,35.99,320.77,187.81,140.07,666.33,44.53,20.64,186.56,711.44,119.05,6.63,152.47,216.92,8.75,55.12,280.95,195.31,10.58,662.88,79.65,95.59,191.93,16.92,124.21,21.09,16.66,83.35,109.64,205.84,217.72,381.91,212.2,35.813,54.8,80.47,101.84,33.93,37.99,62.64,36.4,30.38,61.57,81.15,194.91,12.01,189.77,17.81,4.73,181.99,103.87,165.2273,32.34,101.7,52.41,5.89,22.24,76.17,119.22,330.57,81.84,2.25,74.02,24.47,313.3,138.85,47.43,52.83,29.11,28.17,593,8.76,4.63,1727.18,261.31,434.5,245.42,96.38,17.73,562.03,148.3,219.09,430.79,16.25,75.86,485.22,745.4,74.43,95.33,228.76,68.54,860.02,42.08,58.49,68.26,326.85,41.69,83.17,21.12,54.14,1296.43,56.13,196.24,351.57,132.42,57.23,152.79,367.88,84.36,510.13,180.14,28.57,277.86,45.06,337.94,216.7,394.06,436.98,472.29,251.38,215.5,89.38,37.47,301.32,126.22,73.6,100.91,527.59,142.08,425.6,280.94,109.94,41.66,1071.49,18.45,61,99.88,112.21,28.36,13.14,347.53,223.56,388.53,228.81,156.94,134.5,115.47,306.41,26.09,347.54,282.88,286.59,96.8,187.45,195.85,317.81,498.43,74,42.19,154.82,155.81,368.25,92.41,217.64,85.99,84.44,22.01,42.45,26.15,550.3,116.24,233.9,85.56,233.94,75.27,113.1,107.6,22.83,162.97,79.62,106.04,50.16,109.46,55.6,54.97,180.42,181.4,84.39,44.15,45.36,162.3,115.3,141.13,161.99,13.27,69.4,204.59,86,548.65,76.55,21.66,143.55
2026-07-09,122.21,316.22,249.91,146.89,94.4,4.85,106.04,139.06,222.65,393.64,78.98,241.28,111.77,149.03,133.85,83.78,98.18,45.69,417.45,128.42,312.79,588.66,42.7,546.72,232.99,363.62,72.16,25.65,165,247.04,184.69,355.56,295.85,81.12,32.29,520.43,909.49,32.315,327.87,35.88,1804.25,73.88,188.36,174.72,81.91,6.28,148.4,401.11,582,346.72,62.55,223.11,111.14,59.25,257.02,117.51,198.91,175.52,57.2,25.55,1019.68,57.94,152.26,36.63,495.45,44.99,14.33,71.58,122.15,20.241,139.57,938.39,61.45,347.8,141.06,198.53,76.68,95.74,16.02,385.95,250.74,134.35,291.8,94.26,462.34,23.26,91.01,9.4,23.345,239.71,673.39,43.32,200.1,327.24,158.44,108.02,75.4,23.74,912.97,265.65,104.36,162.5,8.47,198.4,89.7,118.31,49.35,177.69,83.86,22.35,102.81,174.05,69.45,89,192.35,27.58,269,592.9,450.22,149.55,195.98,524.19,96.17,26.29,179.33,28.5,300.88,64.36,149.27,125.26,42.02,73.02,180.63,273.03,110.27,66.78,103.92,5.79,420.39,137.8,44.89,146.1,133.54,4.58,1034.87,73.93,405.83,113.93,85.28,1.71,91.33,41.54,93.52,46.41,184.75,46.38,142.68,68.51,13.61,46.35,60.53,275.69,310.84,47.63,25.62,41.61,1781.42,482.78,208.09,119.44,53.74,95.5,228.5,70.53,163.73,24.12,33.41,374.6,32.8,75.78,99,359.04,64.7,1075.26,69.71,134.84,155.07,378.18,192.38,76.65,356.24,358.89,74.38,1055.97,1364.86,78.62,409.01,338.73,352.13,35.45,3.36,15.79,337.65,223.42,115.11,485.41,397.76,106.22,74.94,273.77,79.75,188.72,145.4,62.8,197.34,295.3,135.11,114.53,558.6,93.71,113.92,27.03,161.23,93.88,102.22,57.33,51.28,145.47,193.76,112.54,273.38,44.77,47.9,41.72,119.48,411.55,239.62,96.89,164.99,265.48,297.24,428.4,101.08,58.32,132.5,93.39,68.62,162.83,73.15,177.01,103,88.18,249.28,41.83,140.53,27.74,32.41,259.1,7.99,335.47,68.32,30.72,24.2,63.43,96.27,229.52,109.93,32.4,82.63,59.86,74.65,371.24,48.85,19.18,3.56,5.83,106.62,173.56,289.87,11.91,525.56,72.82,785.77,1216.95,518.26,75.7,213,107.71,353.17,16.9,15.74,182.58,523.2,66.76,372.47,13.22,276.49,53.19,88.26,792.81,487.02,362.87,58.3,82.39,690.22,1807.83,631.48,88.6,571.9,155.34,48.275,71.59,408.46,51.71,283.3,1374.13,125.07,76.56,179,243.27,222.13,384.36,93.89,39.32,321.2,991.64,216.2,87.1,94.81,275.8,75.47,46.66,4.78,42.78,532.23,12.9,108.84,140.48,323.77,171.73,55.53,281.85,13.67,222.28,202.78,158.05,14.18,290.54,112.71,63.17,225.85,89.5,49.27,148.84,80.83,97.87,7.65,317.02,144.22,85.12,47.53,52.3,80.96,44.12,338.31,11.8,56.42,139.56,123.28,17.18,85.88,80.17,66.08,137.86,24.25,146.85,229.52,949.17,22.7,224.49,27.2,141.36,129.04,181.17,250.91,106.75,8.7,115.96,35.66,319.35,189.82,137.64,668.17,45.32,21.16,191.11,723.28,120.57,6.91,155.57,218.5,9.15,56.43,288.08,200.31,10.47,667.95,80.03,95,198.78,16.99,126.64,21.51,18.12,82.55,114.13,208.45,220.6,376.5,213.5,35.956,55.46,81.25,100.42,34.12,38.06,62.91,36.4032,30.06,63.04,80.69,195.2,12.46,191.13,18.86,4.61,182.48,106.41,172.3617,32.26,101.91,54.76,6.04,22.72,80,123.17,332.03,81.91,2.26,76.8,25.58,324.26,141.85,47.24,54.14,28.34,28.24,607.73,9.03,4.7,1858.27,267.49,443.37,250.16,95.17,18.62,581.7,152.16,219.71,432.96,16.04,75.5,485.88,751.71,74.09,94.62,222.06,71.39,890.09,42.99,59.95,71.57,327.11,43.15,82.03,21.04,54.95,1295.71,59.23,198.91,362.75,132.27,59.06,150.9,384.44,84.49,524.71,181.48,28.85,273.02,45.9,337.48,226.58,406.55,436.96,472,246.1,218.6,93.67,43.1,308.53,129.05,74.35,106.19,544.43,143.71,431.68,285.04,110.74,42.35,1088.67,18.87,61.9,99.48,109.01,28.36,13.49,348.2,224.54,394.22,225.6,154.81,135.99,117.71,306.54,25.93,349.25,281.25,288.73,97.09,189.59,194.97,323.92,496.5,70.39,44.04,157.98,157,371.45,91.74,218.56,86.98,84.9,21.58,42.24,26.63,578.05,114.89,232.12,86.91,231.67,75.45,112.21,110.65,23.2,164.28,79.02,107.61,50.26,110.51,54.82,55.54,181.11,185.35,83.2,44.23,45.13,162.17,116.85,137.46,159.46,12.98,70.05,208.03,86.92,569.49,77.42,21.92,147.12
2026-07-10,119.92,315.32,248.08,148.62,93.93,4.73,103,135.23,223.64,395.65,80.41,241.92,112.94,146.87,135.43,83.42,98.08,45.44,412.97,126.05,298.76,602.5,43.18,557.89,233.98,363.39,70.47,24.94,168.59,245.34,186.96,356.94,299.53,79.53,31.15,506.98,877.62,32.05,323.39,35.38,1797.32,73.32,187.04,176.2,82.1,6.38,144.58,399.97,565.8,350.58,57.21,222.28,112.33,59.67,244.61,117.53,199.15,178.39,57.56,25.02,1036.11,57.58,151.92,36.91,493.71,44.77,13.29,71.43,123.09,19.68,140.79,952.41,61.53,347.83,139.53,215.08,79.66,95.99,15.98,384.17,251.38,130.73,293.46,91.88,460.72,22.11,92.24,9.4,23.57,240.27,675.95,43.54,201.52,324.5,159.07,109.04,76.54,23.49,916.25,257.79,104.71,163.32,7.95,187.18,88.88,121.31,49.41,179.64,85.68,22.47,104.15,176.4,70.08,87.39,191.82,27.52,257.54,586.86,434.97,151.58,199.05,525.78,95.62,26.475,180.41,29.03,299.46,63.04,150.27,125.48,42.23,74.96,185.26,274.31,111.12,66.9,104.33,5.59,416.23,138.88,44.83,145.35,134.1,4.4,1051.21,74.82,407.28,115.05,85.71,1.66,92.21,41.49,94.55,46.6,183.52,46.8,143.96,68.56,14,46.49,61.52,276.21,314.69,47.92,25.615,41.98,1756.09,471.13,205.52,117.52,54.12,90.74,227.83,71.85,157.51,24.18,33.48,375.06,32.78,75.53,98.88,359.27,64.7,1091.57,68.97,129.83,152.72,377.01,190.89,77.85,355.03,357.18,76.04,1055.18,1375.76,76.2,406.59,343.3,350.92,34.38,3.35,15.82,335.48,226.42,111.97,490.94,392.22,102.22,75.41,270.85,79.71,188.5,145.86,63.31,192.06,287.56,135.26,115.19,563.57,93.63,113.8,27.4,161.6,92.41,100.51,56.98,51.34,145.56,190.2,109.84,274.96,42.86,48.28,41.14,121.51,406.78,239.06,97.76,165.55,268.81,295.99,429.57,101.23,58.6,132.95,93.62,67.89,163.68,73.775,178.24,103.32,88.12,250.08,42.24,142.81,28.2,32.09,256.98,7.72,336.47,68.75,31.67,24.14,63.46,96.94,231.52,112.41,32.12,83.49,60.54,75.02,365.81,48.19,19.48,3.32,5.55,107.02,171.05,290.77,12.1,529.79,72.32,802.01,1188.58,523.22,76.4,211.63,107.46,350.33,16.14,15.61,179.79,526.74,67.68,376.11,12.6,274.6,53.13,88.59,805.96,487.28,342.08,58.83,83.87,689.82,1852.22,669.21,89.06,577.72,157.52,48.695,71.79,407.11,52.21,283.74,1352.74,123.54,68.27,178.31,235.81,222.28,385.1,94.64,38.85,321.77,979.3,219.65,87.96,95.29,268.4,73.37,46.9,4.78,44.37,539.63,12.44,107.71,140.42,327.47,168.87,54.79,269.95,13.76,227.37,210.96,160.72,13.47,292.26,111.5,63.31,227.625,89.92,48.85,138.63,81.93,95.96,7.26,321.44,140.64,86.28,43.28,52.89,79.33,43.67,325.91,11.68,56.69,139.08,124.57,17.17,85.13,80.55,66.21,137.38,24.17,147.04,230.72,961.27,22.52,228.77,26.05,140.87,126.79,181.62,251.91,108.12,8.31,116.76,35.78,320.56,188.36,131.42,658.56,46.32,20.09,189.16,725.51,120.61,6.58,154.46,219.69,8.66,55.35,285.37,195.34,10.18,664.52,79.76,95,196.83,16.54,125.71,20.965,17.48,81.04,112.1,203.87,222.88,379.22,214.3,36.08,55.93,81.5666,100.635,33.98,38.56,63.19,36.69,30.46,62.81,81.13,195.93,12.47,186.88,17.88,4.54,190.03,106.01,173.7451,32.4,103.12,55.18,5.92,22.86,74.62,122.54,333.99,81.88,2.16,76.35,25.43,326.35,139.765,47.76,53.95,27.81,28.31,611.03,9.04,4.68,1915.92,261.45,445.5,251.52,95.61,18.78,581.34,145.3,218.77,430.5,14.7,75.84,479.77,754.95,73.19,94.2,228.42,71.46,910.34,44.23,60.38,72.44,329.78,43.64,83.83,21.13,54.96,1291.35,59.82,200.36,359.6,135.14,57.12,151.34,385.8,84.47,527.05,187.61,29.32,273.35,46.27,338.92,222.75,407.76,434.11,479.7,243.2,214.56,90.635,42.73,311.46,126,74.54,106.27,550.99,144.59,424.62,286.96,112.47,42.97,1095.55,18.48,62.41,100.98,108.7,28.39,13.58,348.97,226.74,395.75,228.14,155.5,136.45,118.08,303.46,26.01,350.38,280.69,295.25,97.32,191.52,196.17,318.86,485.39,73.56,44.67,158.86,157.63,372.69,90.66,219.2,87.4,85.34,21.13,42.12,26.59,582.585,114.96,231.59,87.16,233.33,75.02,113.9,110.05,21.97,159.03,80.06,108.61,50.89,111.64,55.08,55.71,181.92,185.78,84.12,44.45,45.41,160.84,117.24,138.88,158.57,13.03,68.44,207.88,88.08,563.43,77.3,21.49,139.27
2026-07-13,111.88,317.31,248,146.33,92.11,4.55,94.08,138.52,230.61,386.01,82.04,251.05,113.43,143.51,135.63,81.93,97.71,44.22,362.05,125.79,288.06,575.39,42.43,534.39,232.1,360.45,66.06,23.75,169.5,247.31,181.15,367.35,301.96,77.995,28.84,442.85,876.25,31.3,298.99,34.5,1726.04,67.58,183.75,179.5,79.76,6.05,141.8,384.05,547.03,354.43,50.46,215.51,112.35,59.5,233.49,113.39,209.03,175.8,57.66,26.07,1031.56,59.34,151.27,35.87,496.85,44.65,12.13,69.64,122.04,18.633,140.71,931.47,61.66,354.74,138.03,204.62,79.84,90.2,15.59,377.92,257.57,131.37,304.5,91.84,445.44,20.085,93.21,9.71,23.97,245.1,664.39,44.13,203.02,307.39,157.37,112.85,74.35,22.71,926.43,236.88,102.71,171.22,7.45,187.91,83.31,119.25,49.64,183.75,86.07,22.45,105.9,182.2,70.8,86.19,189.57,28.33,260.24,585.64,427.11,148.85,200.16,524.47,96,26.45,177.92,30.37,309.85,57.3,150.64,126.86,43.73,76.35,189.27,271.85,111.82,64.5,103.24,5.41,425.17,135.38,43.06,136.27,139.61,4.35,1039.53,74.86,402.85,114.84,86.45,1.59,91.79,41.23,92.72,46.36,168.02,47.09,145.32,67.9,13.85,47.05,59.97,274.81,313.74,48.43,25.46,41.93,1732.03,474.64,200.49,110.3,55.9,92.02,221.03,73.04,160.62,24.17,33.44,372.78,32.8,73.37,95.4,353.42,65.31,1042.6,63.94,131.4,152.72,367.13,183.11,76.72,350.67,352.51,76.85,1045.91,1391.68,76.11,390.74,337.11,344.11,34.38,3.19,15.25,322.45,222.25,109.86,477.03,406,99.17,75.94,271.28,79.52,188.71,147.93,63.36,189.55,290.23,137.67,116.05,564.21,93.29,118.23,27.51,158.11,92.7,99.99,57.49,51.34,144.99,190.05,103.12,289.76,38.88,48.5327,38.98,122.37,407.12,235.05,96.3,164.2,271.5,293.48,426.46,100.8,60.27,133.3,94,68,162.93,74.18,176.76,103.91,88.04,244.77,41.64,143.93,28.88,31.22,257.77,7.48,334.53,68.82,31.25,23.48,64.46,96.91,222.25,110.18,32.24,84.25,59.31,75.12,363.44,46.96,19.23,3.14,5.51,106.58,156.05,288.69,12.18,524.06,70.24,768.15,1181.87,520.68,76.63,207.7,106.96,329.92,15.15,15.67,183.25,537.7,66.99,362.87,12.19,272.61,52.53,84.23,812.28,495.72,337.97,59.86,83.57,685.98,1867.3,656.73,87.69,569.35,157.7,48.535,71.87,392,49.5,296.88,1291.38,124.03,67.01,181.53,217.53,221.09,390.99,92.1,38.54,314.63,937,210.51,88.38,93.1,269.53,73.83,47.07,4.93,43.76,541.82,11.69,111.26,139.48,327.59,163.93,55.22,272.89,13.67,233,203.53,158.02,12.87,278.39,99.67,64.17,232.9,92.19,45.81,139.53,82.55,90.37,6.96,304.21,131.54,87.28,40.03,54.81,75.36,42.7,330.3,11.85,56.23,146.5,124.26,17.37,84.56,80.89,65.94,138.49,24.48,148.37,234.48,951.26,22.6,225.86,25.96,142.16,130.04,180.19,252.85,108.63,8,113.84,36.07,321.86,198.29,129.89,646.7,47.65,18.66,183.98,711.74,119.15,6.28,149.02,218.65,8,55.03,288.61,200.93,9.59,663.09,76.27,96.07,193.47,15.36,124.36,20.19,17.31,76.73,103.11,198.5,219.46,385.4,214.23,36.28,55.4,82.1167,103.3,34.1,38.3895,62.88,36.7528,30.63,61.68,81.62,196.39,12.41,183.95,18.55,4.33,187.1,107.34,172.4605,32.56,102.38,52.13,5.79,22.98,68.26,124.74,328.97,81.79,2.07,74.26,24.69,299.51,139.99,47.36,52.16,29.89,27.66,585.62,8.35,4.66,1673.97,268.65,433.82,251.31,96.47,18.13,553.61,139.14,219.49,437.84,13.99,76.41,479.84,749.17,71.94,94.41,234.14,68.47,860.66,43.15,58.24,73.21,331.45,42.43,83.46,21.55,53.12,1235,58.47,198.18,341.11,134.77,55.01,150.53,396.35,83.97,528.51,188.41,29.96,279.4,46.39,341.51,229.68,394.76,421.58,479.9,244.095,218.24,90.35,41.77,298.57,121.16,74.26,98.25,540.67,144.29,429.09,289.13,112.89,40.72,1085.34,17.21,62.34,101.31,117.79,28.5,13.05,357.75,224.73,392.4,229.27,160.15,137.24,115.58,303.59,26.4,347.05,295.79,292.78,97.83,190.7,197.48,305.87,480.25,69.54,41.94,158.12,155.81,369.78,92.06,219.36,86.15,83.78,21.78,42.68,27.09,555.55,115.87,234.55,87.67,236.71,74.46,114.78,107.83,20.89,155.34,80.48,107.07,50.58,111.59,56.74,56.07,180.37,181.28,84.59,44.7,45.72,161.41,116.04,144.51,165.19,12.95,66.82,209.45,87.47,537.38,78.72,21.87,141.82
2026-07-14,125.45,314.86,244.78,146.54,88.96,4.85,98.895,134.56,220.78,392.75,82.28,246.44,112.95,144.41,134.94,84.45,98,44.6,361.78,128.75,281.26,595.7,42.78,548.13,233.96,355.25,70.2,25,168.83,247.49,182.57,358.89,299.4,79.185,28.47,448.98,859.43,31.74,281.17,35.48,1775.64,68.82,189.44,178.45,80.34,6.13,143.47,389.11,547.26,355.06,57.57,217.11,112.32,60.62,243.4,109.73,191.95,174.85,57.775,25.67,1025.44,56.95,154.5,35.88,491.09,42.63,12.36,69.67,124.56,18.642,133.27,933.34,61.39,346.22,133.13,203.81,79.05,91.57,16,376.8,256.43,127.91,303.35,94.73,446.93,19.87,91.03,9.79,23.19,243.61,675.54,43.76,205.29,310.77,161.5,111.87,78.72,22.09,921.75,236.18,103.91,167.56,7.93,210.73,79.94,117.09,49.92,184.33,84.91,22.59,106.18,181.76,71.3,85.51,187.79,28.63,270.73,584.4,457.54,149.99,199.05,524.69,95.87,25.21,173.11,30.31,309.85,61.23,149.07,126.37,43.4,74.12,185.33,269.75,111.96,65.67,103.96,5.45,426.79,136.09,44.985,140.63,138.01,4.29,1023.54,74.64,415.52,115.41,86.45,1.64,90.09,41.39,93.89,46.31,176.98,46.92,145.5,68.33,13.94,45.74,61.95,275.42,313.66,49.23,25.49,40.58,1775.1,482.78,202.95,116.33,54.87,91.17,220.58,74.57,166.83,24.21,33.77,369.5,32.07,74.88,98.37,353.73,61.66,1066.01,63.39,130.04,152.45,372.15,187.64,76.87,357.33,359.51,75.89,1140,1371.07,75.05,363.6,337.74,345.61,35.15,3.18,15.5,325.86,222.68,113.45,483.89,406.77,98.33,76.02,276.78,79.68,193.47,145.36,63.2,188.67,217.07,137.61,115.94,540.68,93.55,118.71,27.69,160.06,93.63,98.85,57.02,49.22,145.38,191.2,107.76,282.43,39.29,48.379,38.59,122.66,379.5,235.27,97.13,164.88,272.28,294.51,427.95,100.41,60.5,133.64,94.6,66.74,163.3,73.09,177.79,103.59,87.62,248.19,41.55,145.24,28.84,30.85,253.85,7.89,342.89,68.78,30.26,23.91,63.48,97.21,230.37,106.82,32.54,83.08,58.74,75,339.43,50.36,18.76,3.15,4.62,106.56,159.38,290.01,12.47,522.54,71.58,814.8,1152.54,514.99,76.31,207.68,107.21,346.1,14.91,15.61,181.56,538.02,67.44,363.19,12.16,268.94,53.23,87.11,803.37,494.73,344.67,58.8,79.3,689.19,1873.88,661.04,88.58,573.75,156.58,49.0025,70.16,391.5,50.79,303.4,1376.41,120.78,67.44,178.05,222.44,227.67,384.93,97.58,38.34,319.76,983.12,194.09,89.54,94.75,281.75,73.53,46.62,5.01,42.86,528.67,11.7,104.85,138.36,326.83,174.55,55.47,272.66,13.99,234.16,211.8,161.78,13.09,283.87,104.66,63.77,228.61,91.9,46.24,154.62,80.75,93.73,7.36,319.32,127.94,85.75,41.97,54.57,77.03,43.51,352.89,11.94,56.71,143.67,123.94,17.44,83.91,80.5,65.46,135.45,24.25,146.08,226.58,964.55,22.61,225.76,25.56,142.49,133.72,175.95,251.88,109,8.81,114.66,36.1,318.93,201.45,131.27,660.94,47.37,18.95,178.1,719.69,119.22,6.42,149.845,219.24,8.32,54.47,283.09,203.27,9.74,656.12,79.14,95.92,193.51,16.11,123.97,20.19,17.5,78.81,105.38,193.01,220.93,388.38,213.45,35.9057,55.18,81.84,103.88,33.52,38.4615,62.85,36.6303,30.19,62.06,81.5,193.39,12.78,184.97,19.92,4.31,187.25,106.17,180.2174,32.2,101.1,55.52,5.82,22.92,71.26,125.68,328.5,81.93,2.07,75.53,25.36,308.41,139.31,47.54,53.17,29.72,27.65,600.31,8.6,4.68,1757.82,275.94,425.9,252.96,95.96,18.55,567.92,136.08,221.28,438.87,14.5,75.91,481.06,751.83,72.95,93.36,233.35,70.13,878.31,42.91,56.58,73.68,311.07,43.66,82.85,21.28,55.13,1215.34,60.09,200.98,353.23,134,54.89,150.34,396.95,84.08,534.07,187.13,30,281.6,46.24,336.83,255.49,396.18,420.39,483.55,237.04,217.83,92.53,45.79,305.55,120.35,72.08,103.77,549.51,142.61,425.19,288.3,113.67,41.55,1065.83,18.19,62.14,101,120.17,28.39,13.23,356.02,225.73,392.1,226.29,160.91,137.61,117.11,298.59,26.28,347.81,301.43,291.89,97.57,191.02,197.39,303.58,476.31,69.84,41.74,158.43,156.78,371.16,92.4,218.6,86.96,84.66,21.51,42.47,27.48,563.32,115.05,236,85.29,234.27,75.98,113.7,108.49,19.41,155.45,80.17,108.16,50.64,111.45,56.95,56.18,180.45,183.62,83.42,44.48,45.69,158.29,115.9,145.09,165.85,13.36,67.16,209.97,87.78,547.13,79.99,22.53,152.09
2026-07-15,109.09,327.5,244.11,148.38,89.27,4.78,91.96,137.02,224.56,390.96,82.3,247.47,111.38,142.23,132.5,81.71,98.14,44.47,350.62,124.74,279.14,579.43,43.4,529.14,233.52,358.32,67.64,24.68,168.63,254.96,171.92,355.15,293.69,78.52,29.03,452.73,862.93,31.565,277.01,35.41,1815.27,66.31,193.59,174.98,79.14,6.02,141.22,394.28,541.12,358.44,53.42,218.12,117.69,61.59,239.38,111.48,197.24,182.8,57.25,24.3,1093.4,58.72,162.35,36.03,488.35,43.04,12.57,68.26,127.05,18.999,134.89,914.3,62.17,337.44,141.41,184.01,79.47,90.98,15.91,371.5,258.115,131.24,297.81,93.09,418.46,19.87,91.47,9.85,23.49,245.18,666.13,42.72,208.89,299.38,167.21,111.46,77.26,22.72,916.54,226.74,103.96,167,7.47,206.77,77.12,111.77,49.43,192.37,84.45,22.71,105.91,181.6,70.97,85.96,190.16,28.79,264.46,589.48,412.68,151.55,200.79,525.95,97.15,25.25,176.07,29.7,310.87,57.4,146.95,124.34,42.93,72.73,178.64,270.25,110.31,65.57,104.65,5.47,390.33,136.25,44.05,138.69,137.47,4.37,1022.6,73.79,412.86,114.24,85.42,1.56,87.27,41.5,93.5,46.77,171.64,45.74,144.64,68.76,14.18,45.36,60.97,277.26,313.42,48.64,26.11,41.1,1736.7,486.65,202.55,115.81,55.99,91.28,223.82,72.27,164.51,24.42,34.28,365.63,33.39,74,96.55,360.35,63.2,1055.28,61.41,131.7,156.84,372.35,174.41,77.64,370.21,370.92,78.22,1152.07,1371.44,75.82,378.85,341.44,351.59,37.17,3.2,15.46,328.48,222.84,115.54,479.92,407.78,103.03,77.05,279.24,79.81,196.32,140.84,63.93,189.9,211.2,139.84,114.87,557.02,93.78,117.6,27.44,159.28,93.94,98.99,56.52,49.86,146.16,187.15,102.99,279.7,37.51,49.77,38.28,123.52,388.97,236.42,97.94,165.44,271.41,295.77,429.48,101.25,60.02,134.5,95.59,66.81,163.25,73.11,176.37,103.83,87.55,248.45,40.55,142.76,29.28,31.25,247.02,7.76,346.91,69.59,30.28,23.66,62.13,100.95,224.5,106.53,32.2,82.45,56.56,75.78,350.24,49.68,18.7,3.11,5.95,108.21,156.54,286.82,12.73,514.15,71.06,752,1156.63,514.46,74.55,209.66,107.58,335.43,14.85,16.23,178.44,535.21,69.02,369.05,12.29,264.95,54.15,86.26,796.35,504.46,333.04,58.72,80.47,689.49,1843.19,681.31,89.46,569.32,160.53,48.785,70.52,396.19,49.46,299.18,1352.66,123.61,68.28,176.22,206.26,228.55,395.63,97.47,40.11,312.67,904.28,199.51,89.1,95.21,273.04,73.68,45.71,5.03,42.77,525.22,11.25,104.73,137.9,328.54,162.1,54.59,277.37,13.88,236.87,212.5,159.46,13.27,279.01,109.13,63.26,225.23,91.03,45.69,150.86,80.93,92.54,7.05,304.73,132.49,82.73,37.95,53.77,70.75,43.57,354.02,11.95,56.64,144.73,123.15,17.51,85.74,79.88,65.77,135.4,24.82,148.05,205.22,952.95,23.68,227.86,24.9,143.42,133.76,180.88,254.15,107.07,8.27,115.31,35.71,314.68,196.16,135.46,648.84,55.52,18.27,177.98,717.74,118.73,6.43,147.92,219.8,8.04,57.07,292.17,198.03,9.36,664.45,76.65,95.13,193.02,15.25,124.99,20.1,17.8,76.2,102.89,198.57,225.81,391.91,212.97,36.3243,55.49,82.29,102.73,33.62,38.41,62.57,36.6478,30.24,60.8,80.63,195.89,12.77,184.44,19.58,3.96,187.09,105.11,179.3874,32.34,102.79,54.58,5.75,23.23,70.63,123.55,332.29,82,2,75.01,25.1,293.4,137.03,47.55,52.21,29.93,26.89,590.77,8.36,4.76,1615,271.87,425.275,250.08,94.6,17.87,555.27,135.27,222.01,444.48,13.63,75.47,485.38,754.81,71.52,92.78,235.56,67.75,828.3,43.59,57.51,74.04,316.44,42.64,80.73,21.43,55.8,1232.18,57.95,201.34,342.12,138.29,56.41,150.97,400.12,84.24,535.29,187.62,30.39,278.16,46.73,329.19,251,394.46,419.48,480.2,243.8,211.54,92.61,45.75,301.19,120.97,72.67,102.11,542.54,145.31,418.52,288.36,112.94,40.9,1047.28,17.31,63.01,97.05,121.38,28.25,12.67,355.14,225.25,396.01,226.34,159.42,138.45,116.5,299.01,26.31,347.35,292.66,289.11,97.86,194.72,195.62,304.57,477.08,70.44,40.45,160.23,157.29,372.42,92.29,217.49,87.76,84.99,20.85,42.83,27.27,513.84,112.97,233.29,87.51,232.8,74.38,112.53,108.53,19.37,156.22,79.25,108.92,50.5,113.38,56.5,56.56,180.06,181.58,83.47,44.56,45.22,158.29,117,144.51,164.86,13.78,67.96,204.82,89.1,537.04,81.81,22.41,148.19
2026-07-16,100.24,333.26,254.39,147.8,98.83,4.49,84.09,144.61,235.31,380.53,83,256.56,113.1,137.29,133.13,79.84,98.13,43.02,319.74,119.46,283.15,560.93,44.84,500.94,237.3,371.58,63.02,23.59,168.92,249.89,168.56,368.63,297.29,76.57,26.44,434.48,857.97,30.77,262.01,34.55,1784.87,55.01,185.51,178.04,76.35,5.95,149.29,374.45,541.75,361.57,45.57,214.34,117.49,61.49,206.73,112.82,208.92,184.61,56.54,21.46,1087.05,60.51,160.86,35.53,493.12,44.62,11.235,68.16,128.97,18.009,131.71,877.17,63.72,343.7,143.69,180.46,78.73,87.36,14.79,364.65,251.77,133.33,283.82,91.89,388.81,17.72,94.07,9.53,24.1,246.27,647.83,43.34,211.93,276.96,160.49,112.84,74.68,21.02,945.57,207.97,105.59,172.68,6.71,203.76,72.91,109.66,50.89,206.25,86.65,23.3,106.5,183.86,71.69,86.7,186.36,28.46,262.32,598.97,391.38,154.42,205.01,524.83,99.71,24.84,173.6,29.3,329.67,52.34,148.91,126.11,43.03,77.98,185.47,275.71,112.39,64.19,103.81,5.32,372.85,139.08,41.08,134.6,138.46,3.96,1009.14,75.04,396.27,114.87,86.56,1.45,87.84,41.24,91.91,46.97,163.36,46.79,150.33,68.24,14.19,46.67,58.56,272.98,318.2,49.11,25.78,42.62,1680.6,460.19,198.14,107.11,56.81,86.53,211.93,72.01,160.78,25.19,34.53,368.82,32.75,71.4,92.65,345.73,65.7,1036.22,58.24,136.3,155.39,364.96,158.39,77.72,353.81,354.46,80.49,1095.46,1402.03,77.54,385.74,348.02,344.03,33.68,2.88,14.52,323.2,226.33,106.02,482.04,386.48,91.91,79.16,271.19,79.8,192.28,142.98,65.21,189.51,219.05,141.76,115.67,576.07,93.72,119.08,27.09,155.33,93.7,100.13,56.41,52.2,147.16,190.25,96.98,294.79,35.1,50.069,34.83,121.66,402.33,230.89,100.19,164.62,282.97,295.59,427.54,102.07,60.53,134.56,95.73,68.12,163.8,75.25,175.12,106.25,90.01,242.7,40.03,141.26,29.68,31.25,249.97,7.34,343.15,71.29,31.38,22.92,63.47,102.75,219.37,108.99,32.54,84.92,58.61,77.92,341.79,46.96,19.02,2.94,6.46,108.29,147.07,284.43,12.86,520.74,68.86,706.23,1169.17,513.52,75.75,216.16,107.5,320.96,13.44,15.98,179.85,551.54,68.12,371.14,11.42,273.46,54.14,81.68,841.31,519.02,328.6,61.42,83.56,692.99,1857.42,664.54,88.18,576.93,161.77,49.97,73.03,382.48,45.46,305.85,1305.65,127.63,63.15,182.15,188.3,218.37,401.1,94.03,40.29,303.41,853.2,171.77,89.35,90.83,272.46,74.35,46.27,4.99,44.57,518.65,10.38,104.01,132.75,338.06,159.69,55.85,269.83,13.79,235.67,207.4,153.65,11.755,270.66,106.85,65.75,237.15,93,41.7,147.74,84.17,88.12,6.65,281.61,124.21,86.25,35.14,53.65,68.37,41.98,353.99,12.03,56.78,150.48,126.67,17.53,86.68,79.53,66.24,139.43,25.14,151.5,205.8,958.34,23.09,234.04,22.09,150.06,134.44,189.84,255.2,109.29,7.67,118.68,36.38,324.5,201.32,132.02,631.02,56.73,16.92,170.61,705.94,118.42,5.905,142.89,220.66,7.64,54.01,293.95,185.26,8.45,678.94,73.23,98.12,191.175,14.1,125.01,18.82,17.09,67.35,101.42,202.76,232.72,396.02,215.06,36.4857,56.32,83.18,103.51,34.33,38.77,63.48,37.4001,31.07,59.78,81.22,194.36,12.14,179.18,19.63,3.57,185.04,108.37,173.5771,33.04,102.8,52.34,5.27,23.25,65.6,125.06,338.14,82,1.9,71.91,23.82,272.45,136.38,47.08,50.39,30.21,24.68,568.92,7.64,4.69,1411.08,270.02,417.03,243.59,96.07,17.32,530.5,131.11,228.49,457.38,12.15,76.94,476.08,750.72,66.33,93.15,234.98,62.77,745.49,44.77,57.63,74.28,331.2,41.98,82.25,21.98,54.18,1231.11,55.79,202.57,322.3,140.21,54.93,154.79,368.29,84.21,543.19,192.85,30.33,280.27,47.66,337.82,237.92,391.06,409.74,475,239.57,206.7,91.23,44.48,291.22,118.81,74.04,92.6,543.92,148.02,423.38,299.42,117.18,39.11,1071.82,15.91,64.01,99.13,119.3,28.34,11.67,365.14,225.81,397.51,232.34,160.76,139.19,114.24,304.15,27.15,346.9,300.26,293.47,100.07,191.86,196.49,294.11,486.03,68.71,36.44,152.56,156.13,370.58,95.04,218.86,86.56,84.06,21.45,43.88,27.29,466.81,114.49,241.49,88.07,242.25,74.73,114.95,104.25,17.98,152,79.98,110.8,50.89,112.65,57.02,56.75,180.15,177.52,85.81,45.46,45.47,161.8,117.34,145.95,166.44,14.04,67.3,219.29,90.48,506.8,81.52,21.4,146.43
2026-07-17,102.41,333.74,254.49,145.98,100.68,4.44,83.92,143.57,237.25,375.36,85.9,255.265,111.55,136.97,132.14,76.07,98.2,42.56,303.62,120.78,267.47,529.66,43.94,495.76,237,366.29,62.94,23.11,170.06,247.23,168.61,367.21,295.62,75.6,25.79,424.54,860.55,30.3,267.19,33.63,1747.58,57.8,186.17,177.68,76.76,6.06,142.2,370.825,510.28,355.35,45.86,214.03,114.97,61.27,214.96,107.24,205.99,181.68,55.95,22.19,1072.2,60.74,157.13,34.4,490.91,44.03,10.74,70.69,126.91,17.733,129.36,880.28,62.71,352.16,140.96,172.86,79.17,85.62,14.35,330.11,252.39,131.37,281.45,92.36,374.41,17.56,92.98,9.28,23.79,245.05,648.48,43.13,208.03,277.6,157.12,114.71,73.35,20.94,940.87,202.68,102.92,170.77,6.4,203.08,73.21,111.94,50.75,204.45,87.3,22.82,107.47,187.38,71.04,84.17,184.14,28.98,258.69,597.24,396.34,149.39,203.83,520.81,97.67,24.94,173.88,29.92,322.18,52.72,148.19,125.01,43.83,76.65,189.35,272.83,112.37,63.29,103.33,5.12,373.11,139.54,41.57,138.74,139.89,4.13,1020,74.62,399.99,113.24,85.59,1.48,85.73,41.16,90.49,46.94,162.54,46.26,148.16,67.97,14.23,45.49,58.38,269.76,312.98,48.53,25.26,41.91,1674.06,478.39,200.77,105.57,57.62,88.54,211.99,72.07,161.61,24.79,34.13,368.58,31.16,71.32,92.2,348.83,63.07,1057.84,57.48,134.28,156.83,368.41,154.61,76.07,346.12,346.77,77.82,1065.22,1395.01,77.81,371.18,338.87,342.66,32.84,2.85,14.33,321.32,225.02,99.96,488.67,400,91.45,78.46,272.43,79.65,188.37,146.1,64.26,189.76,212.67,139.65,114.84,567.44,93.84,121.51,27.12,153.3,92.8,100.92,56.64,50.51,146.02,186.65,95.04,291.09,34.78,49.2808,33.62,123.82,345.42,230.73,97.33,163.03,276.05,294.04,423.41,100.38,61.25,133.63,94.5,67.8,162.84,74.78,173.94,106.09,89.21,239.24,40.11,140.46,29.62,30.46,253.04,7.23,341.1,70.24,30.91,22.57,64.17,100.94,212.75,108.35,32.3,81.56,58.82,76.69,354.86,46.03,18.98,2.95,7.36,106.48,156.05,282.01,12.39,513.22,68.38,732.82,1179.11,508.77,74.82,208.73,107.56,313.3,13.52,15.52,180.22,543.6,66.91,366.24,10.69,267.71,52.95,80.96,841.39,510.86,312.33,61,83.2,688.75,1813.91,646.01,86.83,562.59,159.84,48.75,74.21,393.31,45.24,312.6,1312,127.5,61.82,182.18,188.68,215.5,393.82,94.85,39.15,302.09,848.95,177.71,88.8,89.7,277.66,68.95,45.98,4.88,43.76,521.57,10.12,103.24,129.11,340.16,163.88,55.08,271.39,13.59,236.61,202.81,154.92,11.46,266.53,103.1,65.71,233.84,93.52,41.11,149.35,81.73,87.37,6.525,279.85,126.41,86.05,37.04,54.86,69.38,41.77,358.68,12.15,56.3,147.94,126.2,17.32,84.14,78.64,65.69,137.12,25.05,149.98,207.95,953.21,23.2,233.07,22.47,149.79,132.38,192.98,252.86,107.73,7.39,117.36,35.85,318.04,206.86,140.91,628.53,56.56,16.73,171.78,695.33,116.8,5.86,141.69,217.87,7.8,51.68,286.96,181.18,8.45,676.69,72.67,97.81,189.17,14.11,126.67,18.26,17.455,67.62,101.44,198.99,233.46,395.93,213.37,36.0295,55.48,82.68,104.57,33.99,38.5888,62.84,37.3079,30.85,59.43,80.6,193.51,11.85,186.16,19.57,3.82,185.69,105.49,170.4348,32.91,101.56,53.47,5.09,22.95,63.64,123.56,331.32,81.99,1.87,71.74,23.79,264.325,136.1,46.99,50.78,31.32,24.18,556.53,7.72,4.53,1354.82,268.9,384.275,242.62,95.3,17.28,521.81,123.99,228.7,450.84,12.14,76.57,478.14,743.29,69.81,92.25,235.51,62.06,787.66,44.3,59.35,73.62,319.87,41.25,81.69,21.81,53.9,1214.43,55.05,203.31,322.355,139.6,54.87,154.46,372.37,84.52,532.48,192.43,30.08,282.91,46.88,368.98,234.1,380.84,398.37,469.98,236.68,206.78,93.85,43.74,284.02,115.41,72.46,92.43,545.95,145.99,426.09,301.75,117.72,38.73,1045.21,15.65,63.14,97.27,123.96,28.33,11.49,358.56,223.61,391.55,230.32,162.78,137.94,113.1,303.25,26.87,345.3,309.65,288.33,100.02,188.08,195.22,289.56,485.65,71.48,37.81,155.44,154.78,367.01,96.1,217.92,85.27,83.37,22.48,43.59,26.87,477.22,113.35,243.25,87.51,239.31,73.38,114.24,104.18,18.16,154.26,78.77,108.25,50.53,110.65,57.68,56.26,179.41,175.59,85.19,45.42,45.17,161.09,115.44,147.36,170.18,13.53,68.58,215.02,89.42,500.19,79.94,21.68,149.94
2026-07-20,103.02,326.59,253.38,144.94,101.66,5.31,82.52,144.73,234.74,372.46,85.67,255.24,110.42,136.34,131.05,75.32,97.95,42.77,309.09,118.2,272.67,525.7,43.23,503.57,235.21,364.17,62.56,22.55,167.06,249.99,169.35,362.78,296.63,75.255,27.85,424.6,846.19,30.48,269.61,33.98,1739.02,57.42,186.24,177.33,74.88,6.09,142.6,378.16,527.48,351.93,48.83,209.48,120.34,60.42,197.06,109.81,199.95,179.45,55.15,21.86,1054.11,60.16,156.93,34.25,491.25,43.77,11.37,70.5,123.61,17.835,128.72,864.3,62,352.53,138.62,176.88,78.18,84.85,14.16,329.93,253.5,129.16,283.94,91.79,378.77,20.54,91.93,8.98,23.78,245.11,639.43,42.99,206.77,285.4,160.43,115.68,73.86,22.4,935.8,212.07,99.95,173.79,6.21,198.49,73.06,110.7,50.11,201.8,86.78,22.47,107.61,189.71,70.36,84.54,189.02,29.14,263.2,586,381.88,144.79,201.11,517.94,96.41,24.32,176.25,30.37,328.97,53.06,145.95,125.85,43.78,75.69,195.01,268.65,111.05,63.56,102.57,5.22,382.23,136.58,39.46,133.79,141.09,4.06,1017.31,74.05,401.41,111.91,85.16,1.6,85,40.87,90.43,46.39,162.86,45.96,147.28,67.48,13.99,44.76,58.79,270.54,306.22,48.54,25.6144,42.27,1712.18,494.26,200.17,105.31,57.48,90.43,205.31,72.05,160.36,24.54,35.04,370.6,32.23,70.74,91.66,341.3,62.83,1079.18,56.81,133.21,155.46,367.6,153.1,75.8,351.37,351.99,82.37,1055.03,1371.22,77.09,370.42,333.04,340.44,32.7,3.085,14.29,323.43,226.18,99.28,484.98,398.2,100.93,77.29,271.98,79.68,187.7342,146.43,63.63,186.53,213,141.57,114.24,563.81,93.54,121.81,26.84,153.94,92.98,98.85,56.46,50.58,145.1,184.68,97.06,293.82,34.24,49.545,40.2,124.23,353.17,229.27,95.41,162.69,271.69,292.31,422.4,99.71,61.53,132.92,94.03,66.99,161.63,74.485,172.67,105.55,88.26,239.97,40.02,139.37,30.6,30.58,248.82,7.47,338.87,69.49,30.44,22.53,64.11,96.97,207.6,108.48,32.58,82.12,58.36,75.89,339.22,45.94,19.02,2.9,7.11,107.02,156.39,280.55,12.37,512.05,66.92,765.55,1146.9,509.54,73.96,204.71,107.15,306.76,13.83,15.43,180.86,547.44,66.93,366.93,11.67,267.64,54.08,80.51,831.46,505.37,323.36,60.27,83.29,683.34,1832.42,645.85,86.83,553.62,159.11,47.725,74.66,395.96,45.7,315.31,1328.8,124.4,59.49,182.1,194.94,210.94,402.29,97.82,39.04,302.64,865.46,182.62,88,89.2,272.42,67.6,45.37,4.81,43.47,523.96,10.08,104.7,130.58,334.97,161.16,55.11,262.63,13.99,230.74,203.28,154.78,11.54,267.18,100.23,65.18,231.76,93.56,41.51,148.41,82.37,86.7,6.87,278.54,121.38,84.53,34.77,55.19,69.93,42.19,348.66,12.16,55.7,149.71,124.33,17.43,86.05,77.83,65.75,135.46,24.75,149.13,212.23,950.79,22.81,228.43,22.15,147.48,134.85,192.72,250.14,106.3,7.47,115.7,35.43,315.53,208.8,134.27,632.56,56.82,16.72,170.32,696.06,116.7,5.89,141.18,216.94,7.92,53.25,286.16,181.64,8.6,672.15,69.85,97.64,187.36,14.25,127.85,19.9,17.24,65.74,100.85,198.61,235.78,383.17,212.42,35.8881,55.08,82.3962,104.6,33.65,38.1994,62.37,37.1914,30.83,59.44,80.12,194.44,11.44,180.39,19.46,3.57,181.97,104.81,172.9941,32.75,102.54,48.61,5.19,22.61,62.34,124.48,323.6,81.955,1.75,71.41,23.73,252.61,136.66,46.39,50.98,31.28,23.83,558.83,7.96,4.56,1390.95,274.34,378.46,238.54,94.46,17.01,524.14,119.85,228.19,448.35,10.96,76.09,492.32,742.09,67.69,90.69,230.49,61.78,802.45,43.14,59.8,73.41,319.14,40.83,80.78,21.95,52.69,1204.73,54.5,203.14,333.76,139.59,53.96,155.7,360.32,83.89,526.23,195.64,30.85,282.35,46.58,368.5,227.21,369.57,402.3,468.16,238.98,205.24,87.45,43.22,284.07,117.52,72.17,91.76,532.41,144.55,421.55,296.25,113.15,38.67,1012.71,15.23,63.14,95.03,125.51,28.39,11.74,360.57,221.28,388.5,229.43,163.48,137.35,113.23,299.49,26.84,342.31,313.31,280.62,99.48,188.47,194.21,291.67,480.5,69.51,37.37,157.99,154.29,366.25,96.25,216.95,85.33,83.07,22.12,43.5,25.86,487.42,112.55,244.84,86.33,239.05,74.16,112.2,103.45,18.86,150.94,78.67,106.07,50.03,110.8,57.94,56.04,178.12,175.71,84.86,45.23,44.94,159.25,114.61,148.36,170.04,13.19,67.06,210.61,88.94,501.37,79.29,21.34,149.82
2026-07-21,119.26,327.74,256.1,144.1,99.67,5.28,95.27,140.86,227.16,382.81,86.2,246.22,109.94,141.62,130.48,74.72,97.74,44,319.79,118.62,271.37,564.55,43.44,544.43,237.76,366.24,66.73,23.12,163.39,247.55,174.58,359.4,296.39,78.905,30.05,428.69,874.74,31.18,289.73,35.03,1801.51,63.34,197.21,175.05,78.5,6.31,148.84,386.5,511.17,350.79,56.51,204.8,117.97,61.22,226.26,108.22,203.16,179.4,56.38,23.61,1038.24,60.93,158.89,34.89,489.65,43.19,12.48,72.56,124.15,18.3,132.84,889.97,62.06,354.8,138.27,208.57,76.2,88.68,15.3,344.64,262.22,127.79,290.49,90.58,408.73,22.89,90.5,9.25,23.81,237.38,660.45,42.72,206.22,317.22,175.85,117.5,78.24,24.01,929.22,223.87,99.74,170.06,6.35,191.15,79.58,112.18,49.89,200.41,86.94,22.42,110.6,191.07,69.85,84.63,188.04,29.57,254.79,586.88,404.15,143.52,179.01,521.51,96.14,23.85,179.31,30.47,326.34,58.85,145.03,125.91,44.1,74.75,192.83,264.2,109.81,65.34,104.06,5.32,393.44,139.26,39.94,140.17,143.44,4.24,1027.88,73.05,402.95,112.22,84.92,1.64,84.55,41.33,92.74,46.77,172.9,45.89,145.55,68.54,14.27,45.01,62.56,269.82,315.19,48.39,26.03,41.58,1773.51,527.35,207.4,113.75,57.57,86.56,206.05,74.62,158.1,24.62,34.63,367.73,32.78,74.19,97.09,340.7,62.04,1078.81,59.39,130.28,153.09,374.81,162.41,79.52,346.19,347.15,80.07,1085.56,1361.61,78.6,373.09,331.6,340.4,32.73,3.23,15.29,323.94,229.86,106.36,479.93,404.34,108.98,76.64,279,79.65,188.61,145.68,63.63,189.31,210.5,138.67,114.01,552.46,93.31,123.93,27.43,157.45,91.82,100.94,57.34,49.95,146.57,192.53,105.45,289.92,35.51,49.3,41.29,125.56,350.06,229.74,94.93,164.12,271.99,296.54,426.01,99.545,62.18,133.25,94.28,67.42,162.08,74.08,175.32,105.52,88.55,244.45,40.83,141.71,30.43,30.51,250.61,7.66,345.23,69.55,30.21,23.41,63.68,97.11,217.56,108.05,32.38,81.97,57.78,75.98,339.06,48.21,19.01,3.06,7.32,104.92,171.24,277.71,12.21,505.03,69.08,837.56,1175.41,507.09,73.11,203.51,106.85,322,14.64,15.19,177.83,538.3,66.95,367.81,12.25,263.91,54,83.38,828.84,490.77,307.65,59.86,82.35,690.43,1822.65,643.81,87.66,547.33,170.76,47.23,72.99,405.38,46.3,319.76,1383.26,126.26,59.66,181.59,207.96,216.4,397.75,101.95,38.75,314.48,970.82,216.92,87.93,92.49,272.31,68.67,45.37,4.79,42.96,512.29,10.63,102.06,131.6,331.3,165.76,54.19,267.18,14.39,233.2,207.29,160.68,12.825,273.15,105.67,64.99,234.79,91.83,44.13,141.71,79.21,91.06,7.66,299.05,127.05,87.97,40.68,56.5,74.32,44.43,342.15,12.04,56.2,144.22,126.25,17.49,84.83,77.43,65.587,135,24.94,148.1,205.9,959.58,22.83,228.21,23.1,149.94,132.66,188.04,250.38,105.65,8.37,115.71,35.41,309.75,212.27,138.31,639.2,55.85,17.8,173.5,708.97,118.07,6.05,145.2,218.13,8.22,52.5,287.9,185.84,9.42,675.19,71.95,97.87,194.01,15.28,129.96,21.49,17.76,69.12,105.79,195.8,235.81,383.42,212.76,35.6874,55.12,82.0551,105.595,33.68,38.2458,62.37,37.0384,30.61,60.69,80.025,193.67,11.44,183.29,18.81,3.9,176.82,104.45,185.7806,32.82,99.96,50.27,5.38,22.84,71,123.03,318.46,81.89,2.05,75.53,25.06,278.17,136.02,46.59,53.08,32.22,25.5,584.08,8.71,4.56,1589.4,271.73,389.07,249.3,93.85,17.64,552.69,123.54,226.79,431.26,11.66,75.73,493.23,748.28,68.84,90.59,233.52,65.43,891.83,43.06,62.95,72.21,314.58,42.86,81.22,22.26,53.74,1205.49,56.83,209.01,374.04,138.48,53.95,155.05,366.14,83.66,523.46,190.77,30.37,280.22,46.62,369.63,250.91,378.93,424.61,469.89,235.93,196.22,95.86,47.2,291.3,117.7,71.55,105.15,535.94,143.81,436.35,293.13,116.34,40.25,1013.54,15.8,63.71,94.75,128.85,28.48,12.35,355.82,222.83,388.91,227.51,165.52,137.44,116.01,301.92,26.58,344.57,314.8,276.75,99.52,187.64,194.22,304.5,482,73.69,39.78,162.33,156.14,369.45,97.62,218.63,86.13,84.45,21.37,43.78,25.83,548.39,111.82,246.37,87.74,233.18,73.36,110.39,109.96,19.87,154.5,78.72,105.94,50.1,110.03,58.5,56.11,178.66,180.78,84.06,45.2,44.92,160.25,114.87,151.71,173.83,13.33,68.76,214.72,88.46,528.66,80.38,21.19,148.72
2026-07-22,110.52,325.89,253.3,140.05,100.57,5.18,89.51,140.09,218.36,386.73,87.32,243.12,112.01,147.05,133.07,73.915,97.58,43.43,330.895,117.45,266.99,553.92,43.21,552.33,237.09,366.05,66.97,23.39,166.06,244.85,174.87,352.33,297,78.755,30.08,412.48,851.72,30.95,283.4,34.97,1801.86,61.95,195.59,178.47,81.17,6.61,150.35,396.81,491.49,348.74,52.98,208.65,116.56,61.62,218.22,107.52,197.74,177.86,56.6,22.49,1056.63,60.76,160.39,34.89,489.39,42.97,12.26,69.74,122.82,17.895,132.25,889.31,61.36,343.23,137.09,209.8,77.5,90.37,15.84,337.01,274.9,129.22,284.85,89.33,397.16,24.46,91.63,9.45,23.52,249.24,660.75,43.68,201.36,312.19,166.12,118.79,79.99,23.62,927.31,228.27,100.06,163,6.52,188.42,82.64,112.21,49.93,201.36,88.53,22.24,108.08,192.98,71.09,83.52,177.73,29.86,245.77,607.33,441.8,142.52,179.14,521.47,95.87,22.83,178.41,31.25,319.83,57.77,148.55,127.95,44.88,71.43,187.23,266.88,112.09,64.99,104.25,5.235,389.09,139.63,39.58,137.48,144,3.98,1028.74,74.46,406.91,114.88,86.56,1.63,84.37,41.31,92.19,47.24,170.43,46.7,145.05,68.82,14.42,45.33,65,264.79,321.02,49.33,25.525,40.54,1791.06,513.67,214.11,113.39,56.45,79.68,208.86,75.1,155.05,24.44,34.43,373.16,32.7,76.68,100.56,341.19,61.41,985.03,58.49,130.34,152.86,379.12,154.06,82.13,341.91,342.09,78.97,1098.2,1354.01,77.82,371.87,331.45,335.24,31.68,3.19,15.69,324.23,232.99,104.48,476.84,397.6,109.86,76.4,280.7,79.52,189.81,144.21,63.92,187,205.77,142.53,116.44,545,93.1,125.51,27.74,156.65,89.02,100.64,56.5,49.41,145.78,190.87,102.62,284.47,34.68,48.45,41.28,124.51,340.69,231.11,95.44,163.86,273.93,293.79,425.12,98.88,62.94,133.28,94.37,67.12,162.03,74.485,178.56,104.95,87.95,243.28,40.76,142.49,30.15,30.1,255.63,7.63,348.21,69.33,30.2,24.24,62.73,95.53,214.69,108.88,32.49,82.2,57.54,75.6,336.8,47.89,19.13,2.99,6.78,107.26,174.28,285.16,12.12,508.67,69,829.7,1163.01,514.36,74.02,204.35,106.67,319.29,14.09,14.66,177.92,531.98,66.3,369.8,12.41,263.57,53.57,85.02,814.04,489.7,304.97,60.86,81.89,690.13,1799.21,627.17,87.17,550.66,170.76,47.835,72.17,402.91,45.68,315.82,1398.45,127.47,58.07,175.99,210.99,218.5,390.34,100.01,38.03,314.24,959.48,218.16,89.41,95.75,268.98,68.53,46.57,4.67,42.21,525.28,10.28,95.46,139.98,330.94,166.54,53.36,264.22,14.51,235.9,212.06,158.47,12.67,278.8,104.96,65.03,232.8,91.75,44.5,136.69,79.38,92.33,8,295.25,125.84,86.53,38.86,57.5,74.58,45.29,335.28,10.7,56.6,139.3,131.11,18.11,83.59,79.58,65.24,135.65,24.82,149.13,204.54,970.77,22.54,228.19,22.6,144.7,124.57,194.3,252.51,106.3,7.65,117.39,36.1,311.7,211.41,135.44,643.14,55.51,17.35,175.63,705.35,117.3,5.87,144.83,217.34,7.91,49.64,285.85,170.38,8.99,651.18,70.96,97.51,201.26,15.23,130.79,23.38,17.18,69.75,103.83,192.91,238.21,386.21,212.7,35.5288,54.82,81.68,107.07,33.28,38.84,62.62,36.88,30.71,60.25,81.85,194.88,10.95,183.03,18.22,3.755,178.02,103.98,193.1621,32.9,100.8,47.88,5.31,23.11,70.49,118.42,319.91,81.83,1.99,77.4,25.8,281.68,133.19,47.67,53.92,33.19,30.56,586.91,8.68,4.47,1599.27,267.8,377.61,252.68,95.8,17.07,555.52,115.26,226.22,429.06,11.43,76.2,474.16,747.41,69.21,93.05,238.64,65.77,908.1,44.51,63.16,72.81,309.24,42.46,82.12,23.04,53.72,1194.7,57.21,200.28,369.46,137.92,52.68,155.41,377.41,83.44,526.46,190.94,29.21,284.45,46.27,372.08,249.53,374.01,421.21,473.6,233.58,183.38,94.21,47.05,294.19,117.26,70.33,101.46,537.5,140.78,431.31,292.56,115.84,40.97,1035.06,15.82,64.47,96.06,131.68,28.45,12.31,353.42,226.02,386.53,228.03,167.49,137.16,115.62,299.8,26.58,345.01,310.92,277.83,99.02,185.33,198.41,301.16,472.57,74.37,39.89,166.74,156.02,368.87,97.18,219.34,85.68,84.46,21.55,44.29,25.85,556.67,113.46,245.04,86.42,236.38,74.49,109.33,111.36,19.49,152.11,80.19,106.92,50.82,109.2,59.2,56.05,178.85,180.27,84.38,45.01,45.93,159.43,114.02,154.45,176.59,12.85,68.05,213.65,88.74,529.75,77.46,20.18,142.26
2026-07-23,112.02,321.66,256.92,137.57,100.75,5.11,88.42,138.74,212.17,380.2,86.35,242.88,113.27,144.51,134.92,71.21,97.34,42.64,326.97,116.91,268.74,562.8,42.63,539.69,241.14,371.5,65.33,23.57,164.65,233.66,176.61,355.78,294.29,78.715,29.89,398.86,924.6,30.94,283.04,34.78,1803,59.18,199.84,178.04,78.42,5.99,158.73,392.47,491.9,340.84,52.93,209.23,114.06,61.28,217.3,107.39,200.62,172.83,56.09,22.78,1037.16,61.51,160.11,34.31,490.85,43.58,12.17,69.84,124.5,16.803,131.88,894.54,62.53,353.25,135.55,220,74.57,89.33,15.24,330.46,275.6,126.5,286.29,87.72,407.53,25.82,90.08,10.96,21.92,254.32,665.03,44.23,199.96,313.22,161.16,120.2,78.37,23.96,926.06,236.5,98.02,156.93,6.11,183.42,81.1,112.76,52.81,203.25,88.78,22.36,106.89,194.42,71.46,81.97,169.77,30.31,244.39,610.02,439.34,142.12,192.5,516.26,92.83,22.81,179.34,30.9,323.25,58.3,148.13,129.26,45.29,70.48,185,263.14,112.79,64.6,102.9,5.09,379.31,144.9,38.89,135.3,145.49,3.72,1033.55,74.62,415.13,115.8,86.65,1.51,83.82,40.59,91.1,46.7,173.86,47.28,145.42,67.6,14.15,46.15,63.5,258,315.62,49.49,25.11,40.04,1831.15,517.73,214.22,112.75,55.09,81.25,205.92,76.02,151.54,24.26,34.46,381.79,32.52,75.02,97.6,349,61.99,1031.19,56.91,130.86,152.13,371.52,156.06,80.67,318.34,317.69,77.86,1074.72,1367.46,80.84,376.5,324.71,340.54,32.74,3.18,15.32,320.18,246.27,101.58,488.38,394.5,117.67,75.68,287.09,79.23,187.33,145.09,63.3,188.98,206.65,143.21,117.03,539.365,92.85,125.03,27.38,154.1,87.1,101.99,56.11,49.44,144.88,196.86,100.23,281.53,34.07,47.84,40.58,124.55,332.02,238.23,94.54,161.89,276.91,292.09,420.38,95.95,63.23,132.84,93.83,67.98,163.68,73.691,177.23,104.71,88.19,238.54,40.44,143.29,30.09,29.32,259.27,7.54,349.9,68.77,29.67,23.67,62.77,95.97,218.73,107.31,32.77,81.17,55.76,75.15,327.5,49.44,18.9,2.91,6.45,110.33,170.78,299.67,12.37,506.32,69.02,833.64,1185.87,568.59,74.42,201.92,106.26,319.78,13.71,14.02,176.06,530.29,63.23,364.47,12.77,262.8,53.35,81.35,824.49,472.24,299.14,60.05,82.01,687.93,1798.7,606.1,85.06,546.87,169.59,46.78,72.08,409.65,44.65,312.27,1397.15,130.48,57.02,176.4,209.32,215.18,381.58,93.63,37.4,313.98,990.21,220.97,89.79,94.72,262.32,68.89,46.75,4.64,40.99,533.48,9.73,91.94,142.99,348.55,164.64,52.63,264.69,14.19,241.15,208.76,158.78,12.03,277.29,104.49,64.72,230.71,93.23,44,136.1,77.9,90.13,7.93,291.27,120.04,86.11,37.69,57.6,75.19,44.19,325.63,10.2,57.51,138.7,130.75,17.54,83.3,79.77,64.51,134.95,25.01,146.97,207.07,985.48,21.89,233.9,22.36,145.12,123.37,191.12,249.26,105.43,7.6,113.75,36.24,315.01,206.98,135.43,653.8,56,17.1,171.11,691.96,116.17,5.115,143.47,216,7.86,47.55,283.41,168.78,9.28,651.91,69.53,97.95,199.64,14.85,128.89,23.86,16.46,69.99,103.19,191.89,232.39,395.37,211.92,34.5151,53.83,81.26,107,33.61,38.44,63.16,36.79,30.17,59.76,82.16,209.16,10.38,188.75,17.38,3.81,174.85,103.21,180.0593,32.8,101.61,45.14,5.04,23.01,70.175,112,310.54,81.77,1.97,75.28,24.82,289.08,129.72,47.22,52.06,33.51,31.2,580.17,8.81,4.41,1610.33,265.13,373.52,247.96,96.6,16.65,551.24,118.24,225.2,420,11.53,76.36,468.99,738.18,69.32,93.44,240.57,53.49,913.36,43.71,60.47,71.77,318.97,40.57,81.73,22.96,52.85,1213.83,59.85,198.79,373.75,134.48,55.5,153.48,379.27,83.17,572.32,170.42,28.4,285.58,46.12,376.37,260.42,319.69,415.58,479.71,230.25,185.06,92.44,48.06,284.99,115.345,68.91,100.56,529.36,139.12,423.56,304.33,114.1,41.13,1139.71,15.14,63.33,95.58,139.49,28.56,12.01,351.6,223.98,370.03,224.97,168.17,136.59,114.39,303.31,26.32,349.75,305.26,274.93,98.69,178.8,199.43,304.04,473.09,74.27,40.8,168.98,154.31,364.69,97.92,219.86,83.78,83.62,22.52,43.82,25.95,558.3,114.72,247.05,86.19,237.27,75.25,108.4,110.03,20.05,152.23,80.77,106.69,50.29,105.38,59.38,55.83,181.94,178.45,83.21,44.95,46.19,161.44,108.76,156.89,175.66,12.76,68.49,214.16,86.38,523.33,76.49,19.38,139.7
2026-07-24,100.15,333.02,259.36,141.1,103.06,4.77,84.32,146.99,225.11,371.86,85.92,250.09,113.78,145.13,135.54,70.23,97.46,41.75,291.58,114.85,271.77,536.25,44.54,521.95,241.97,376.04,64.96,21.75,166.67,232.11,173.99,361.7,297.87,76.335,27.19,391.98,918.22,30.37,260.01,34.36,1757.09,56.2,197.8,179.22,79.67,5.95,149.51,381.92,502.34,326.17,47.23,209.52,112.14,62.05,184.89,105.34,202.19,177.46,57.25,21.57,1055.67,62.09,158.91,33.83,494.93,44.25,11.56,72.91,130,16.767,132.19,888.73,62.92,359.75,139.46,199.12,74.9,87.86,15.13,326.24,274.35,123.31,289.57,88.4,390.96,23.15,90.75,11.93,22.295,255.31,664.65,44.56,202.84,282.39,158.29,120.26,77.72,22.75,935.03,213.15,99.87,163.66,5.81,183.28,71.88,114.17,53.23,205.91,89.25,22.56,107.74,194.79,71.1,85.06,172.91,30.1,246.86,628.16,437.5,146.76,191.5,518.76,94.85,23.01,199.08,29.84,332.97,53.2,149.46,130.52,45.04,71.54,186.98,268.75,113.01,63.33,103.41,4.9,377.68,147.94,36.7,129.15,146.39,3.47,1084.24,74.91,404.07,115.95,87.18,1.38,82.63,41.12,91.21,47.23,162.96,47.53,147.71,67.93,14.37,47.02,62.6,259.14,314.96,49.92,25.0351,41.51,1733.6,476.04,214.68,104.04,55.31,80.16,202.82,76.75,152.37,24.57,34.58,386.75,31.63,75.23,97.8,353.73,60.58,1014.75,53.53,129.31,153.58,371.9,146.65,82.64,319.09,319.74,80.92,1061.23,1382.6,81.93,382.19,332.98,349.61,28.09,2.96,15.14,324.97,243.15,94.91,486.09,389.32,109.99,76.2,289.26,79.23,186.9,148.15,63.74,188.14,214.19,145.79,117.16,544.32,93.03,124.49,28.04,151.94,87.98,102.38,56.49,50.23,144.86,194.09,92.32,296.33,32.84,48.01,37.07,128.31,337.5,240.14,97.09,162,283.02,291.17,420.65,96.78,63.35,134.06,94.465,68.41,164.5,74.475,178.5,107,88.02,236.08,40.43,143.37,30.19,30.1,263.4,6.93,353.21,69.36,29.68,23.85,64.14,99.36,210.52,109.7,32.86,82.25,56.87,75.73,335.19,47.35,19.28,2.81,6.3,112.14,163.89,300.21,12.12,512.28,67.81,762.99,1196.03,582.6,74.94,207.64,106.23,305.21,12.92,14.2,177.24,539.66,63.15,374.43,12.12,264.76,53.33,78.86,840.9,471.5,298.22,60.52,83.21,690.71,1801.44,595.19,84.81,559.6,172.62,46.745,72.99,410.13,41.3,309.24,1333.81,131.07,54.07,180.74,194.23,214.48,381.7,91.67,37.91,306.39,920.95,187.77,89.78,93.19,262.15,70.09,46.68,4.49,41.7,542.24,9.1,98.78,141.03,350.66,167.74,55.04,261.99,14.09,247.56,206.84,151.79,10.92,269.24,100.03,65.6,232.99,93.16,40.25,138.5,79.66,86.81,7.8,272.62,114.99,87.4,34.04,57.3,74.56,44.03,323.79,10.84,57.69,145.35,132.24,17.85,82.66,79.81,65.03,136.64,24.54,147.41,213.83,987.54,22.13,254.39,20.47,147.63,122.92,193,250.99,106.06,6.89,116,36.22,322.48,206.77,136.11,625.84,56.15,16.21,166.97,684.23,115.41,4.885,139.56,216.81,7.43,47.55,293.54,168.73,8.69,656.01,67.51,99.32,200.96,14.15,133.09,22.53,15.84,63.91,96.01,195.27,238.89,407.83,213.57,34.8167,54.72,82.28,107.31,33.8,39.3,63.6,37.4202,30.502,59.33,82.33,212.79,9.94,189.23,18.14,3.59,173.57,103.25,177.164,33.29,101.97,42.6,4.81,23.18,64.89,113.75,317.51,81.85,1.85,75.44,24.77,270.9,131.96,52.42,52.59,33.19,30.1,561.19,8.09,4.35,1436.56,268.06,373.47,242.92,97.25,16.46,527.01,115.07,229.78,426.4,10.99,77.19,482.66,738.93,68.73,92.98,247.11,51.54,851.69,48.56,60.21,72.9,330.25,40.15,83.11,24.13,51.28,1236.71,60.19,202.94,349.92,136.78,56.04,154.22,359.9,83.25,568.26,180.09,29.04,281.33,46.61,387.26,233.37,313.03,403.41,480.99,231.65,191.46,90.27,46.27,279.58,118.27,65.94,92.75,525.7,141.2,420.74,307.32,114.79,39.89,1141.59,14.15,63.97,97.17,136.69,28.58,11.3,355.74,226.79,372.01,227.32,168.23,137.81,113.3,305.07,26.73,350.17,302.5,279.7,100.81,179.81,199.46,290.36,477.36,71.7,38.21,163.38,154.2,364.8,100.53,221.02,83.48,83.4,22.36,46.38,25.77,519.8,115.77,252.07,86.31,238.75,74,109.47,111.48,18.46,150.48,81.67,108.44,51.26,106.3,59.62,56.31,182.66,175.88,84.13,45.95,46.29,162.57,109.41,156.94,174.05,12.33,67.95,213.01,87.01,494.31,77.15,19.13,142.32
2026-07-27,97.82,336.91,256.91,146.86,104.49,4.95,79.97,154.06,237.75,371.89,83.19,254.98,112.11,145.96,133.59,73.05,97.69,41.82,282.52,116.18,278.4,516.89,45.24,494.95,243.12,376.26,60.71,21.09,166.74,231.39,170.76,367.17,292.58,74.64,26.375,412.73,888.82,30.72,266.33,34.77,1655.26,58.29,192.64,178.22,80.48,6.21,154.24,383.22,525.48,335.39,47.88,211.5,115,62.13,188.18,105.29,200.14,186.79,60.59,22.07,1062.14,62.56,157.77,34.34,497.18,45.51,11.35,71.98,132.6,16.452,133.1,873.28,62.56,358.91,143.88,188.61,74.13,89.35,15.36,338.61,270,131.61,291.02,89.1,377.27,21.65,91.98,12.25,22.8,255.36,661.84,44.01,207.05,271.31,167.49,115.58,77.9,20.74,951.58,208.14,102.86,173.6,6.04,180.11,70.79,114.57,51.8,210.98,87.58,22.5,107.07,190,70.27,86.67,184.37,29.01,251.86,625.02,426.91,147.65,196.5,521.26,96.65,24.11,195.76,28.75,343.53,52.43,147.23,128.83,43.16,73.37,195.44,271.38,111.5,63.62,103.91,5.25,378.36,149.3,38.01,126.37,140.31,3.61,1046.79,74.69,398.64,113.76,85.84,1.42,83.04,41.78,91.51,47.37,161.2,47.15,148.29,68.26,14.68,47.64,62.72,264.04,310.79,49.32,25.66,43.16,1730.42,470.82,214.43,98.8,56.64,81.23,205.83,75.04,152.38,24.4,35.28,389.14,31.37,75.73,99,361.61,61.12,996.57,53.18,130.52,151.91,374.63,143.36,87.04,326.57,326.56,84.06,1048.23,1398.95,81.48,389.62,336.09,357.15,30.24,2.95,15.19,330.85,245.75,95.65,497.96,381.15,104.59,75.46,287.94,79.27,188.65,149.07,63.47,188.33,216.28,148.73,115.69,556.2,93.28,121.33,27.91,151.6,90.91,102.9,56.72,51.37,145.51,189.47,91.67,303.91,35.92,49.5,36.29,126.99,356.83,243.91,97.98,162.1,284.82,292.91,421.09,98.42,62.04,135.17,95.36,68.721,165.62,75.37,178.04,106.64,87.18,235.05,40.58,143.39,30.95,30.97,265.95,7.37,356.2,69.22,30.12,23.92,64.74,101.63,203.36,111.44,31.75,84.07,57.98,75.52,351.82,49.45,19.48,2.9,6.5,114.95,175.98,303.48,12.62,507.02,68.63,711.96,1197.53,580,73.93,211.55,106.51,291.61,13.31,15.09,179.4,551.71,63.01,383.06,11.77,270.67,54.26,77.9,850.06,485.96,309.71,60.67,84.22,692.85,1819.74,593.87,84.55,572.03,178.23,47.665,72.89,417.42,43.13,312.35,1339.08,130.76,55.63,183.31,189.17,214.56,389.1,98.65,38.8,302.33,900.2,187.88,88.83,93.47,265.61,70.4,45.81,4.62,42.14,547.58,9.28,105.56,136.5,343.35,169.8,56.85,258.03,14.53,247.86,196.51,149.29,11.41,267.67,103.73,65.5,226.77,89.46,41.81,137.43,82.41,89.04,8.02,262.33,119.9,90.59,35.14,54.93,74.21,44.13,317.32,11.62,57.48,151.3,133.44,17.6,84.85,79.21,66.65,139.79,24.67,148.63,215.76,987.31,23.5,252.37,21,147.26,131.53,195.66,249.64,105.38,7.09,118.47,36.01,324.02,207.82,135.56,620.28,56.07,19.51,170.04,682.12,116.3,5.18,140.8,217.26,7.96,48.42,305.04,179.23,8.83,667.17,68.72,98.8,201.02,15.64,134.94,21.97,16.48,66.94,96.42,203.08,243.35,404.35,215.18,35.3841,56.15,83.32,104.66,34.13,39.444,64,37.4294,31.04,59.73,81.2397,218.42,9.98,188.07,18.14,3.54,172.61,103.65,177.1937,33.43,104.18,43.09,4.78,22.97,58.79,126.88,327.27,81.87,1.85,75.78,24.92,244.45,135.84,51.53,52.93,30.3,29.81,548.55,8.54,4.52,1278.23,272.92,388.99,244.89,96.48,16.88,516.23,113.5,231.67,439.83,11.17,77.22,494.72,739.09,68.79,91.25,250.27,53.45,816.99,50.09,63.44,75.31,336.74,41.49,84.09,24.42,51.56,1286.27,59.75,207.58,334.77,140.34,55.75,156.38,347.07,83.75,559.53,177.21,30.84,267.64,46.31,390.35,224.21,309.22,399.09,483.34,243.95,194.47,86.54,45.92,279.41,120.57,68.18,86.97,539.61,140.97,417.64,299.3,112.95,40.32,1127.91,14.93,63.49,99.29,124.76,28.6,11.71,362.53,227.39,377.09,230.91,164.52,139.18,112.42,306.67,26.75,351.42,304.93,284.49,100.54,182.17,197.01,287.6,479,74.87,37.18,157.08,154.45,365.18,100.11,221.72,83.38,83.79,22.21,47.32,25.28,497.92,113.82,248.34,87.27,237.9,70.79,111.74,112.01,17.98,150.59,80.71,109.24,51.39,107.66,58.36,56.88,183.2,174.3,85.36,45.76,45.68,163.4,110.84,154.77,169.08,12.78,68.54,208.2,89.54,492.85,81.24,20.74,147.3
2026-07-28,88.14,340.08,263.2,153.11,107.27,4.82,72.02,164.66,249.18,365.83,83.18,264.17,112.51,143.71,133.02,72.4,97.92,41.08,260.23,113.16,288.41,476.46,46.69,454.62,241.43,393.1,45.69,19.66,171.5,230.86,169.71,381.26,292.85,71.925,26.62,418.22,872.23,30.57,244.74,33.94,1582.95,56.55,186.99,179.38,78.95,6.21,156.35,380.91,547.65,336.63,42.76,221.56,115.19,62.62,166.84,104.92,205.61,199.31,58.46,21.95,1097.55,63.6,156.49,33.98,512.37,46.06,10.28,72.46,133.9,16.242,132.47,840.85,63.55,363.5,147.05,192.72,75.75,86.96,14.91,344.72,259.82,139.97,301.06,89.28,350.51,20.42,92.73,11.98,24.19,260,641.6,44.1,212.41,243.33,167.9,114.1,76.52,20.745,966.58,192.28,103.4,181.5,5.66,181.8,67.3,115.58,50.84,214.9,88.95,22.8,109.34,187.58,70.62,89.37,195.52,28.6,250.88,639.84,392.1,151.16,199.05,526.89,98.89,24.62,193.18,28.85,350.47,47.77,146.08,129.24,42.66,74.85,198.24,282.9,111.98,62.36,103.89,5.24,385.73,151.81,36.32,118.16,139.64,3.37,1034.86,75.39,386.26,112.32,85.66,1.35,83.68,41.92,89.83,47.82,151.45,47.31,152.21,68.17,14.96,48.1,61.64,268.24,312.64,49.65,26.04,44.93,1626.32,449.72,210.6,88.23,57.72,76.43,202.59,72.39,149.98,24.68,35.65,393.19,30.62,74.21,96.78,363.59,64.11,943.38,49.02,134.32,151.33,369.37,126.01,90.3,332.6,333.71,87.46,1033.34,1398.9,83.445,418.19,344.47,363.44,29.32,2.84,14.55,322.43,247.05,92.76,483.66,388.71,101.14,76.94,286.04,79.42,188.85,152.07,64.37,190.52,227.55,152.72,115.37,569.54,93.56,119.43,26.91,149.5,91.78,103.96,58.11,52.69,146.31,192.98,86.3,312.99,33.88,50.6229,33.93,125.7,361.8,244.98,100.33,162.51,295.16,293.37,421.97,100.11,61.1,136.71,96.29,70.29,165.8,77.04,178.9,107.26,86.97,232.2,40.79,140.28,31.79,31.86,266.73,7.27,357.31,70.3,31.08,23.51,66.45,102.66,190.8,113.09,31.61,88.27,59.19,76.79,364.23,48.64,19.75,2.77,7.9,118.36,169.65,305.2,13.21,511.18,66.96,651.93,1220.66,581.31,73.79,218.24,106.83,269.61,12.37,15.45,180.87,562.75,63.44,383.52,11.38,273.02,54.41,75.71,889.5,484.2,310.62,62.48,86.88,692.97,1862.52,593.41,84.46,583.67,182.48,48.87,74.82,414.56,41.28,306.05,1282.01,131.82,55.805,192.19,174.47,211.58,393.35,96.16,39.28,292.32,820.53,169.69,89.28,91.52,264.1,72.39,45.73,4.68,43.05,549.22,8.93,110.62,127.56,338.84,174.53,59.05,252.22,14.68,265.62,197.01,141.75,10.01,259.12,95.35,65.73,226.28,88.8,39.58,136.21,86.22,84.39,7.86,241.89,119.96,91.17,33.91,53.93,72.99,43.23,319,12.19,57.1,161.72,138.21,17.78,85.71,78.95,67.795,142.86,25.25,148.88,219.52,990.96,24.36,253.24,20.42,147.12,123.53,200.17,251.6,105.33,6.76,119.01,36.33,330.47,205.85,136.84,588.36,58.32,17.635,162.88,675.49,116.44,5.17,136.84,218.46,7.72,49.5,322.5,178.44,8.57,695.18,66.09,99.05,196.16,14.52,135.99,21.24,16.69,63.89,87.75,208.96,251.03,414.33,217.69,36.2032,57.55,84.8251,102.98,35.19,40.2597,64.28,37.7999,31.61,59.3,81.03,218.58,9.63,183.86,18.34,3.53,174.93,103.1,176.8379,33.89,105.97,40.07,4.7,23.48,44.98,130.28,354.27,81.94,1.775,73.99,24.14,221.42,137.9,49.98,51.7,29.65,28.45,529.6,8.22,4.77,1096.1,270.36,383.82,247.18,96.78,16.74,491.46,116.41,236.7,424.36,11.37,77.97,511.56,740.86,66.87,90.56,259.74,50.16,747.3,50.8,64.68,77.12,346.6,42.34,85.2,24.66,49.1,1307.97,58.63,214.29,320.65,144.2,54.87,160.8,326.05,84.24,576.41,182.39,32.34,261.65,46.77,397.22,202.99,307.44,392.31,470.03,247.62,194.33,88.55,47.05,277.07,123.77,70.74,77.5,534.72,143.98,428.79,294.45,105.53,38.95,1091.26,14.06,64.43,101.47,120.49,28.58,11.33,366.59,230.36,382.68,235.43,162.02,140.93,110.87,313.23,27.1,349.49,298.88,288.42,100.95,185.13,196.22,269.56,490.39,74.13,32.72,148.64,154.35,365.99,98.14,222.99,83.33,83.25,22.03,48.19,25.61,463.51,113.61,243.57,86.87,239.41,70.16,113.1,109.58,17.09,149.78,80.33,109.64,52.34,109.67,57.57,57.6,182.49,171.09,87.06,46.01,45.52,167.26,112.48,153.04,166.37,12.71,69,204.73,91.52,471.49,83.1,21.89,151.63
2026-07-29,76.52,338.19,263.3,153.01,108,4.48,65.3,173.17,263.43,353.37,80.38,273.37,109.97,144.43,129.4,70.11,97.55,40.08,249.74,113.88,286.62,436.45,45.84,429.56,235.25,387.64,42.73,18.51,179.26,226.65,157.97,377.16,294.27,75.155,23.22,399.46,882.56,29.52,224.89,33.88,1550.69,53.03,177.92,177.67,77.87,5.98,142.12,370.32,531.2,331.5,36.97,214.01,115.03,61.07,163.75,105.27,209.23,201.3,58.72,20.61,1079.19,63.1,152.5,33.68,509.16,46.04,8.9,69.37,129.4,15.927,127.13,782.71,63.24,361.9,147.78,169.39,79.09,84.57,14.63,332.76,257.95,145.2,296.47,88.79,330.37,17.69,93.49,11.38,24.61,265.44,606,42.93,208.71,222.05,160.09,118.06,76.14,18.12,974.03,177.45,99.71,188.38,5.13,179.38,60.82,112.48,50.74,216.53,90.51,22.83,105.92,191.86,70.55,86.25,193.53,29.42,264.2,610.95,369.64,147.16,196.49,515.41,98.48,24.55,188.18,30.45,360,44.85,143.52,129.08,44.46,75.14,205.73,283.7,112.25,61.07,103.37,4.94,375.98,145.73,35.07,107.01,145.94,3.14,1008.02,74.76,361.88,107.79,84,1.21,85.76,41.94,89.35,47.9,144.21,47.03,152.85,67.71,15.28,47.78,59.99,267.77,308.61,49.13,25.6153,46.81,1519.96,414.5,214.37,83.45,58.95,73.275,199.24,71.73,153.22,24.46,36.12,380.96,29.58,73.57,94.98,350.63,71.9,900.28,47.07,132.73,161.66,371.08,124.05,89.4,335.76,336.71,88.27,980.75,1358.92,83.28,408.18,338.27,355.23,25,2.535,14.15,321.72,241.12,89.84,460.96,365.41,88.18,76.98,272.79,79.24,184.37,151.09,63.49,188.53,226.44,154.28,113.95,569.77,93.17,122.98,26.65,146.2,92.37,103.5,57.06,53.3,144.32,194.82,81.88,333.13,31.99,50.78,29.31,120.75,353.1,236.26,96.58,160.03,292.45,288.57,415.81,99.83,62.24,134.18,94.44,69.87,161.59,76.85,176.75,107.01,85.76,227.34,39.71,139.42,32.2,30.97,265.53,6.65,344.71,69.65,31.45,23.21,65.73,99.28,170.19,113.21,31.85,89.08,59.87,76.18,363.28,43.88,19.79,2.71,7.96,114.37,159.69,297.53,13.8,511.17,66.74,602.35,1210.02,569.2,72,215.68,106.22,252.35,11.39,15.44,184.43,563.32,62.56,381.12,10.05,271.52,55.07,71.37,888.56,483.24,321.1,64.99,87.54,681.16,1863.31,585.61,83.11,569.66,177.95,48.615,74.92,389.87,38.1,308.72,1248.76,130.36,54.49,197.59,163.4,203.13,390.54,93.33,39.4,283.11,739,148.22,88.46,91.34,270.38,73.63,44.81,4.76,43.22,535.05,8.41,115.76,124.23,335.74,173.23,59.57,253.82,14.04,256.02,190.01,133.61,9.735,240.98,92.67,65.54,222.79,90,36.84,136.91,82.58,78.86,6.8,218.31,117.74,90.63,31.3,56.03,69.25,42.55,314.15,12.59,54.99,168.92,133.87,17.71,88.32,77.75,67.84,143.5,25.15,146.1,219.99,951.07,24.44,249.43,19.47,145.47,123,198.44,248.49,102.28,6.37,111.83,35.7,329.44,206.81,133,561.14,58.35,16.18,155.68,661.73,115.51,4.96,132.24,215.98,7.3,50.13,323.58,177.99,7.78,695.42,64.59,98.985,195.48,13.22,135.57,18.24,16.33,58.6,82.81,214.29,251.96,403.62,215.73,36.2567,57.54,83.83,104.88,35.15,39.7296,62.37,37.8459,31.71,58.48,79.8459,215.25,9.47,180.92,18.52,3.31,186.29,104.14,173.3893,33.83,104.47,39.04,4.37,23.46,40.09,129.17,343.88,81.99,1.68,72.94,23.74,209.68,138.56,48.96,51.77,31.72,25.7,504.22,7.59,4.73,1015.89,282.9,373.69,248.68,96.05,15.25,465,112.55,235.61,419.64,10.54,77.54,524.01,729.46,67.55,88.82,252.34,48.36,764.43,48.26,61.19,74.97,352.25,40.34,85.32,23.94,47.68,1264.6,57.48,206.95,319.41,145.9,53.48,161.63,316.19,82.85,576.46,181.52,32.6,264.67,46.93,389.01,187.84,298.32,374.67,446.8,246.43,188.25,85.47,46.32,271.3,119.42,71.2,69.57,522.87,148.27,420.57,292.19,104.56,37.52,1055.11,13.07,62.82,102.35,129.31,28.42,10.74,368.73,227.21,379.82,236.08,165.14,138.7,108.2,311.32,27.13,337.87,301.32,283.92,100.66,184.81,193.47,223.04,483.33,70.19,29.96,142.81,152.22,360.42,97.72,219.8,82.07,82.39,23.42,47.22,25.64,462.04,111.29,241.08,83.87,236.6,70.13,114.22,109.46,15.09,147.91,78.75,104.68,51.74,109.51,58.65,56.68,176.66,166.57,87.36,45.96,44.91,166.24,111.61,156.75,172.04,13.06,68.7,199.38,91.4,449.41,82.18,22.08,153.77
2026-07-30,90.11,333.43,257.41,152.08,105.61,4.74,78.65,163.29,247.9,366.67,80.61,263.87,108.75,150.75,127.78,73.25,97.62,41.99,299.69,117.76,205.48,501.77,45.15,485.39,240.01,387.64,48.26,20.66,174.46,235.5,171.02,366.57,300.2,79.91,27.97,403.87,872.58,30.35,241.54,34.27,1651.44,58.44,181.9,174.26,82.33,6.24,146.57,387.84,525.3,337.52,46.94,220.9,116.32,61.73,207.12,107.48,207.93,193.24,59.9,22.46,1098.37,64.86,156.08,34.9,509.68,46,11.1,72.88,128.07,16.671,132.32,809.14,63.03,350.15,149.46,203.07,76.51,88.23,15.4,332.82,263.56,142,287.66,90.02,372.07,22.655,91.6,11.63,23.67,267.22,632.98,42.15,210.14,249.06,163.58,119.03,79.5,21.81,954.17,201.08,96,180.71,5.56,185.22,73.9,113.56,50.19,206.79,89.34,22.67,105.22,192.31,69.73,88.59,197.53,29.32,268.56,599.47,404.81,145.53,196.17,521.51,96.16,23.72,193.19,30.09,352.25,52.34,141.7,126.27,44.17,74.54,209.86,279.34,109.66,63.59,106.24,5.18,376.4,148.64,37.38,117.11,145.51,3.61,1047.53,73.84,386.89,108.03,83.25,1.3,86.92,42.88,93.29,48.68,161.21,45.58,148.21,69.65,14.86,46.66,63.44,267.85,308.55,48.71,25.98,46,1697.84,439.33,221.36,105.38,58.82,78.42,206.01,68.92,154.25,24.34,36.52,382.2,31.97,76.78,99.04,355.04,69.94,981.98,49.89,131.28,168.52,377.16,135.22,88.4,333.68,333.66,86.84,1024.86,1355.49,83.3,395.79,333.35,354.17,27.04,3,14.93,322.02,241.91,86.6,473.69,366.66,108.27,76.29,277.28,79.47,186.89,147.62,63.53,189.96,221.74,156.27,113.1,558.8,93.21,124.38,27.16,152.89,93.31,102.46,56.75,52.74,145.5,205.09,91.13,315.5,35.77,50.78,38.26,124.64,352.97,238.13,95.47,162.65,283.7,292.59,422.43,99.64,62.56,134.77,95.46,68.82,163.24,75.34,179.22,105.67,84.88,236.96,40.39,143.88,32.31,31.68,255.82,7.24,350.85,69.48,31.57,23.62,64.42,100.98,180.33,110.19,31.66,88.49,57.86,75.9,366.85,46.17,19.31,2.89,8.12,112.41,176.75,271.9,13.49,508.64,69.81,693.24,1154.97,574.11,70.89,210.08,106.41,297.72,12.25,15.55,183.56,577.35,63.92,375.48,11.82,268.44,55.5,75.01,865.51,482.26,325.88,63.08,85.71,687.19,1885.73,539.03,85.38,540,176.07,48.825,67.94,419.25,41.66,314.08,1316.18,129.79,57.92,191.51,183.3,210.06,451.1,97.74,39.31,298.77,874.66,188.43,87.93,95.76,283.39,73.17,45.07,4.84,42.29,534.85,9.09,110.07,133.97,333.93,173.98,59.26,269.66,14.49,257.04,195.04,144.8,11.01,245.16,96.9,64.43,212.47,89.07,41.09,140.42,79.61,83.74,7.58,250.52,127.56,87.36,35.53,55.95,75.06,44.03,325.68,12.37,56.1,161.52,133.76,17.78,87.44,77.55,67.05,140.2,24.91,143.96,213.28,962.79,24.43,248.63,20.22,146.19,122.26,192,248.71,101.32,7.28,112.03,35.56,317.45,210.6,138.64,657.98,57.65,17.98,151.6,683.55,116.73,5.23,140.31,218.92,8.02,48.67,321.94,178.04,8.47,738.34,66.45,96.1,203.04,14.86,133.25,22.12,16.83,64.68,89.58,208.56,252.57,401.02,215.38,35.5288,57.1,83.58,105.31,34.91,39.7,62.35,37.08,31.09,60.08,79.51,214.38,9.52,192.17,18.4,3.49,181.9,105.85,182.8063,33.41,104.33,41.76,4.81,23.41,48.77,122.4,344.84,82.01,1.84,76.19,24.95,255.1,140.03,48.91,53.5,31.63,27.73,538.9,8.6,4.69,1279.96,298.1,372.33,252.12,94.34,16.47,504.53,112.2,230.44,415,11.36,76.38,522.61,741.69,68.43,89.58,252.5,53.06,851.68,47.52,62.48,77.17,348.04,42.94,84.71,23.21,49.84,1249.91,62.49,206.58,365.49,144.51,53.53,159.26,332.54,82.8,576.77,173.34,32.85,268.34,47.54,375.99,211.16,308.85,403.31,440.28,247.43,190.94,91.33,49.43,278.76,123.56,70.37,83.23,533.23,145.51,421.47,289.46,105.27,39.72,1068.63,14.65,62.9,100.55,127.48,28.14,11.71,366.27,228.3,380.98,231.37,166.28,139.42,113.58,307.15,26.31,341.98,311.71,271.24,99.49,179.77,192.58,227.5,481.7,77.6,33.79,148.62,155.45,366.27,91.92,220.54,84.27,84.77,21.82,46.11,25.47,533.04,110.05,235.63,85.43,226.33,70.91,111.1,113.38,17.82,151.46,78.23,104.52,51.64,106.58,58.96,57,178.39,175.73,85.47,45.3,44.66,163.52,112.39,156.97,174.87,12.98,69.74,199.26,90.58,483.04,82.59,21.37,148.39
2026-07-31,94.32,308.91,250.94,151.52,105.7,4.64,78.47,165.92,250.41,367.41,79.27,266.46,109.61,145.27,127.85,71.51,97.37,42.29,311.23,117.64,205.52,507.67,44.88,476.15,241.71,385.16,49.87,21.07,173.36,271.58,180.35,360.55,294.89,80.35,27.39,395.9,853.82,30.6,239.69,34.2,1629,58.98,187.44,172.78,79.32,6.45,149.37,389.28,527.76,336.25,60.43,216.14,122.25,61.95,205.81,111.11,202.95,192.9,60.49,23.05,1090.39,65.31,156.33,35.22,511.54,46.73,10.52,59.71,127.75,16.98,132.45,814.81,63.19,350.68,146.81,198.71,76.3,86.38,14.91,340.02,262.75,144.98,279.05,91.83,377.05,22.32,91.3,11.52,23.96,267.79,634.2,42.04,209.01,262.89,146.26,120.48,78.86,20.72,951.89,206.99,95.01,184.02,5.49,190.86,71.77,115.99,50.4,204.63,78.71,22.37,104.43,196.83,69.17,87.44,196.16,29.45,267.97,592.67,405.37,143.06,194.98,524.32,96.19,23.48,188.52,30.29,347.44,50.37,141.87,125.43,45.13,83.45,213.7,277.63,108.85,64.09,105.58,5.13,375.84,149.82,37.54,119.05,148.69,3.38,1019.28,71.59,415.2,107.62,83.01,1.24,86.07,42.85,92.39,48.41,157.1,45.82,148.04,69.57,14.68,47.71,62.63,274.79,307.4,48.31,25.57,44.77,1729.69,435.41,212.92,106.2,58.23,79.79,211.03,71.66,161.95,24.33,36.5,383.42,32.74,74.1,95.39,360.07,68.02,990.29,49.99,130.21,166.72,371.54,138.25,88.86,356.65,356.13,84.08,1018.38,1382.22,82.54,402.59,331.96,356.36,27.77,2.83,14.12,320.49,243.05,86.56,472.55,363.86,107.63,77,282.26,79.48,186.26,147.16,63.56,186.41,223.65,152.48,112.39,559.07,92.95,126.08,27.74,153.51,94.58,101.62,56.38,52.51,145.46,205.1,90.2,316.07,36.44,49.98,36.8,122.32,353.33,239.66,94.34,163.61,286.95,291.2,424.87,101.14,63.14,134.65,95.52,68.34,163.92,74.72,175.7,105.09,84.89,238.04,41.14,146.66,33.01,31.28,256.35,7.15,351.79,69.65,31.12,23.1,64.24,101.43,182.82,109.31,32.18,87.59,57.74,76.06,341.12,46.6,19.24,2.87,7.38,115.6,176.93,277.06,13.63,478.38,69.22,713.94,1148.84,582.74,70.78,207.81,106.25,293.02,12.34,15.86,174.13,573.1,65.96,372.83,11.32,270.64,55.8,74.29,856.19,478.38,337.48,62.31,85.39,686.32,1877.95,556.71,86.33,525.14,176.28,48.19,68.33,389.85,41.37,316.47,1426.03,130.2,54.82,189.69,187.56,210.42,464.72,93.28,39.41,299.59,823.03,190.41,86.92,93.71,278.98,71.71,44.43,4.88,41.71,542.48,9.14,111.23,134.29,335.48,178.5,59.01,267.76,14.33,257.29,200.75,153.83,10.86,229.16,89.87,63.87,212.14,90.81,38.83,141.93,78.7,81.61,7.49,258.58,129.87,89.35,39.01,57.07,77.17,43.11,331.83,12.76,56.36,163.96,132.68,17.38,88.56,76.68,66.87,139.56,25.01,144.49,211.42,976.53,24.01,245.84,20.48,144.61,123.06,190.82,249.87,100.99,6.99,110.52,35.21,324.17,211.68,136.64,667.36,57.21,18.08,147.61,687.99,117.07,5.22,141.25,219.32,8.1,35.6,318.3,140.67,8.62,762.63,65.97,96.11,198.35,14.95,133.65,20.17,15.22,64.95,91.03,210.98,251.07,406.1,215.01,35.57,56.83,83.3477,106.84,34.76,38.945,62.68,37.0665,30.8847,60.42,78.89,215.22,9.81,187.53,19.06,3.58,180.98,105.25,180.5435,33.47,105.24,41.2,4.78,23.59,48.25,117.15,340.85,82,1.76,73.75,24.09,253.6,143,49.59,52.36,32.52,28.4,540.53,8.42,4.69,1214.83,293.28,388.76,255.7,94.54,16.31,504.89,108.37,229.37,411.93,11.46,76.23,499.94,747.03,67.06,88.55,251.26,52.39,856.13,45.97,62.28,75.79,325.7,43.05,85.24,23.25,49.33,1254.38,60.24,205.69,367.69,144.49,52.03,157.34,334.1,82.25,574.3,172.71,32.27,270.37,47.45,374.36,219.67,311.21,404.25,454.95,242.92,197.35,91.55,47.27,275.74,121.33,70.36,83.31,556.52,145.73,414.4,292.13,104.22,39.07,1079.26,14.95,63.01,100.59,129.17,28.17,11.44,366.13,222.87,391.3,230.43,167.97,139.23,113.15,304.81,26.35,344.44,312.9,268.57,98.95,181.78,191.22,241.57,477.1,76.93,34.22,148.19,155.86,368.21,93.51,219.95,85.2,84.59,21.25,46.81,26.3,544.84,109.42,234.44,86.45,226.55,71.54,111.2,109.03,17.66,147.01,78.2,103.69,50.43,108.24,59.55,56.94,179.84,175.35,85.05,45.07,44.35,162.55,116.09,155.44,177.4,13,68.06,200.97,89.78,487.47,81.24,21.6,151.2
2026-08-03,110.21,303.42,245.1,150.64,107.12,4.84,78.64,165.76,251.34,361.88,78.06,269.78,109.5,147.42,128.32,75.63,97.26,43.62,321.05,118.71,220.33,518.21,46.02,484.64,243.77,378.87,50.84,22.73,173,284.02,184.89,357.63,292.94,81.67,29.49,406.16,830.79,31.59,239.06,33.92,1642.52,63.52,193.12,172.89,81.61,6.79,159.18,392.23,575.88,344.72,68.67,233.49,127.3,62.48,218.32,113.06,201.82,192.71,60.81,23.9,1126.63,65.47,156.2,35.93,513.14,48.43,11.37,60.465,134.68,18.372,133.57,830.03,63.9,348.23,148.43,219.97,76.74,89.72,15.56,336.15,273.71,144.1,282.06,93.91,390.76,24.16,89.88,11.22,24.56,266.17,648.85,41.92,217.68,288.14,146.5,119.16,79.36,22.83,954.08,218.35,98.59,185.95,6.38,202.54,85.76,115.86,49.83,204.01,76.04,22.86,105.37,193.18,68.75,91.59,200.5,28.88,273.6,605.06,429.02,146.66,197.5,531.22,98.14,23.5,191.22,29.89,364.41,51.13,141.72,124.28,44.57,87.31,225.3,279.43,107.95,64.32,106.02,5.42,382.77,154.85,39.35,125.2,145.68,3.75,1031.44,71.95,438.23,108.06,83.23,1.27,88.82,43.38,92.91,48.23,160.24,45.63,149.73,70.23,14.43,48.11,63.64,282.85,309.24,48.43,26.26,44.78,1770.96,455.94,214.62,108.8,58.7,82.4,232.73,69.19,163.21,24.63,36.46,382.43,32.7,76.05,98.67,368.93,69.73,1006.76,50.01,131.15,170.87,371.71,146.64,87.68,372.47,373.51,86.19,1027.06,1371.25,82.27,406.61,340.02,360.44,30.82,2.89,14.43,314.34,246.77,90.34,476.04,374.5,112.08,77.76,286.34,79.31,187.32,147.21,64.315,185.91,226.31,151.8,112.52,567.84,92.82,124.11,27.52,156.88,97.42,100.62,56.85,54.21,147.86,198.16,91,318.39,38.85,50.76,39.75,124.08,375.41,246.08,97.01,166,288.49,296.22,431.06,102.62,62.47,135.92,96.43,68.24,166.73,74.2,177.6,105.23,85.88,243.68,41.87,146.39,33.02,32.67,254.41,7.38,352.64,70.52,30.91,23.43,64.67,106.56,182.75,107.56,31.4,86.86,58.22,77.06,312.57,49.21,19.01,2.98,7.7,118.72,184.76,277.86,13.12,480.46,69.41,779.89,1121.36,586.29,71.27,212.06,106.11,294.61,13.1,16.38,181.69,570.97,68.38,346.83,11.75,265.23,55.9,75.22,827.14,483.36,357.97,61.73,86.68,694.09,1898.79,590.24,88.25,542.27,177.23,46.775,68.26,395.88,43.84,307.03,1344.37,127.77,55.14,192.84,193.775,211.23,487.65,94.86,40.54,301.78,829.5,212.58,86.55,95.37,282.74,73.33,44.53,4.81,42.64,548.47,9.36,114.19,138.47,336.65,182.92,61.06,270.36,14.44,261.28,206.64,159.41,11.52,224.17,90.67,63.48,211.52,88.24,41.22,141.57,79.27,80.4,8.37,268.49,141.85,89.76,42.48,55.47,80.14,43.73,347.13,13.05,57.54,168.67,132.06,17.43,90.15,76.62,66.81,139.63,25.03,144.97,210.46,997.52,24.16,251.09,21.53,144.15,125.65,187.41,251.72,100.81,7.36,114.01,35.2,325.9,206.19,132.28,680.2,57.87,19.98,151.57,700.07,118.58,5.34,145.99,221.74,8.74,36.67,324,154.71,9.64,759.24,67.63,96.02,202.04,16.02,131.71,21.42,15.355,70.43,92.21,215.19,252.91,409.39,217.11,36.1692,57.43,84.08,105.36,35.1,39.34,63.8,37.2301,30.88,61.3,78.98,216.65,10.43,182.45,20.05,3.955,179.54,103.37,183.7055,33.56,105.87,45.12,5.65,23.86,52.38,117.01,354.22,81.77,1.99,75.79,24.83,251.52,147.98,49.31,52.46,31.93,28.64,545.46,9.01,5.04,1288.03,307.53,392.07,253.82,92.94,18.03,507.68,114.53,229.16,416.25,12.28,76.21,486.33,757.67,67.03,87.73,258.38,52.19,831.06,46.88,61.29,77.84,341.2,45.85,84.98,23.59,51.24,1285.56,60.2,204.97,365.8,149.35,46.17,157.5,344.49,82.19,574.03,177.09,32.79,264.6,48.02,373.82,234.32,322.08,406.11,461.21,245.15,196.59,101.06,47.01,269.04,128.39,71.61,89.17,548.66,147.04,415.36,291.23,106.87,40.81,1115.92,15.86,63.94,99.67,122.12,28.17,12.15,365.67,226.17,399.66,230.1,165.87,140.51,115.14,304.52,26.54,351.63,307.54,283.59,99.07,188.05,191.55,263.05,470.72,81.29,35.4,155.94,157.61,373.84,90.85,221,87.08,85.02,21.08,47.36,26.09,527.22,109.28,233.1,87.89,226.43,70.43,110.71,111.86,18.83,147.31,77.69,106.36,51.01,111.34,58.79,57.38,183.16,178.04,84.86,45.18,44.36,162.24,118.21,155.06,174.28,12.37,68.23,197.01,91.46,495.16,82.09,22.56,154.46
2026-08-04,131.63,309.38,243.8,149.92,105.46,5.31,82.51,170.43,257.49,380.29,79.87,270.62,109.44,150.61,128.35,78.12,97.66,45.3,361.67,120.82,219,546.62,47.14,518.58,254.05,390.02,55.87,27.94,175.25,277.42,190.51,356.65,294.71,85.665,31.27,419.7,844.5,33.2,280.56,34.35,1711.89,70.31,200.15,172.65,81.5,7.23,169.02,418.16,607.2,346.71,65.27,237.16,128.99,62.9,228.11,112.58,208.45,194.27,61.73,25.41,1131.13,65.89,156.82,37.09,517.22,49.09,11.38,62.77,137.2,19.011,136.87,876.54,64.35,348.3,151.05,227.15,77.66,93.09,16.21,340.62,267.25,153.07,274.05,97.94,411.13,20.38,92.53,12.31,24.93,262.63,635.96,41.58,221.91,323.73,150.73,117.94,83.99,22.81,947.85,237.92,98.84,190.99,6.78,211.22,91.9,121.74,51.03,203.65,78.31,23.1,104.42,190.4,69.22,92.77,202.37,28.31,288.15,617.37,467.27,150.37,194.78,540.43,98.18,23.61,193.89,30.33,367.63,54.89,141.72,124.27,44.05,86.94,218.25,283.14,108.41,66,107.32,5.5,378,158.84,41.77,144.56,143.52,4.35,1051.53,72.7,444.77,108.86,83.84,1.38,89.6,43.84,94.61,48.34,171.14,45.84,149.86,71.1,14.24,49.71,67.3,288.08,313.34,48.28,26.7382,44.26,1775.86,531.03,218.86,120.3,59.08,86.22,243.63,70.02,168.29,24.88,36.31,385.76,33.37,77.92,101.92,377.28,70.26,1018.53,52.02,135.25,170.53,374.16,159.89,88.31,375.35,377.65,88.25,1052.98,1300.45,83.23,400.73,348.24,367.66,32.16,2.91,15.39,312.07,248.79,93.51,502.24,362.16,101.16,78.52,288.2,79.55,189,147.4,64.98,190.15,235.15,149.2,111.87,588.09,93.25,122.98,28.22,163.59,102,101.24,56.46,54.11,150.41,203.01,100.86,323.6,41.72,51.68,40.85,125.51,368.265,250.65,99.49,169.09,295.06,301.71,439.06,102.86,62.25,137.08,97.36,68.24,169.86,74.61,181.78,105.12,87.85,253.55,43.35,153.62,32.97,33.4,254.93,7.97,357.52,71.3,31.1,23.6,64.72,108.21,195.45,111.57,31.38,86.56,57.79,77.84,324.77,51.87,19.55,3.08,7.78,130.6,189.24,285.3,12.86,484.64,71.69,849.47,1115.68,589.33,70.66,218.08,106.76,317.74,13.96,16.73,183.7,571.1,68.96,345.2,11.75,268.34,56.09,80.67,830.43,483.67,380.04,62.08,86.2,706.48,1888.5,587.94,90.42,555.82,181.45,47.09,68.07,408.79,47.47,312.61,1335.03,128,56.99,191.45,218.59,217.04,492.81,97.65,41.24,313.35,892.67,225.74,87.2,97.73,301.33,73.57,44.53,4.76,41.53,551.55,9.92,118.14,117.04,341.27,190.46,61.5,275.19,14.33,274.04,211.94,162.24,12.69,237.6,98.44,62.9,219.32,87.65,43.33,147.82,81.81,80.78,8.86,287.6,145.74,91.83,47.84,55.09,83.92,44.91,366.34,14.1,58.58,175.3,135.96,17.45,91.03,76.27,67.23,139.1,25.41,148.01,210.75,992.65,25.58,255.48,22.83,139.05,162.66,186.91,254.14,101.45,8.57,117.8,35.18,326.49,205.89,135.81,693,58.54,21.83,162.67,723.85,121.99,5.69,152.94,224.83,9.23,37,325.74,159.97,10.63,760.66,71.52,95.72,206.03,17.45,128.2,21.56,15.76,74.48,100.55,223.14,251.06,414.91,220.23,36.5761,57.61,84.8188,104.91,35.21,40.11,65.1,37.2006,31.14,64.66,78.27,217.93,11.03,193.46,20.98,4.49,187.9,104.97,192.8458,33.85,106.35,48.76,5.69,24.12,55.52,123.3,361.57,81.87,2.23,78.59,26.11,268.49,153.43,50.81,53.84,31.05,31.69,575.71,9.49,5.79,1427.62,316.77,403.86,263.79,93.25,18.7,542.21,125.33,225.9,412.53,13.48,76.39,478.17,771.33,68.58,86.65,265.1,54.22,845.35,48.52,66.79,79.08,335.96,47.46,82.79,23.38,53.37,1275.05,64.74,216.82,403.56,148.11,48.735,157.55,340,82.82,564.75,177.21,33.81,262.98,48.49,377.15,239.53,327.35,417.17,472.24,240.22,194.05,99.445,47.86,283.63,132.62,71.99,84.54,560,148.33,407.55,296.35,109.11,42.49,1150.13,17.275,64.23,99.04,115.78,28.16,12.86,369.59,231.14,401.13,231.38,165.25,141.76,120.15,304.99,26.59,358.35,308.73,285.1,98.92,189.77,190.54,269.93,478.705,86.16,38.85,143.23,160.45,380.82,90.85,223.87,89.09,86.45,21.27,46.88,25.79,548.56,109.25,231.57,88.39,225.25,71.51,111.55,115.41,18.88,151.88,77.75,109.61,52,112.04,58.52,57.88,186.4,186.9,85.37,45.17,44.11,162.1,118.29,153.96,171.95,12.05,69.8,203.29,92.35,525.55,84.64,24.26,163.22
2026-08-05,128.56,311,246.2,152.49,105.71,5.2,79.9,170.73,259.32,377.69,77.58,270.09,108.95,165.45,126.47,78.47,97.71,44.57,318.43,118.84,228.72,534.24,47.75,482.05,254.76,407.83,53.86,25.66,168.07,272.65,197.31,359.97,295.09,86.12,29.87,417.8,867.94,32.58,274.58,34.52,1678.22,68.38,205.11,172.2,88.6,6.69,168.06,418.28,609.49,348.99,68.61,240.19,128.53,63.25,234.33,111.11,206.63,207.02,61.67,25.18,1133.58,63.63,158.74,37.3,518.85,47.74,11.06,63.02,136.03,18.303,137.64,871.08,64.13,352.54,151.16,214.3,73.84,94.27,17.43,337.07,265.12,153.17,270.5,97.57,408.83,18.71,93.28,12.65,24.75,264.78,650.25,40.65,221.63,328.22,149.89,115.04,86.72,21.77,941.99,224.63,100,192.98,6.68,209.86,89.89,121.5,51.12,201.4,78.67,22.89,99.12,186.41,68.27,93.14,207.27,28.48,283.17,612,462.7,151.45,199.66,542.81,101.76,21.76,194.93,29.67,366.61,53.74,139.66,123.34,42.09,82.66,225.97,285.47,108.32,65.72,107.43,5.35,391.24,162.47,38.95,145.55,134.23,3.82,1056.2,72.47,447.28,106.86,83.06,1.3,88.97,43.64,95.16,48.37,169.14,45.76,150.04,71.02,14.13,49.99,69.39,287.38,310.72,47.79,26.4166,42.84,1737,522.22,226.55,114.44,58.68,84.52,236.8,69.27,164.13,24.72,36.08,384.08,32.67,83.68,109.48,381.22,70.24,1017.96,49.46,131.76,170.93,389.64,156.7,89.16,360.13,362.43,87.48,1060.38,1285.07,83.59,409.64,353.14,366.8,31.65,2.84,16.54,324.56,248.12,92.8,513.58,363.82,92.76,78.32,291.42,79.52,189.95,148.16,64.91,191.8,235.92,149.84,110.74,584.78,93.31,118.6,27.71,162.17,101.31,102.46,56.55,53.72,148.94,199.87,101.06,327.94,39.93,51.53,38.89,127.13,375.2,252.28,100.88,168.62,297.32,299.77,437.72,102.98,60.91,137.45,97.58,69.1,169.8,74.75,185.53,105.14,86.77,251.27,42.97,153.65,32.54,33.53,257.59,7.8,359.24,71,30.75,25.7,64.87,105.65,192.8,112.37,31.12,86.83,56.68,77.34,325.78,55.34,19.67,3.09,6.7,126.85,187.63,286.12,12.81,491.05,72.65,826.26,1169.86,577.6,70.2,219.94,106.74,307.42,13.99,16.48,183.52,570.48,68.42,361.31,11.24,274,56.01,77.79,877.23,483.98,376.36,62.6,85.99,701.98,1922.57,588.77,90.07,553.37,182.08,47.23,68.44,408.57,47.91,297.75,1345.455,128.33,56.255,191.47,211.02,218.27,487.46,98.37,38.15,309.98,893.19,218.99,85.91,104.29,292.96,74.2,42.91,4.65,42.45,557.47,9.58,117.22,120.73,341.74,186.6,60.96,274.62,14.48,274.74,219.22,162.04,12.35,231.15,99.81,62.7,215.45,87.24,42.99,147.04,81.71,76.91,8.87,276,144.39,93.44,45.12,53.81,83.74,48.24,362.66,13.82,58.65,174.8,133.34,17.2,90.94,75.54,67.49,138.78,25.81,146.8,212.76,996.9,23.36,256.01,22.35,140.76,158.43,188.93,255.37,101.5,8.09,119.13,34.95,327.34,202.55,137.32,682.99,57.93,21.39,157.53,717.3,121.08,5.52,149.99,224.83,8.88,36.19,327.42,155.26,10.72,768.58,72.46,96.6126,215.09,16.78,127.62,21.5,15.56,74.82,97.3,224.03,253.22,421.08,219.73,36.2022,58.21,84.8378,102.515,35.24,40.48,65.04,37.186,31.08,63.91,77.56,222.31,10.49,197.3,21,4.82,178.4,106,194.664,33.64,108.02,33.9,5.66,24.03,57.02,144.24,369.68,81.9,2.07,83.77,27.75,246.65,153.48,49.91,56.07,29.02,30.32,569.7,9.38,5.33,1350.5,316.84,400.82,263.07,93.1,18.25,530.7,108.27,224.81,410.03,12.9,76.33,482.23,769.79,70.05,84.66,265.96,52.77,837.66,48.47,66.99,79.25,337.03,46.52,84.21,23.06,51.27,1254.71,66.05,218.02,389.39,147.7,49.88,159.92,329.84,83,577.83,173.46,34.8,260.11,48.52,382.45,211.14,321.55,414,483.58,234.91,193.22,115.01,47.46,277.72,132.76,68.18,80.2,569.12,146.81,412.75,295.54,107.7,42.89,1162.04,17.16,64.21,100.49,114.88,28.09,12.44,368.54,234.83,401.08,231.23,161.57,142.02,119.72,308.54,26.4,358.04,302.39,286.77,98.92,186.48,188.61,277.94,484.83,81.03,33.18,140.58,160.17,379.65,92.53,223.99,88.73,86.51,20.51,46.47,25.97,519.17,108.26,237.25,89.17,224.31,71.81,112.34,122.82,18.07,153.01,77.2,110.88,52.64,110.87,57.31,58,186.35,185.91,85.33,45.2,43.66,164.16,118.64,151.63,165.19,11.75,70.02,200.18,91.42,509.13,84.2,27.07,161.65
2026-08-06,124.22,312.41,243.87,151.64,107.96,5.23,78.98,171.11,260.24,377.31,77.51,273.51,108.27,167.92,125.26,76.58,97.43,44.14,331.5,125.42,216.12,527.48,47.06,489.28,251.38,404.85,54.16,25.55,171.2,272.26,192.32,360.75,299.92,85.305,28.86,335.67,875.3,33.01,286.68,34.71,1704.37,67.36,223.43,171.98,87.59,6.78,171.12,420.565,522.46,342.6,75.17,232.19,126.81,63,228.96,109.33,206.28,207.39,62.75,27.79,1129.3,64.15,158.82,36.94,524.61,49.3,10.52,60.6,133.45,15.825,133.82,856.96,63.71,354.03,147.45,211.3,74.92,93.62,15.65,338.42,261.1,157.44,275.25,96.39,403.76,18.21,93,12.23,25.17,264.32,643.98,40.67,220,334.22,145.41,116.76,86.09,21.05,949.15,230.43,97.66,186.77,6.55,207.39,85.33,120.88,50.7,202.15,76.86,22.71,96.22,189.23,66.8,91.98,213.26,28.86,229.29,614.84,437.65,146.01,199.98,538.19,104.68,22.17,192.56,30.3,358.43,51.44,139.97,123.9,43.11,83.02,227.27,283.46,108.95,65.02,107.36,5.33,391.4,156.91,39.67,142.65,136.2,3.94,1052.86,72.06,448.19,106.49,83.02,1.26,89.32,43.52,95.15,48.3,164.12,45.32,149.54,71.03,13.79,50.8,68.18,283.46,315.87,47.37,26.0732,42.81,1713.6,543.95,231.08,115.21,61.79,83.04,244.14,69.62,160.11,24.4,35.95,386.92,31.84,83.92,109.4,374.55,70.31,1000.3,50.36,130.86,170.99,389.67,157.18,86.94,356.62,357.75,87.69,1032.58,1282.58,85.76,408.89,349.52,363.29,29.66,2.76,15.86,321.98,240.74,90.71,507.73,367.24,90.65,77.35,289.72,79.46,187.05,149.49,64.26,192.97,233.43,149.75,110.29,590,92.95,119.84,28.32,161.68,99.42,102.47,55.99,54.11,147.82,193.72,99.81,321.91,39.72,51.31,37.93,121.96,373.71,249.99,98.47,168.34,294.7,298.25,436.96,102.64,61.91,136.8,97.04,69.24,168.49,74.55,184.42,104.19,86.25,250.59,43.4,154.55,32.81,32.64,256.98,8.23,356.3,70.15,30.37,25.62,65.15,103.35,193.22,108.66,31.28,86.85,57.32,76.49,322.69,57.41,19.18,3.02,6.98,135.26,178.03,289.53,12.69,490.11,72.41,838.06,1191.94,582.85,69.52,218.4,106.36,305.77,14.93,16.3,181.77,575.95,68.58,359.67,10.65,276.26,55.905,74.36,871.38,473.13,370,62.75,85.92,699.57,1830,589.9,90.01,538.28,180.71,47.08,67.75,411.13,47.49,299.25,1359.08,128.37,53.86,193.29,210.54,213.75,499.86,96.85,36.61,308.17,881.47,189.88,84.6,105.43,284.43,73.69,43.38,4.6,42,567.74,9.43,117.35,119.05,342.46,191.48,60.12,265.38,14.12,272,218.99,163.3,12.4,231.78,98.43,62.36,211.41,87.93,42.19,143.51,82.51,78.33,8.74,268.7,143.47,93.37,45.58,56.04,87.26,48.05,359.49,14,58.35,215.97,132.06,17,90.85,75.04,66.57,138.44,26.2,146.97,215.34,1069.8,23.33,252.75,22.72,139.14,155.92,188.05,252.76,100.82,8.53,117.16,34.62,327,205.52,146.18,667.84,59.78,19.405,160.39,714.65,120.03,5.53,149.24,224.97,8.775,36.04,320.55,150.87,11.83,772.11,73.42,95.97,218.11,16.53,124.23,21.21,15.38,75.67,97.68,223.24,254.31,418.13,218.58,36.545,57.77,84.482,103.86,35.13,40.09,64.36,36.6291,30.985,63.48,77.21,223.25,9.38,197.81,20.76,5.04,182.6,105.16,190.7411,33.7,107.66,32.67,5.68,23.55,52.15,147.44,363.42,81.8,2.09,83.26,27.48,267.43,150.59,51.54,55.85,28.7,29.38,571.48,9.47,5.22,1258.58,318,405.98,259.21,92.9,18.1,532.52,114.92,221.83,405.24,13.38,76.26,475.07,768.56,72.45,84.35,261.48,53.28,852.95,46.93,66.84,78.67,337.43,39.6,84.35,23.71,51.25,1262.07,66.12,215.08,384.89,147.08,49.55,162.06,338.31,82.52,580.02,179.97,34.72,268.23,47.91,386,224.7,319.53,418.2,478.66,232.47,193.2,109.08,45.6,278.4,129.12,70.47,83.14,567.22,145.13,403.97,295.38,103.2,43.2,1162.66,17.41,63.81,106.97,118.87,28.19,12.9,370.47,232.97,397.38,230.79,164.12,141.39,119.6,309.02,26.54,355.45,302.99,281.63,98.04,186.32,187.64,275.17,484.03,81.99,32.78,141.38,159.92,379.07,92.26,223.37,88.68,86.32,20.23,46.99,26.4,451.52,107.97,236,87.59,229.01,71.76,112.07,125.3,17.615,154.5,76.97,108.81,52.17,111.18,58.16,57.81,184.76,185.33,85.11,44.81,43.38,164.45,118.1,154.84,167.05,11.68,70.34,196.35,89.85,520.42,79.02,25.56,162.6
2026-08-07,135.63,313.33,246.04,178.07,107.81,5.59,83.8,175.72,265.21,389.93,76.59,271.32,108.84,178.82,125.73,75.25,97.6,45.34,334.17,131.11,219.2,539.14,47.86,483.36,253.66,410.945,55.27,25.65,172.54,274.48,188.67,358.3,303.44,84.59,29.22,346.8,865.04,34.27,282.57,35.12,1740.99,71.94,227.84,170.19,96.22,7.06,186.73,427.76,571.01,340.91,88.58,234.42,128.41,63.17,219.34,109.71,207.94,214.42,61.55,29.16,1136.39,64.72,157.61,37.61,521.8,49.31,10.88,62.43,137.13,16.131,135,842.19,63.41,350.31,148.18,226.73,75.59,97.39,17.39,339.24,269.89,152.57,282.49,97.85,412.39,17.18,93.27,12.26,25.36,263.66,644.26,40.68,217.76,379.13,153.6,117.61,88.03,21.01,947.82,249.89,100.48,192.74,7.25,214.42,90.67,121.43,50.27,203.05,76.83,22.66,95.7,186.56,67.39,91.34,216.26,28.91,233.93,620.83,453.77,151.08,204.76,539.62,104.91,24.03,193.8,29.34,350.95,50.6,139.87,124.85,42.98,84.75,225.2,285.17,107.98,65.64,108.55,5.74,394.2,158.26,41.87,152.08,134.74,4.15,1042.62,72.33,448.68,107.18,83.38,1.36,89.72,44.02,96.9,48.64,166.09,45.61,149.54,71.57,13.98,51.84,69.62,289.38,318.57,47.47,26.0236,42.77,1694.55,562.38,238.65,117.39,64.03,89.52,250.05,69.62,159.64,24.24,36.17,392.05,31.98,89.89,117.62,370.08,71.77,990.32,53.93,133.21,180.02,398.47,165.68,87.58,353.47,354.3,86.12,1039.61,1277.55,103.12,413.36,355.62,367.58,31.59,2.84,16.85,317.6,246.21,93.29,513.99,385,88.59,77.6,281.88,79.61,188.25,148.08,64.24,197.71,237.28,150.3,110.95,586.67,93.17,119.28,28.09,163.72,102.69,102.47,57.07,54.38,148.93,187.96,101.65,325.25,44.43,50.5,41.23,121.15,378.81,250.75,101.14,169.58,296.66,301.56,440.29,103.91,61.23,136.86,96.84,70,168.38,74.45,188.46,104.69,87.23,254.05,43.6,152.21,32.97,32.54,259.24,8.64,357.52,69.97,30.01,27.64,64.56,102.81,198.11,109.68,30.85,87.05,56.73,76.21,326.45,60.77,19.23,3.23,7.04,137.57,191.37,286.67,12.95,489.98,74.01,890.17,1185.71,587.95,69.37,223.35,106.55,311.35,16.4,17.46,180.66,562.95,69.14,353.91,10.09,274.48,56.57,84.69,869.58,477.75,398.8,62.61,87.16,709.16,1820.69,592.1,90.79,548.57,182.9,45.18,68.35,403.11,51.11,298.2,1401.54,128.58,59.17,191.65,218.72,216.33,499.99,100.01,37.26,309.32,877.57,187.97,84.65,112.98,300.27,74.14,42.61,4.74,41.7,571.58,9.36,124.88,118.13,334.36,189.52,62.67,322.1,13.84,272.63,223.96,164.69,13.89,239.71,103.26,62.51,216.36,86.42,48.42,148.32,85.24,81.17,9.11,308.3,147.02,93.53,43.4,55.91,90.05,51.22,363.86,15.05,58.69,214.94,133.11,17.46,91.76,75.66,67.48,139.02,26.76,145.79,215.33,1073.87,23.68,256.04,23.93,140.16,172.01,189.57,252.56,101.03,8.91,119.72,35.46,328.4,203.91,145.87,671.86,59.07,20.76,167.86,723.03,121.96,6.08,153.46,225.69,9.18,37.79,320,161.7,13.59,784.36,77.04,96.6,229.92,17.94,120.84,20.52,16,82.83,101.52,211.94,255.23,423.88,220.09,36.401,58.65,84.31,102.845,35.54,40.58,64.78,36.8541,31.1,64.65,77.6,223.03,10.2,205.15,21.4,5.52,184.03,105.58,196.6996,33.9,107.6,31.76,5.085,23.46,49.79,151.57,369.73,81.92,2.24,88.5,29.14,256.12,156.17,50.53,57.5,28.88,31.13,582.7,9.82,5.33,1212.21,330.49,415.99,252.42,92.69,18.38,543.27,133.11,222.91,408.19,14.33,76.21,488.14,773.26,71.95,83.88,262.45,56.1,812.76,48.28,70.62,78.59,339.03,40.18,84.29,23.79,52.75,1225.25,66.47,216.33,379.31,149.7,49.76,161.36,347.71,82.76,594,177.19,34.48,256.87,47.42,384.31,252.49,328.58,420.04,482.31,246.5,241.28,115.67,52.03,286.08,129.56,75.02,87.25,566.27,145.6,407.08,293.13,104.5,44.91,1162.84,19.33,63.94,108.88,117.98,28.07,14.14,362.5,236.41,403.04,231.22,162.37,140.9,121.45,312.12,26.74,356.83,298.31,284.69,98.43,187.52,188.86,272.4,496.07,80.38,35.41,140.59,161.3,381.78,93.36,224.31,89.4,87.21,20.32,47.06,26.78,434.3,107.63,236.92,87.25,227.68,70.4,111.85,134.2,17.08,157.37,78.07,110.8,52.86,111.25,57.5,57.6,185.18,187.97,85.12,44.98,43.61,165.68,119.86,153.04,166.4,12.13,70.52,202.58,90.82,544.67,79,26.64,168.68
2026-08-10,132.81,308.26,247.97,184.7,108.62,6.26,79.41,178.25,272.96,383.925,80.49,273.675,107,180.48,122.84,75.54,97.24,45.09,317.23,131.21,216.98,522.12,47.11,469.56,252.88,417.2,52.87,25.28,169.11,278.09,191.52,356.97,308.18,83.85,29.06,339,866.11,34.41,267.85,34.96,1733.48,68.76,228.19,167.92,97.25,6.98,189.15,422.4,596.33,338.86,73.81,232.79,132.32,63.86,210.63,109.5,207.13,212.88,64.07,28.61,1131.4,64.84,159.43,37.42,529.42,50.46,8.695,61.45,141.66,15.6,135.22,837.58,63.37,348.3,143.94,230.01,73.61,97.31,18.15,331.91,270.43,153.29,278.4,100.6,387.7,16.33,93.15,12.49,25.2,263.65,634.82,40.03,218.97,325.15,148.68,123.03,89.51,19.44,952.75,239.935,100.6,197.51,6.94,225.16,88.19,122.57,50.12,202.71,76.47,22.55,95.67,194.91,67.15,89.21,209.86,29.93,260.78,609.28,457.88,146.66,209.37,538.99,103.18,24.27,191.3,30.58,347.85,49.6,136.78,121.19,45.36,87.65,227.54,284.4,106.3,65.17,108.01,5.69,397.7,158.71,40.92,144.21,142.22,4.05,1043.38,71.17,444.96,105.65,82.09,0.9001,92.03,43.87,96.05,48.49,163.12,44.5,146.66,71.3,14,52.15,70.51,293.12,325.08,46.76,26.007,42.51,1674.84,527.07,240.9,112.47,63.42,88.15,239.33,74.13,164.21,24.01,36.49,395.97,31.41,90.49,118.78,366.7,72.94,990.85,50.05,133.06,181.42,402.54,157.76,87.96,355.84,357.52,86.13,1034.51,1297.45,102.62,414.03,350.78,363.94,31.77,2.6,17.55,311,242.93,94.52,504.9,385.7,85.66,77.43,283.71,79.48,188.23,146.6,64.23,200.02,236.31,150.54,109.8,595.76,92.76,126,29.57,162.88,105.01,103.86,57.3,55.45,148.06,191.79,97.52,334.43,42.53,50.4752,38.74,121.56,393.38,251.13,98.39,169.47,294.52,299.98,440.16,103.99,63.99,137.35,97.31,71.14,167.59,74.19,190.72,103.35,86.905,252.38,43.44,150.7,33.47,31.44,261.81,8.81,359.79,69.94,29.3,27.4,63.87,103.83,192.74,108.02,31.39,86.87,56.48,76.03,331.59,62.42,19.03,3.25,6.61,139.1,189.34,289.72,12.84,492.46,74.74,813.51,1231.94,603.16,68.21,218.88,105.96,306.4,15.78,17.26,184.64,563.17,69.04,348.44,9.56,273.72,56.93,81.39,879.87,478.14,416.67,61.53,89.41,706.98,1824.34,594.92,90.63,549.54,182.04,45.715,65.54,409.75,54.66,320.32,1381.1,130.92,59.81,190.79,208.56,215.33,506.06,97.33,36.73,307.32,861,184.11,84.7,117.26,310.59,76.29,41.78,4.82,42.11,577.89,9.13,127.44,118.91,333.95,198.72,64.46,318.35,13.86,274.61,217.55,162.33,13.17,233.43,102.91,61.89,212.55,90.34,44.49,150.77,84.65,79.78,9.31,291.35,151.05,92.23,42.13,58.65,97.98,51.8,385.04,15.59,58.3,213.45,131.24,17.04,93,74.56,67.09,137.73,27.05,146.44,213.95,1060.5,24.37,254.75,23.1,138.76,175.23,186,251.76,99.23,8.56,115.48,34.99,325.71,215.52,150,660.86,59.07,20.19,162.17,720.87,122.15,6.19,151.69,225.74,8.93,37.05,308,158.72,13.12,808.05,78.45,95.07,234.13,17.65,119.95,19.4,16.39,80.04,95.89,220.05,254.825,428.49,220.22,36.4901,58.3,84.29,107.93,36.01,40.8,64.45,36.304,30.98,64.57,76.63,224.12,9.87,206.97,22.23,5.33,181.05,104.65,197.7372,34.19,107.99,32.21,4.92,23.53,52.7,155.18,362.71,81.855,2.33,90.28,29.87,230.61,160.78,53.2,59.41,31.76,31.46,569.41,9.18,5.35,1237.92,334.7,411.68,253.74,91.34,18.12,529.39,138.74,220.55,410.94,14.03,75.7,511.82,773.03,72.84,84.31,268.6,54.35,800.99,47.59,68.79,78.19,345.81,40.11,83.87,24.05,51.86,1223.48,66.87,214.28,365.1,152.02,49.16,158.82,343.19,82.06,599.69,178.2,35.69,266.21,47.3,375.62,252.55,330.88,418.47,476.99,253.57,250.06,124.88,58.57,280.44,123.76,78.03,82.27,570.47,146.11,408.74,292.24,104.72,44.38,1137.52,19.04,64.19,108.63,125.92,28.14,14.29,361.32,237.91,401.9,230.39,170.07,141.2,120.25,316.72,26.07,354.89,314.95,285.34,97.11,188.38,186.8,270.1,523.91,84.825,33.14,142.87,160.97,381.63,91.95,225.02,89.18,86.83,20.21,47.03,26.87,438.34,106.12,235.04,87.52,226.6,71.85,112.66,133.39,16.2,158.03,76.87,108.24,53.18,111.83,60.18,57.81,184.6,186.32,84.95,44.4,43.13,168.44,119.67,159.79,175.93,12,70.11,200.48,90.59,525.4,78.98,27.54,176.68
2026-08-11,134.33,304.91,250.09,184.98,109.72,6.79,79.92,179.82,263.71,385.3,80.46,271.09,107.82,181.75,123.58,76.705,97.32,45.24,311.99,129.36,221.2,525.61,47.4,474.32,256.3,414.3,54.3,25.89,169.55,272.27,197.85,356.46,309.31,83.615,29.69,318.68,864.74,34.41,268.93,34.68,1799.38,71.63,230.08,169.21,97.44,6.95,196.02,416.08,636.31,340.81,73.78,233.24,127.85,64,211.21,105.94,203.89,212.87,64.81,29.89,1148.84,63.61,160.32,37.48,516.38,51.19,8.69,57.89,147.17,12.528,135.77,843.37,63.7,347.07,147.46,234.76,73.64,98.73,18.58,327.53,278.36,157.69,273.87,99.92,387.53,17.21,92.31,12.41,25.65,259.32,632.95,40.18,219.15,328.57,148.58,125.92,88.59,19.76,944.32,247.69,101.29,197.47,6.77,221.9,90.32,120.43,49.94,205.28,76.22,22.82,93.5,196.66,68.1,90.41,212,29.97,246.78,617.95,440.97,150.79,207.44,537.28,103.53,25.34,190.81,31.26,357.34,50.89,137.64,123.19,45.4,89.53,221.38,284.63,107.5,65.43,108.09,5.77,390.37,164.38,42.3,150.21,143.4,4.24,1032.4,71.13,459.29,106.57,82.03,0.8866,93.66,43.99,96.28,48.3,167.24,44.87,146.55,71.53,13.98,52.38,68.87,290.31,322.43,46.84,26.055,42.76,1688.05,525.88,240.74,121.07,62.14,86.1,240.91,75.32,161.89,24.27,35.66,391.89,32.63,90.12,118.6,368.06,72.75,1011.88,50.82,135.77,182,400.96,159.19,89.35,343,343.8,85.86,1034.41,1301.94,102.62,411.44,354.48,366.92,30.51,2.65,17.76,314.66,230.12,94.38,519.62,372.82,88.78,78.22,281.34,79.51,187.98,145.82,64.65,199.74,238.42,151.25,110.98,586.64,92.87,128.5,29.89,162.17,103.92,102.84,56.34,55.98,148.41,192.84,97.71,336.44,43.44,50.5234,39.75,122.39,401.23,251.9,100.5,169.02,293.15,300.99,438.85,103.61,64.67,137.37,97.35,70.89,168.41,74.1,190.12,102.57,86.98,251.02,43.66,154.76,31.92,31.7,259.8,8.42,362.04,70.51,29.18,27.24,63.62,110.97,200.47,108.57,31.48,86.48,56.25,76.81,327.05,63.73,19.05,3.25,6.7,140.89,189.19,286.02,12.68,490.53,74.11,820.59,1215.02,597.77,68.58,221.25,105.99,311.41,16.48,17.54,183.33,561.44,68.44,349.49,9.68,274.15,55.62,81.02,901.77,476.48,439.16,61.78,90.68,709.05,1940,599.12,90,553.67,183.13,45.53,65.03,416.98,55.24,336.42,1402.11,130.42,60.57,191.25,212.31,215.07,503.81,96.09,36.8,308.34,868.52,193.23,85.74,117.21,306.97,74.79,42.01,4.62,41.32,575.69,9.44,127.54,119.79,334.6,198.47,64.32,312.72,13.65,271.95,217.5,167.16,13.6,236.38,104.88,61.89,209.44,91.52,47.01,150.33,85.95,81.11,9.74,319.79,145.48,92.57,45.13,59.06,109.38,51.79,383.8,15.72,58.7,212.23,132.53,17.3,90.5,75.21,67.405,138.41,26.62,145.21,212.35,1061.33,23.75,257.43,23.7,139.5,174.94,186.22,254.23,100.04,8.59,116.16,35.28,325.1,224.36,148.29,670.58,59,20.23,162.68,718.45,122.36,6.34,153,225.15,8.95,36.22,307.15,156.19,13.51,797,76.72,93.03,233.51,18.09,122.07,20.24,16.36,80.01,96.42,224.84,251.81,423.5,220.69,36.5738,58.35,84.4246,109.4,36.03,40.88,64.85,36.0861,30.855,64.58,77.34,223.86,10.03,205.55,22.46,5.75,181.97,106.66,194.48,34.27,107.7,33.31,4.9,23.7,56.58,152.61,364.42,81.87,2.6,90.8,30.06,224,161.09,53.68,58.55,32.51,31.6,572.93,9.89,5.51,1271.05,334.14,410.91,254,91.92,17.98,534.2,133.29,219.53,408.69,14.82,75.65,501,770.56,72.22,85.48,263.69,55.04,820.52,49.62,68.33,78.47,348.15,41.69,84.26,24.5,52.7,1242.04,66.14,218.69,379.56,152.29,49.9,155.74,357.88,82.19,605,178.58,34.88,265.45,47.85,375.61,249.58,332.81,422.06,483.96,250.5,255.95,123.12,58.48,281.24,126.31,78.54,86.065,573.26,147.54,402.19,292.87,104.43,45.17,1143.59,18.91,64.29,110.52,127.61,28.14,14.78,362.82,238.15,400.9,229.95,171.96,141.38,120.17,315.71,25.98,356.9,323.92,287.79,96.38,186.59,188.87,281.81,529.65,84.52,33.29,144.92,160.82,380.65,86.96,225.35,88.59,86.92,20.05,47.27,27.07,437.93,106.68,226.01,87.45,226.85,72.31,113.26,134.41,16.75,158.07,77.66,110.3,53.24,111.27,60.93,57.8,185.7,186.09,84.69,44.08,43.63,168.01,119.24,159.8,178.37,11.88,69.74,203.4,89.63,530.11,79.07,29.15,178.55
2026-08-12,138.08,302.25,248.76,180.095,110.91,6.29,81.26,180.14,258.75,384.43,79.73,269.33,108.82,185.18,124.65,73.4,97.43,46.26,318.8,128.34,223.95,548.15,46.56,482.93,258.52,416.18,55.59,27.61,170.43,267.28,210.5,352.36,304.07,84.98,31.15,303.76,876,34.69,271.87,35.03,1810.07,74.31,230.43,169.59,97.92,6.87,193.81,416.05,599.78,344.08,78.47,231.2,125.22,64.81,237.16,104.84,208.87,212.26,64.28,31.87,1160.91,63.7,162.93,37.81,510,51.42,9.02,59.68,146.41,12.423,137.58,855.6,64.46,343.33,147.4,262.06,73.97,99.03,18.8,323.13,278.68,150.22,277.41,100.39,432.05,17.87,92.32,12.25,25.47,262.17,637.85,40.53,222.44,355.64,149.04,127.3,88.3,20.87,949.575,268.16,97.99,193.32,6.61,221.78,107.73,123.88,50.08,203.51,75.53,23,94.72,196.6,68.04,89.93,212.49,30.11,240.91,619.77,484.5,145.82,205.79,537.15,103.22,25.51,197.06,30.57,353.72,54.8,138.68,123.49,44.86,90.8,245.89,278.43,107.78,66.46,108.5,5.7,399.14,163.8,40.77,161.08,143.14,4.24,1069.17,71.55,459.96,107.85,83.32,0.8262,93.05,43.87,97.79,48.37,175.87,45.22,146.76,71.69,13.83,52.22,69.22,291.35,326.77,47.01,25.9965,41.92,1738.82,571.88,235.94,128.77,63.05,86.04,226.77,75.27,160.84,24.4,35.23,394.21,32.74,90.96,119.49,365.33,72.28,1039.9,53.18,135.87,186.63,404.92,167.44,86.76,342.37,343.54,88.53,1037.21,1304.88,101.79,414.59,343.43,373.1,29.97,2.74,18.1,322.53,235.34,94.91,512.9,388.83,90.77,79.04,281.63,79.61,189.42,144.3657,65.15,200.72,235.98,151.33,111.49,570.58,92.96,129.11,29.7,163.53,103.08,102.98,57.08,56.08,149.04,192.91,100.95,334.71,45.2,50.3955,43.67,124.36,401.27,251.62,98.17,169.57,292.51,302.71,440.21,102.81,64.8,137.74,97.74,71.17,168.75,73.87,188.76,103.51,86.95,253.08,44.79,152.79,31.61,31.62,260.86,7.96,365.18,71.02,29.56,27.48,63.51,110.9,208.25,108.93,31.73,86.71,56.06,77.38,332.86,63.82,18.98,3.26,6.54,140.38,185.06,290.74,12.47,479.43,75.21,932.47,1220.28,606.72,70.24,215.97,106.12,326.11,16.95,16.58,185.33,559.73,67.71,354.58,9.64,275.7,55.08,79.44,878.73,477.84,437.83,62.18,90.76,711.72,1828.29,578.85,90.21,543.9,183.78,45.98,64.38,428.82,54.11,348.25,1425.01,132.92,63.67,188.86,217.08,217.64,492.43,94.83,36.58,314.73,911.29,259.2,85.78,117.84,311.45,74.21,41.99,4.54,40.51,577.32,10.32,124.94,120.66,335.41,202.05,64.65,315.96,13.56,271.81,224.09,171.16,13.93,233.41,103.67,62.59,212.55,92.47,45.13,147.3,85.51,83.32,9.77,337.35,153.28,92.05,46.12,58.55,111.4,52.38,387.01,15.26,58.49,211.28,131.06,17.38,89.035,75.87,68.5,138.7,26.31,144.08,207.37,1069.52,22.9,256.31,24.5,140.73,171.04,186.19,255.46,100.4,8.87,114.6,35.46,323.58,225.58,152.01,678.02,59.2,20.74,163.07,723.7,123.14,6.38,156.85,225.45,8.92,35.54,308,153.45,13.49,797.99,77.03,93.69,232.87,18.42,123.99,20.32,15.93,81.17,101.01,226,248.25,427.11,221.08,36.4795,57.96,84.5403,109.27,36.1,40.44,64.74,36.3351,30.92,65.55,77.8,222.76,9.84,205.26,22.3,5.98,183.08,108.49,194.89,34.26,109.34,32.02,4.83,23.84,68.46,150.41,360.2,81.92,2.48,91.31,30.16,241.31,162.56,52.61,59.06,32.42,37.61,584.83,9.59,5.2,1344.29,332.26,412.32,255.21,92.52,17.94,546.61,146.15,220.56,410.1,14.74,75.82,489.6,772.49,71.25,85.92,263.18,54.18,878.21,49.25,69.68,79.41,347.21,41.19,84.69,24.25,52.33,1235.48,65.95,214.2,402.74,154,49.5,152.61,365.07,82.11,603.01,177.13,34.06,268.67,48.12,370.16,260.31,327.51,429.15,478.55,243,246.62,125.21,57.75,276.59,125.12,75.36,90.65,577.76,149.45,405.59,293.73,103.91,45.2,1129.3,18.41,65.02,110.94,127.3,28.2,14.47,359.42,235.48,396.58,231.1,172.29,141.68,121.6,316.68,26.07,357.66,330.21,280.38,97.31,185.16,189.77,288.36,525.73,87.23,33.55,146.68,161.53,381.83,89.01,226.29,88.87,87.54,19.45,46.98,27.65,454.1,109.11,230.27,88.93,226.32,73.7,116.01,134.88,17.19,159.39,78.6,108.35,52.58,110.27,61.03,57.92,185.88,188.86,85.08,44.49,43.84,168.44,117.89,159.75,178.58,11.75,69.81,208.94,88.78,540.19,78.28,28.55,177.32
2026-08-13,130.08,305.26,250.82,185.13,111.27,6.97,81.19,178.49,270.49,381.17,80.15,276.23,109.12,180.36,125.38,78.32,97.69,46.56,322.78,130.48,227.12,534.54,46.38,483.01,256.22,417.84,57.75,27.79,174.19,265.13,203.62,357.08,305.52,82.875,30.62,312.67,856.94,34.85,278.65,34.78,1847.9,71.52,227.22,169.96,95.07,6.84,189.43,417.82,615.59,343.65,77.45,230.33,122.16,64.09,236.22,104.68,210.65,213.34,63.44,30.99,1182.84,64.65,162.25,37.82,506.93,51.69,8.76,60.23,149.32,12.21,138.73,854.6,64.61,344.5,151.89,231.01,75.73,97.75,18.45,323.77,278.64,156.53,277.99,102.2,442.79,16.62,92.93,12.15,26.18,267.21,631.61,40.48,223.83,327.23,153.9,124.52,85.52,19.78,961.85,265.99,97.7,201.37,6.58,225.53,106.29,113.47,50.14,200.7,75.79,23.16,94.99,197.7,68.54,91.31,216.26,29.78,252.24,612.38,494.51,149.88,203.89,537.91,104.8,25.42,197.58,30.36,350.88,56.93,139.53,124.49,44.39,91.48,238.61,276.26,108.39,66.68,108.69,5.83,398.22,164.21,40.78,163.81,141.41,4.16,1073.78,72.22,453.33,106.91,83.49,0.8379,92.56,43.96,98.47,48.26,178.62,45.6,149.4,71.88,13.89,51.34,66.83,295.25,339.35,46.84,27.11,44.13,1727.64,566.49,231.57,131.67,65.45,95.15,223.69,76.67,165.44,24.52,34.86,392.96,34.77,88.27,115.89,360.64,73.79,1049.42,52.69,138.14,189.45,398.96,158.54,86.39,343.94,346.36,94.83,1042.63,1321.38,100.67,411.74,341.7,371.56,28.77,2.58,17.73,320.82,233.99,99.37,507.1,384.97,82.95,79.37,282.82,79.79,192.01,145.47,65.33,198.94,237.14,155.24,111.86,566.93,93.3,129.45,29.49,165.67,106.28,102.99,56.92,56.11,149.72,192.64,104.56,358.29,44.98,52.315,44.76,126.62,401.27,249.69,99.53,170.7,290.98,303.5,442.95,103.5,64.77,138.51,98.25,71.11,169.1,74.43,186.57,104.89,88.14,256.59,43.9,151.45,29.3,31.86,262.08,8.26,363.11,71.41,31.12,26.85,63.96,115.3,209.37,110.7,32.08,87.42,57.23,77.75,328.34,62.79,19.2,3.43,6.44,142.61,191.82,288.46,12.27,478.2,74.66,880.41,1209,598.01,70.2,218.22,106.55,337.01,17.56,17.13,186.06,567.04,68.49,352.53,9.21,272.25,54.42,77.69,856.69,488.42,472.29,63.53,90.58,714.6,1828.25,594.97,91.14,544.76,182.65,46.68,65.08,427.16,55.66,356.37,1362.55,135.55,63.65,188.69,222.18,218.38,496.88,97.1,37.28,316.03,949.83,255.04,86.01,114.19,330.83,78.24,42.08,4.5,41.23,574.74,10.56,127.25,119.75,337.85,204.99,67.95,310.78,13.93,272.29,225.3,170.01,13.66,231.91,104.55,62.95,215.73,92.64,46.45,154.95,88.36,81.56,8.91,337.82,156.22,92.58,45.13,57.7,117.35,47.3,396,16.68,58.31,223.63,130.72,17.46,84.17,75.93,69.03,140.62,26.8,144.26,208.87,1058.87,23.32,257.05,24.75,141.21,179.01,188.91,255.2,100.72,8.91,114.73,35.68,328.72,232.61,151.42,672.78,60.59,20.9,164.79,732.07,124.69,6.16,158.24,227.18,8.92,37.95,309.88,158.12,13.2,805.97,76.13,95.16,225.98,18.62,124.7,19.21,15.82,80.1,99.33,226.74,244.96,425.15,222.73,37.2727,58.08,85.6403,109.49,36.09,40.22,64.89,36.8966,31.29,66.6,78.1,220.48,9.86,202,23.84,5.89,186.19,108.55,187.59,34.43,110.06,32.18,4.94,23.94,72.02,158.53,361.55,82.03,2.54,88.68,29.44,249.12,168.91,52.06,58.16,32.42,39.16,589.12,9.85,5.3,1528.11,337.38,411.75,254.58,92.79,18.43,550.74,141.29,221.47,422.67,13.94,76.23,498.24,777.88,72.16,86.48,260.53,53.92,921.37,50.02,69.76,80.08,341.09,41.8,83.55,24.58,52.47,1246.31,63.76,214.74,410.52,155.51,47.94,153.81,358.4,82.59,595.89,183.38,35.22,266.88,48.28,370,252.95,339.96,430.49,477.69,241.91,249.42,125.29,58.15,273.43,126.35,75.88,92.91,583,150.88,399.06,297.79,105.54,45.25,1120.58,18.61,65.17,110.09,125.03,28.18,14.58,365.45,233.87,398.72,233.09,172.3,142.74,122.99,316.22,26.34,357.65,342.92,277.52,98.58,188.52,190.62,287.07,516.44,82.9,33.32,146.4,162.39,384.3,90.29,227.05,89.73,87.72,19.62,48.22,27.75,487.29,110.28,234.44,88.11,224.21,73.04,115.72,131.86,16.31,156.86,78.98,109.53,52.31,112.55,61.06,58.26,185.79,190.77,86,45.12,44.04,168.38,118.45,158.61,179.17,11.78,69.98,211.07,89.29,535.08,83.09,29.62,188.18
2026-08-14,150.28,305.93,249.46,184.06,111.25,6.62,80.42,176.89,264.02,389.39,80.45,272.96,109.74,186.46,125.6,78.35,97.48,46.68,321.61,136.15,228.65,507.18,46.03,514.39,254.79,415.21,58.99,27.9,175.58,262.65,198.82,355.83,308.97,83.555,31.2,315.44,851.29,34.86,279.44,34.73,1844.08,70.98,228.48,169.92,96.3,6.99,192.81,392.99,612.83,342.48,81.64,231.67,123.81,64.49,229.94,103.67,209.83,212.06,64.82,30.92,1173.73,63.83,163.24,37.74,504.03,51.83,9.13,61.71,143.93,13.47,139.33,856.57,64.93,343.64,152.86,218.98,75.98,97.74,18.81,324.82,282.5,154.27,282.56,99.6,428.77,17.855,91.95,11.9,26.18,269.8,631.26,40.83,227.34,325.83,148.47,126.78,85.7,20.18,961.1,259.9,97.15,196.21,6.66,216.95,105.26,111.68,50.16,199.52,76.68,23.25,97.16,200,68.77,89.35,217.02,30,255.46,608.85,490.81,148.81,202.45,536.8,106.85,26.14,200.15,31.07,346.27,57.32,140.84,123.92,45.85,89.75,237.15,276.11,108.8,66.61,108.64,5.93,400.32,163.17,40.48,161.76,142.61,4.02,1102.1,72.36,451.51,107.84,84.03,0.8294,91.6,44.16,98.21,48.26,179.74,45.86,147.9,71.99,14.37,51.02,66.49,291.38,334.64,47.41,26.76,42.92,1774.06,570.22,234.21,131.6,69.04,96.17,225.56,78.61,160.01,24.64,34.89,395.78,34.41,89.97,118.09,368.38,73.69,1063.25,54.58,138.36,184.53,401.48,165.99,86.77,343.54,345.9,93.05,1039.42,1322.64,98.66,404.68,338.86,374.67,28.15,2.69,18.37,327.21,233.96,95.56,511.39,389.05,85.44,79.78,289.18,79.71,191.17,145.75,65.72,198.26,234.32,154.73,112.53,550.96,93.04,130.79,30.31,164.67,104.08,102.66,57.15,55.76,150.44,190.89,102.5,345.66,46.26,52.11,44.06,129.43,394.51,253.215,98.78,170.44,290.81,305.09,442.5,103.45,65.66,138.29,98.14,70.65,169.65,74.84,188.12,105.06,87.435,255.5,43.81,153.64,29.06,31.56,260.35,7.92,362.84,71.67,31.44,27.31,64.25,114.01,203.72,110.39,32.82,87.71,56.69,77.93,332.27,64.58,19.2,3.38,6.22,143.83,190.15,291.82,12.26,482.74,75.23,926.14,1180.16,608.68,70.6,218.47,106.12,332.36,19.01,17.48,188.46,569.29,68.26,356.72,9.2,272.83,54.63,79.17,869,484.96,460.33,63.61,91.27,716.91,1844.58,589.85,90.72,547.93,182.65,46.82,65.7,441.21,58.74,355.42,1402.01,135.84,63.32,187.82,222.02,217.36,495.4,93.04,37.95,317.21,971.66,277.68,86.19,117.76,315.78,78.16,42.5,4.52,40.73,585.87,10.76,124,126.24,334.41,207.08,66.605,309.93,15.23,268.91,225.16,171.39,14.45,234.71,101.47,62.74,210.97,94.99,44.38,147.43,87.57,82.66,9.24,331.71,150.52,91.05,48.71,58.36,118.16,47.42,384.27,16.01,58.59,218.13,130.79,17.84,84.79,76.04,68.95,140.79,26.79,144.55,209.6,1055.85,24.06,255.48,24.69,141.03,174.04,190.39,256.97,101.48,9.58,114.11,36.02,325.93,233.61,155.1,685.78,61.66,21.17,165.79,731.07,124.63,6.19,158.68,225.84,9.01,38.23,305,178.09,13.58,803.48,78.55,95.4142,230.68,18.82,125.52,19.015,15.36,80.25,100.85,224.46,245.36,426.54,222.77,37.491,57.97,85.38,111.235,36,40.3731,64.93,36.8942,31.395,66.22,78.7,222.97,10.19,203.71,23.11,5.8,185.2,107.69,184.61,34.52,111.09,32.42,4.99,24.075,76.465,154.32,359.1,82,2.6,89.55,29.86,268.9,165.34,53.77,58.48,33.75,39.84,587.82,9.39,5.41,1641.11,328.92,421.5,258.74,92.8,18.29,550.42,140,219.58,418.8,13.95,76.36,512.82,776.34,74.32,86.41,255.77,54.29,973.44,49.25,69.62,81,339.21,42.7,82.99,24.89,51.97,1256.9,63.53,216.23,418.79,154.48,48.74,152.11,362.74,82.04,588.29,182.61,34.75,275.79,48.29,370.36,265.48,342.27,426.35,480.2,246.95,238.2,118.57,56.09,279.58,125.34,75.95,84.93,572.8,152.04,401.73,293.68,104.5,44.93,1153.83,20,65.42,108.92,126.6,28.11,15.1,364.15,235.48,398.35,233.28,174.68,142.63,122.56,314.7,26.36,358.97,341.67,282,98.83,189.18,191.73,293.84,505.75,82.87,35.08,148.13,162.25,383.85,91.52,227.51,89.34,87.7,19.355,48.48,27.99,508.8,110.52,235.52,88.82,224.55,75.2,115.27,134.21,17.38,157.41,79.17,109.02,52.54,112.95,61.91,58.16,186.51,190.01,86.09,45.27,44.31,167.37,118.2,160.1,180.49,11.7,70.98,211.06,88.95,544.29,82.88,29.05,183.6
2026-08-17,154.89,305.59,250.33,179.29,110.37,6.39,85.64,169.98,254.04,390.28,81.29,266.06,109.47,188.78,126.53,74.52,97.25,46.71,320.17,133.99,224.6,535.31,45.53,506,254.17,419.38,61.3,28.5,172.23,261.31,201.8,347.22,300.86,85.435,31.18,311.98,987.84,34.7,271.43,35.2,1883.12,71.14,231.78,169.9,99.6,6.97,181.13,392.43,604.32,336.21,95.97,225.95,124.71,63.89,232.16,104.12,209.15,204.76,64.9,30.77,1147.11,64.63,164.27,37.82,498.23,51.43,9.39,60.38,140.57,11.63,138.51,881.65,64.4,340.86,147.96,251.98,74.44,98.58,19.31,323.47,278.2,144.1,275.33,97.79,445.18,18.5,90.21,12.31,25.57,267.88,641.16,40.63,221.45,351.22,150.55,127.56,87.34,20.13,953.5,282.82,96.05,190.97,6.57,213.9,106,112.9,50.58,197.82,76.01,23.15,94.01,202.7,68.77,87.59,212.72,30.56,247.32,599.92,479.81,148.34,202.63,534.19,103.5,25.3,197.91,31.34,335.42,60.39,141.15,123.58,47.57,88.76,241.71,275.84,108.99,67.32,108.45,5.71,390.24,162.05,38.65,163.09,146.15,3.93,1097.61,71.91,455.4,108.52,83.93,0.8018,90.81,43.96,98.17,48.16,185.1,45.57,146.89,71.88,14.05,51.23,68.38,286.94,331.49,47.42,26.335,41.17,1881.18,598.58,238.56,138.16,69.19,94.64,217.85,79.81,155.85,24.47,35.1,391.14,35.38,91.89,120.38,369.43,72.37,1079,53.44,138.92,185.62,405.49,173.21,84.37,341.45,344,90.38,1051.31,1317.68,103,404.98,337.88,371.28,28.61,3.07,18.82,326.12,229.45,96.25,504.3,384.31,88.04,78.84,289.12,79.61,191,143.89,65.2,201.93,228.85,154.31,112.16,546.09,92.84,132.6,30.55,164.29,101.99,103.08,56.25,55.08,149.83,193.135,103.49,335.6,46.84,50.77,44.9,129.9,390.33,251.2,97.84,169.66,287.28,304.06,440.26,101.94,66.26,137.01,97.29,70.6,168.85,73.64,189.07,104.15,87.32,254.79,43.97,153.92,28.5,30.85,262.37,7.91,360.96,71.06,30.28,27.72,63.22,108.83,205.76,107.91,32.33,86.98,56.07,77.39,335.73,63.29,18.79,3.15,6.22,142.25,184.12,278.38,12.41,474.33,76.24,968.9,1183.16,593.74,70.35,215.81,105.7,343.84,20.38,17.22,184.44,562.26,67.35,356.57,9.715,265.53,55.06,80.26,859.92,477.17,438.7,62.18,90.6,715.35,1787.57,568.97,90.21,538.66,180.21,45.52,63.96,445.38,58.51,358.18,1415.99,135.97,64.46,184.21,234.33,218.21,480.35,97.68,37.22,322.07,1011.75,268.85,86.22,120.33,307.01,76.02,42.37,4.6,39.09,570.2,10.78,117.7,122.37,341.12,204.2,65.66,314.18,14.74,272.68,225.01,177.21,14.58,232.72,99.09,62.4,211.96,95.32,43.88,143.24,85.46,83.38,9,351.16,146.65,90.23,48.13,59.04,116.99,48.11,375.76,15.99,58.73,214.19,130.84,17.5,86.94,75.61,68.23,138.24,26.87,143.12,203.84,1053.76,23.07,252.97,24.38,140.62,172.55,184.52,254.55,100.41,9.4,113.44,35.95,324.31,240.55,158.62,722.31,60.47,20.87,162.18,729.87,123.95,6.12,158.22,224.63,9.05,37.93,301.79,164.5,13.41,805.93,78.93,94.59,236.62,18.67,124.11,20.04,14.87,82.08,100.61,220.37,235.28,428.02,220.79,36.9581,57,84.36,112.27,35.76,40.0902,64.47,36.4585,30.85,65.91,78.38,221.64,9.83,212,21.82,5.81,182.11,107.92,192.04,34.29,110.58,30.79,4.9,23.94,76.9,148.65,349.97,82,2.535,90.72,29.9,272.7,162.24,53.86,59.57,35.48,38.28,594.07,9.19,5.18,1786.85,330.11,413.22,263.88,92.29,18.31,559.12,146.23,221.67,410.53,13.74,75.74,492.47,772.67,75.1,85.94,258.16,55.79,994.79,47.81,67.73,80.75,331.68,42.35,81.85,24.68,50.92,1237.82,64.84,217.38,443.14,151.01,49.28,150.85,356.92,81.35,585.51,180.12,34.32,277.94,48.13,364.51,263.73,339.3,430.97,475.32,241.61,228.61,124.41,57.99,282.91,122.26,74.99,87.88,583.67,151.95,395.62,299.9,102.02,45.25,1164.82,19.29,64.87,108.61,130.29,28.1,14.79,358.84,234.44,393.28,230.22,176.62,141.16,122.54,314.34,25.96,358.74,347.19,278.15,97.98,185.83,191.01,292.43,515.55,81.41,35.58,146.11,161.83,382.13,91.17,226.69,88.87,87.87,19.5,48.06,27.93,536.01,110.49,235.3,87.54,224.02,73.45,114.33,136.61,17.6,159.53,79.21,108.19,52.24,110.82,62.58,57.58,186.32,190.32,84.68,44.83,44.18,167.05,116.75,161.46,183.35,12.2,70.42,210.99,87.54,549.34,80.2,28.83,184.44
2026-08-18,131.41,310.03,258.92,183.25,112.68,6.32,84.37,172.93,263.14,376.63,82.45,269.31,109.67,186.94,126.35,73.56,97.35,44.81,303.44,132.71,228.61,514.33,45.86,484.39,249.99,425.28,54.84,25.49,172.33,259.45,193.18,343.2,303.23,79.785,28.51,307.26,992.99,33.98,253.32,34.91,1802.98,67.07,226.46,170.51,97.95,6.15,174.14,380,619.85,338.52,82.31,223.06,128.15,64.23,209.01,90.87,212.55,208.25,64.44,28.94,1154.35,66.05,163.93,36.55,502.96,50.47,9,59.5,140.59,12.74,137.65,840.87,64.2,345.29,147.3,220.01,74.03,96.03,18.51,316.52,266.83,148.35,278.5,97.44,405.54,16.095,91.46,11.88,26.2,271.54,620.81,40.54,221.47,306.43,146.23,129.72,85.57,18.85,961.35,245.97,93.25,196.14,6.15,212.92,93.17,111.61,50.24,199.45,77.91,23.04,94.91,205.74,68.61,85.7,216.35,30.48,246,588.72,468.65,145.68,199.58,532.91,103.95,24.04,195.25,31.19,336.25,55.1,140.21,123.99,47.83,89.6,235.65,280,109.16,65.34,107.27,5.67,398.27,157.78,37.58,150.265,148.7,3.67,1085.09,72.22,431.33,108.08,83.42,0.7756,90.98,43.68,95.37,48.16,170.05,45.31,146.92,71.1,13.93,51.27,66.32,283.76,328.38,47.26,26,40.95,1739.08,482.59,232.96,124.34,69.03,91.6,220.01,78.29,158.01,24.3,35.06,393.48,33.65,88.95,115.42,375.09,72.63,1004.53,49.9,143.44,184.15,398.55,159.9,83.71,341.28,344.2,90.37,1040.47,1314.12,104.89,411.73,337.49,368.01,27.39,2.78,17.95,327.74,227.71,91.53,483.86,382,80.79,78.25,292.65,79.53,190.395,144.99,64.78,203.56,232.67,156.18,111.66,553.32,92.93,134.44,30.13,160.33,101.96,105.31,56.48,55.44,147.69,188.29,96.685,350.41,44.12,50.78,42,126.67,391.18,252.16,96.28,168.33,284.66,300.23,437.09,101.9,67.31,137.18,97.57,71.67,166.88,74.44,186.38,103.76,86.18,249.58,43.14,149.68,28.82,30.32,271.11,7.65,363.25,70.6,30.79,27.12,63.42,107.19,194.79,107.72,32.87,88.82,56.34,76.85,332.82,61.99,18.8,2.96,5.77,143.48,175.7,279.54,12.12,478.705,74.02,873.31,1225.73,607.17,69.98,215.64,105.84,327.92,19.31,16.93,179.84,574.31,66.74,357.33,8.96,266.99,54.9,78.19,869.26,485.79,434.62,62.66,92.09,704.18,1779.14,543.67,89.25,522.81,180.94,47.38,65.19,437.71,56.67,366.21,1333.18,135.17,62.96,186.37,216,217.55,481.63,92.52,38.69,311.81,940.76,248.43,86.22,115.98,301.36,77.77,42.12,4.53,40.06,589.14,10.39,119.49,115.56,338.91,204.71,65.83,311.69,14.35,264.19,219.74,164.63,13.17,228.56,91.15,62.21,208,97.07,41.36,143.92,86.31,79.42,9.06,315.42,142.79,90.76,42.99,59.8,117.06,46.6,374.14,15.58,57.31,215.72,128.02,17.82,87.27,75.6,67.78,140.13,27.25,143.45,207.23,1041.85,23.06,250.3,23.36,140.02,171.54,187.62,254.28,100.15,8.48,112.81,35.62,323.1,243.49,157.34,696.15,60.43,19.53,160.19,717.51,122.61,5.76,152.16,224.095,8.52,37.67,300,158.25,12.94,810.24,76.55,94.4,230.43,17.71,126.09,18.91,14.78,79.16,93.71,219.98,236.38,421.4,219.79,37.02,56.86,84.549,113.765,36,39.7853,63.68,36.2555,31.06,64.43,78.13,225.49,9.26,216,22.49,5.74,181.4,106.01,187.8,34.51,111.68,29.82,4.55,23.68,68.78,146.58,345.27,82.02,2.44,87.53,28.68,251.72,161.37,53.21,57.44,35.49,37.41,569.77,8.64,5.11,1625.78,325.33,404.41,259.8,92.07,17.66,531.39,143.34,220.61,418.04,13.9,76.03,516.28,767.45,74.47,87.18,249.81,52.27,903.68,47.3,67.43,80.58,331.37,40.46,81.96,24.9,49.87,1233.78,63.91,204.97,404.29,152.48,50.26,150.85,317.66,81.66,589.04,182.75,34.95,297.77,47.69,367.93,240.55,336.87,413.41,463.37,242.4,232.1,116.1,55.63,272.24,118.72,74.66,81.82,583.13,149.98,393.93,298.74,101.93,43.62,1116.38,18.51,64.79,106.91,130.66,28.14,14.09,364.25,231.6,391.22,232.12,179.21,141.56,119.79,318.84,25.91,352.33,350.05,271.65,97.62,184.36,190.24,272.54,528.19,76.07,33.52,140.52,160.06,379.04,91.2,226.32,87.86,86.44,19.65,48.54,28.48,496.16,111.05,235.44,87.4,223.58,75.13,115.2,132.7,15.62,160.11,79.17,105.95,51.78,110.48,63.68,57.84,183.57,185.62,85.58,44.63,44.02,169.73,116.36,165.56,185.35,11.74,72.45,202.72,87.13,517.74,79.43,28.23,185.7
2026-08-19,122.19,316.83,265.97,186.39,114.43,6.45,77.59,183.17,272.47,373.26,80.76,277.22,109.28,207.72,126.27,77.33,97.82,44.53,289.02,134.28,242.61,496.17,47.45,466.42,243.22,442.36,50.89,25.35,174.49,265.84,186.45,348.43,303.22,78.02,28.23,310.79,1032.86,33.64,249.34,34.27,1751.73,66.43,215.99,171.31,108.54,6.195,172.74,362.48,645.72,339.9,73.43,222.2,128.9,63.17,206.63,92.87,221.56,213,64.48,27.9,1158.92,67.61,159.76,36.38,499.62,52.01,9.63,59.33,145.09,14.08,132.89,816.15,62.51,340.92,155.07,215.69,74.65,97.98,20.93,314.98,274.17,152.47,277.45,95.54,399.47,15.89,90.87,11.17,26.59,266.94,608.37,40.4,220.73,287.47,160.2,130.58,88.28,18.72,956.99,234.82,94.74,206.09,6.17,201.63,90.87,110.55,50.68,203.08,78.57,22.53,93.65,205.76,68.29,83.29,220.22,30.76,233.52,580.63,437.55,151.86,211.5,534.27,106.93,25.31,192.35,31.75,336.52,55.14,139.18,123.6,48.19,89.88,233.46,285.62,108,66.11,107.66,5.76,398.45,157.6,39.37,144.28,149.48,3.74,1077.08,71.99,424.67,107.96,83.58,0.7658,92.28,44.04,94.78,48.57,174.43,45.3,147.91,71.21,14.5,51.44,69.09,286.29,328.38,47.25,26.66,40.66,1696.06,454.55,251.07,114.95,67.96,91.21,222.4,77.02,152.85,23.65,35.68,392.34,33.34,97.33,126.55,356.23,74.62,987.46,48.58,147.6,189.55,413.84,152.46,84.96,341.7,344.72,91.74,1021.65,1306.95,107.62,407.05,344.3,363.42,31.09,2.82,20.54,334.73,221.73,95.77,475.64,378.02,82.08,76.13,283.48,79.71,190.18,144.3,62.95,216.96,237.16,157.24,111.86,562.2,93.38,134.76,29.98,158.8,102.81,108.16,56.5,56.64,147.92,205,92.8,362.47,43.36,51.29,42.84,122.08,397.72,246.15,99.26,168.72,284.25,301.72,438.18,103.58,67.29,136.2,96.81,74.33,165.97,75.07,189.96,104.79,86.59,247.8,42.85,144.94,29.35,29.91,273.41,7.72,357.26,69.12,31.06,29.9,63.2,110.46,187.27,109.88,32.08,90.35,56.27,75,343.34,60.56,19.13,3,5.92,146.31,183.68,277.11,12.71,481.13,74.57,827.6,1280.34,589.15,70.15,220,106.57,307.17,18.52,17.43,184.19,573.72,67.66,359.95,9.65,267.45,55.39,77.08,853.71,497.03,440.53,64.16,94.13,702.51,1908.65,546.03,89.39,535.53,180.66,47.43,66.03,410.94,56.68,360.75,1300.14,152.2,174.38,189.2,237.27,214.23,484.31,104.25,39.7,305.88,937.105,223.9,85.91,125.08,291.88,80.22,41.63,4.58,41.05,582.84,10.13,127.2,120.58,345.71,194.48,65.42,325.07,14.61,248.74,217.56,156.88,12.83,226.02,92.12,62.95,205.08,96.01,42.94,141.21,87.43,76.58,8.9,299.5,143.81,91.2,40.06,60.09,112,50.3,359.76,15.78,56.78,222.16,127.47,17.65,90.2,75.33,68.07,142.58,28.24,144.38,217.27,1023.25,23.39,252.91,22.62,141.3,175.19,189.93,246.46,99.43,8.44,113.92,35.49,325.13,242.29,154.94,677.41,61.25,19.32,161.91,716.08,122.95,5.88,150.2,224.35,8.42,38.69,300.56,151.71,12.4,840.84,75.99,95.3,248.14,17,128.34,19.38,15.73,75.84,90.85,230.65,234.69,399.31,222.07,37.243,57.62,84.3551,113.69,38.03,40.3826,63.755,36.6925,31.64,63.82,78.16,220.35,9.8,214.66,21.32,5.53,182.43,104.98,194.68,35.09,110.88,32.6,4.78,23.05,65.45,146.58,353.59,82.06,2.45,95.87,31.42,242.8,161.17,53.55,60.01,36.14,36.58,560.92,9.29,5.24,1568.87,325.01,401.24,251.78,92.19,18.42,519.67,139.65,223.18,426.66,13.7,75.98,533.37,769.06,75.38,85.59,231.01,50.41,832.56,48.71,68.48,79.62,339.98,42.02,82.46,25.12,50.47,1222.91,65.95,203.57,379.65,159,51.69,144.5,322.35,83.02,613.54,182.36,35.16,297.09,46.51,362.22,226.46,351.12,412.09,455.48,237.04,221.87,142.39,62.19,267.45,115.78,78.04,75.01,590.68,146.1,388.61,301.8,102.86,45.01,1117.04,18.09,62.82,107.52,130.91,27.88,14.85,365.54,235.32,399.22,234.4,179.06,140.65,118.8,329.48,26.37,349.26,346.26,276.3,98.61,185.67,190.36,261,552.06,76.67,31.96,142.7,160.7,379.99,91.85,226.95,87.93,86.97,19.05,49.36,28.53,462.09,109.34,235.73,85.94,225.08,73.24,114.3,147.43,15.5,169.55,79.41,108.23,52.52,111.32,63.58,57.48,181.95,183.64,86.54,44.99,44.02,175.68,118.59,164.77,186.33,11.99,74.06,197.43,88.83,503.3,80.93,28.79,184.6
2026-08-20,129.1,311.3,261.83,185,114.14,6.09,78.52,181.35,272.22,370.24,81.7,279.21,108.79,212.04,125.7,75.05,97.49,44.7,290.52,134.19,229.3,496.21,47.81,469.455,239.08,433.73,50.86,22.19,175.72,260.11,183.75,351.93,300.33,76.555,28.65,308.77,1038.12,32.92,250.72,34.25,1750.31,65.06,209.22,170.52,115.14,6.12,159.79,364.03,614.26,331.15,73.12,215.1,130.53,61.86,202.48,91.97,214.35,209.87,62.78,26.73,1139.82,65.47,157.24,35.81,496.86,49.37,10.43,59.53,141.35,14.48,129.67,815.39,62.42,342.87,151.79,209.85,75.39,95.59,21.11,313.59,272.92,147.76,274.41,93.45,392.48,17.21,89.7,10.74,26.42,270.87,593.24,40.2,212.48,290.03,172.35,134.89,89.93,18.39,933.51,231.35,93.09,205.43,5.8,190.34,89.76,109.59,50.97,203.52,79.46,22.52,93.65,205.77,67.47,81.06,222.36,31.11,232.55,620.94,434.78,147.33,215.91,527.51,107.32,25.03,194.3,32.9,334.37,57.58,138.15,122.69,49.3,90.22,233.1,281.48,108.31,66.62,107.35,5.5,396.28,154.72,38.36,144.63,152.19,3.46,1082.61,72.15,415.29,107.34,83.16,0.7499,89.83,43.92,94.27,48.54,178.16,45.06,147.26,71.11,13.99,50.66,71.22,284.02,326.04,47.18,26.8113,40.58,1672.94,444.87,258.14,115.71,67.96,89.72,214.06,77.62,150.79,23.62,35.67,386.07,32.85,99.85,129.14,344.64,74.06,966.01,47.33,143.44,184.89,415.26,151.45,86.15,338.2,340.67,92.28,1001.95,1300.34,106.12,406.27,334.49,350.58,31.86,3.13,20.82,329.61,218.32,95.1,469.76,380.73,88.65,75.66,273.64,79.56,188.85,144.14,62.17,210.83,233.69,158.61,111.22,545.86,93,135.91,29.76,158.41,101.91,105.72,56.4,55.45,146.37,213.24,92.13,361.87,41.53,51.34,42.6,122.94,374.48,237.56,96.74,167.2,282.74,297.67,434.58,101.84,67.48,134.82,95.69,72.98,163.98,74.98,190.34,104.78,86.27,246.8,42.56,143.16,29.41,29.26,267.37,7.58,351.55,68.62,31.66,31.43,63.2,107.02,185.86,108.69,31.61,90.5,56.32,74.71,337.02,56.18,18.93,2.97,5.625,141.37,176.13,270.44,12.92,481.29,74.58,879.28,1244.4,571.48,69.46,217.34,106.06,310.53,17.93,17.4,182.02,573.85,66.89,356.6,11.15,269.13,55.51,75.81,838.75,498.77,420.37,64.14,92.3,696.27,1921.96,545.83,88.61,525.27,178.09,47.49,66.94,381.52,55.04,358.23,1310.6,148.99,133.32,190.21,251.01,207.45,481.15,112.39,40.35,305.11,974.33,220.11,85.03,127.64,278.91,80.14,41.64,4.53,40.21,563.86,10.15,129.75,115.36,346.62,192.81,66.33,324.84,14.21,240.48,216.85,154.3,12.97,222.97,87.86,63.17,204.52,94.6,41.66,134.16,87.07,74.71,8.38,298.84,142.07,89.08,37.95,61.52,109.98,51.92,349.56,15.92,56.04,226.72,128.94,17.96,89.52,74.62,67.59,142.08,27.79,142.97,220.34,1000.13,23.23,249.56,22.17,140.68,173.96,191.52,241.62,99.38,8.27,112.44,35.2,322.74,240,150.69,662.47,62.3,18.8,160.74,710.93,122.22,5.7,149.195,222.3,8.14,38.63,287.62,150.31,11.77,826.64,75.69,95.76,252.36,16.065,128.64,20.98,16.01,72.95,92.15,228.44,228.99,380.31,220.28,37.0202,56.765,83.79,114.07,37.23,40.44,63.07,36.8306,31.41,63.65,77.8424,212.29,9.36,211.735,20.94,5.3,180.54,103.99,198.73,34.83,109.79,30.9,4.74,22.98,60.85,147.18,346.91,82.02,2.34,97.46,31.63,249.65,159.41,53.55,61.66,37.64,36.5,562.65,9.07,5.21,1600.62,321.29,397.92,250.77,91.43,17.92,522.35,134,219.9,432.16,13.89,75.66,533.13,762.6,78.45,87.38,219,49.92,850.24,48.19,67.94,76.71,327.7,41.46,83.06,25.15,49.73,1180.4,66.16,200.54,383.15,158.25,50.56,140.69,316.99,82.34,627.55,181.22,35.32,302.25,46.58,364.49,223.78,345.13,416,451.1,240.15,219.89,136.33,63.87,265.6,111.71,78.55,73.01,573.87,145.86,384.85,303.97,102.58,43.84,1095.26,17.11,61.78,108.46,134.54,27.91,13.9,365.73,234.6,392.45,230.2,179.72,139.3,118.36,323.69,26.57,344.77,341.51,270.67,98.6,184.49,189.31,264.63,540.26,74.03,31.83,138.94,159.93,376.58,92.68,225.19,87.17,87.03,19.19,49.19,28.23,469.05,108.51,237.4,83.7,224.92,71.68,103.84,150.25,16.45,163.38,78.71,105.62,52.42,110.68,63.75,56.95,179.77,183.1,85.32,45.08,43.77,172.39,116.68,166.15,187.45,12,72.29,196.84,86.73,496.74,80.08,27.85,174.95
2026-08-21,124.82,309.35,264.96,187.3,116.64,6.3,79.41,185.28,275.3,373.09,80.3,280.81,106.13,216.06,120.94,77.03,97.35,44.85,284.97,143.25,236.22,492.32,48.59,473.25,239.55,439.33,50.26,21.38,175.8,258.63,188.65,355.11,305.1,78.505,27.21,305.77,1039.78,33.25,243.32,34.49,1763.76,68.65,207.01,166.85,121.22,6.24,160.22,368.45,627.75,336,70.74,214.2,119.34,61.69,201.45,93.21,216.78,209.62,62.34,27.75,1156.55,67.01,158.49,36.04,495.82,50.37,11.37,58.87,143.38,14.77,131.65,827.9,62.3,340.99,152.1,196.13,75.51,102.51,20.97,319.02,272.88,150.17,277.51,94.85,395.79,15.765,91.08,11.27,26.85,274.98,587.68,38.77,217.91,289.52,186.49,134.87,94.59,17.81,947.74,230.57,95.07,209.17,7.11,191.95,87.85,111.04,51.59,203.79,81.79,22.57,93.02,205.27,66.6,82.41,223.49,31.26,235.62,647.47,442.08,148.35,218.85,532.22,107.78,26.17,190.62,32.35,341.85,57.68,135.22,119.85,49.1,92.34,246.06,281.63,106.35,67.12,108.24,5.51,400.54,157.26,38.61,143.66,153.05,3.81,1065.39,70.21,419.2,104.62,80.92,0.7672,89.79,44.2,95.18,48.94,178.34,43.78,146.81,71.49,14.41,51.26,76.66,286.7,325.08,45.96,27.5531,41.34,1655.61,436.67,265.74,114.16,68.54,92.13,214.28,77.45,153.51,23.64,35.86,384.29,32.85,102.83,132.59,348.37,74.82,956.85,48.05,146.12,184.89,423.36,149.84,87.93,341.75,344.82,93.49,1039.28,1312.24,108.17,429.19,335.61,355.04,33.78,3.03,20.72,326.63,215.9,108.13,470.03,378.88,80.86,75.38,271.68,79.61,194.53,144.01,62.39,213.56,235.68,161.25,108.97,556.93,92.82,136.97,29.69,158.89,103.37,106.79,56.96,56.17,147.31,219.4,90.07,367,44.86,52.26,41.88,122.02,378.81,237.34,97.49,167.97,282.29,299.96,436.47,102.69,67.36,136.16,96.72,73.89,164.9,75.32,195.12,104.73,87.03,247.25,43.04,143.05,29.37,29.57,270.24,7.53,351.58,68.74,32.04,32.76,63.41,108.48,183.99,109.31,30.98,91.1,57.9,74.86,346.58,57.17,19.06,3.14,5.51,141.39,186.26,266.73,13.05,487.57,76.61,866.71,1255.4,563.57,67.86,216.09,105.92,314,18.32,17.47,181.82,580.63,67.28,356.39,11.26,270.95,55.66,76.08,858.9,503.32,430.83,64.45,93.35,699.6,1922.73,549.9,88.95,534.92,178.96,47.79,66.09,389.14,60.05,360.72,1316.28,152.55,145.13,192.01,237.04,214.2,483.24,119.25,40.87,305.17,966.78,219.13,83.65,131.58,293.14,79.59,40.62,4.63,40.76,551.03,10.21,128.48,113.11,350.72,192.27,67.64,332.03,14.58,243.63,214.72,151.98,12.97,225.56,86.18,62.6,206.47,93.33,42.09,135.14,87.54,74.21,8.71,293.33,146.47,89.11,38.42,61.3,108.55,53.07,357.87,16.39,56.39,229.07,131.03,17.6,88.38,72.61,67.96,143.48,28.07,144.68,219.28,1001.74,23.4,252.79,22.29,141.8,179.94,188.23,243.13,97.36,8.25,113.63,34.38,322.49,242.87,154.32,639.34,61.55,20.39,160.75,713.44,122.75,5.98,150.47,223.22,8.92,38.37,292,153.29,12.02,834.04,80.75,96.09,259.01,17.91,128.5,19.83,16.97,72.57,91.24,231.52,239.04,387.89,221.67,37.2291,57.36,84.77,113.87,37.77,41.33,63.26,36.75,31.67,64.02,76.05,209.91,9.16,209.46,21.19,5.72,182.59,107.08,216,35.11,112.3,30.83,4.98,23.01,59.07,149.25,346.59,82,2.37,99.55,31.93,258.36,161.23,53.87,62.72,37.2,37.24,560.42,9.4,5.24,1596.08,332.78,397.87,250.14,88.94,18.91,520.05,136.97,218.29,431.29,13.94,75.31,533.72,765.72,81.96,82.89,228.68,50.56,850,49.39,67.14,79.47,329.45,41.83,84.1,25.29,49.32,1200.35,69.2,203.52,375.74,165.44,54.27,140.53,314.46,82.05,629.27,183.04,36.64,299.1,46.52,363.58,222.59,362.86,418.95,453.43,239.62,225.3,145.59,65.12,264.36,113.17,78.8,76.43,559,145.14,390.11,308.05,102.01,46.07,1098.51,19.26,62.05,109.62,134.64,27.9,15.14,371.04,239.6693,397.13,231.75,179.58,140.72,118.42,327.7,26.51,345.76,348.86,276.04,98.5,185.96,185.03,261.95,548.05,74.72,31.63,136.21,160.77,378.24,93.06,226.4,87.5,87.71,18.95,49.45,28.55,459.44,106.01,239.22,83.84,224.06,70.49,103.7,157.78,15.64,165.73,76.3,106.5,53.54,111.4,63.64,57.48,180.25,183.31,85.99,45.08,42.77,174.62,118.02,165.11,189.54,12.19,72.8,197.74,87.71,498.23,82.16,29.07,181.745
2026-08-24,107.63,310.34,264.52,190.21,116.67,6.07,77.345,186.53,276.27,371.17,78.16,283.01,107.16,217.89,121.98,76.88,97.55,44,277.53,141.51,236.01,484.19,47.91,456.745,242.33,443.84,47.9,20.97,178.39,262.07,188.15,359.1,306.24,77.775,26.89,298.59,1011.11,32.45,238.78,33.93,1740.13,62.35,209.81,167.82,120.47,5.69,148.2,358.76,597.59,337.33,65.4,210.46,118.47,62.33,204.02,92.18,218.12,213.36,61.985,25.59,1172.61,67.28,162.14,35.25,504.32,49.01,10.91,59.49,143.64,14.15,131.72,811.02,62.33,345.83,151.93,185.43,76.4,102.27,20.88,315.92,273.43,150.3,280.45,93.23,371.95,15.36,92.55,11.3,27.02,279.165,571.62,39.1,216.27,275.49,179.48,133.35,94.53,17.27,971.4,222.61,95.79,209.06,6.67,190.68,86.25,110.23,51.44,207.4,82.81,22.44,94.11,203.09,66.61,82.48,229.06,30.94,225.77,648.64,433.19,148.97,215.11,533.65,110.61,25.97,188.55,31.44,349.01,54.28,135.66,121.97,48.23,91.06,253.94,286.98,107.71,66.11,108.03,5.2,402.63,157.57,37.18,138.25,150.21,3.46,1055.2,71.25,408.67,105.79,81.39,0.7856,90.5,44.13,94.84,49.1,173.64,44.34,146.25,71.36,13.93,51.28,77.8,286.5,334.05,46.57,27.4201,41.4,1609.69,421.14,270.13,107.9,69.21,90.14,208.31,75.85,151.99,23.59,35.55,383.77,31.75,103.54,133.58,341.84,74.19,942.1,45.95,146.74,185.65,426.69,145.55,86.98,344.59,348.06,94.3,1036.28,1321.9,108.64,429.24,337.43,352.67,31.08,2.86,20.4,330.07,214.77,103.62,466.76,386.61,79.56,74.86,263.29,79.7,194.76,146.36,62.47,212.53,231.04,162.99,110.03,559.51,93.01,135.4,29.27,156.61,102.45,106.8,57.27,55.88,146.77,223.22,87.26,369.92,41.06,52.52,39.81,121.19,373.57,233.4,97.81,167.41,283.95,297.97,435.11,103.41,66.805,137.36,97.77,73.84,164.47,76.23,195.1,105.39,86.83,244.11,42.6,142.99,29.2,29.67,273.04,7.19,356.39,68.79,32.51,32.98,64.27,107.32,181.57,111.37,31,91.99,59.08,74.76,341.72,53.07,19.43,3.11,5.09,138.43,177.14,262.83,12.48,490.03,77.03,830.17,1246.93,564.14,68.42,216.98,106.18,310.17,16.66,17.68,184.59,599.86,67.2,360.2,11.18,272.54,54.93,74.21,873.79,511.35,402.69,64.7,92.9,694.45,1947.9,559.02,88.36,533.11,179.01,48.92,68.47,379.8,57.42,362.52,1285.03,150.66,138.89,194.67,229.29,214.08,487.31,122.63,41.73,300.59,910.43,210.91,84.1,131.84,280.35,80.01,40.83,4.36,40.75,549.28,9.96,128.05,111.78,352.98,186.86,66.68,327.72,14.76,244.64,208.48,153.35,12.23,222.44,84.72,63.17,201.48,93.02,39.69,130.97,88.94,71.93,8.24,282.91,142.45,90.68,35.75,60.11,100.44,53.63,350.9,16.57,55.92,229.62,129.94,18.11,87.07,73.53,68.81,144.67,27.97,146.6,223.92,1014.24,23.47,248.88,21.57,143.36,175.89,191.46,243.68,97.71,7.75,113.23,35.04,324.97,241.96,154.72,616.78,61.68,18.68,158.53,706.32,122.04,5.72,146.94,223.8,8.24,38.76,293,152.7,11.38,828.5,79.75,96.76,263.75,16.37,131.13,20,16.6,68.28,87.07,232.45,241.52,382.49,221.93,37.39,57.94,85.57,112.8,37.7,41.21,62.93,37.0521,32.1,63.04,76.78,209.22,8.92,211.58,20.82,5.28,185.07,107.49,214.25,35.21,113.65,30.09,4.67,22.97,58.38,149.8,346.73,81.995,2.22,100.37,32.01,243.18,158.97,54,62.2,36.46,35.17,546.8,9.05,5.53,1493.12,322.78,394.51,243.65,90.1,18.24,506.18,135,220.73,435.42,13.87,76.01,537.84,763.47,82.33,84.57,229.27,49.35,794.65,48.69,66.86,80.02,327.81,40.03,83.86,25.69,48.32,1199.08,70.2,202.41,364.9,169.89,56.01,140.71,305.535,82.56,628.74,182.62,36.71,294.26,46.47,370.55,211.1,348.95,410.12,452.96,233.5,222.59,140.8,63.8,258.94,113.57,79.29,72.78,553.11,143.96,398.76,309.86,102.72,45.69,1083.56,18.29,62.42,109.37,132.21,27.96,14.88,382.41,239.35,397.58,235.69,177.87,142.21,116.42,327.49,26.78,342.79,346,275.94,99.1,187.35,186.88,254.97,547.59,72.275,30.43,135.66,160.1,377.07,93.47,226.7,86.93,87.2,18.96,50.15,28.7,435.38,107.58,240.01,84.72,226.46,70.97,106.49,160.19,15.48,164.17,77.33,106.29,53.58,112.32,63.11,58.22,179,180.05,87.45,45.33,43.22,174.7,118.3,164.05,186.24,11.15,72.68,191.99,88.85,481.6,81.38,28.47,176.06
2026-08-25,113.15,309.9,265.79,190.5,116.13,5.96,79.77,186.93,273.92,373.66,79.16,282.78,106.83,224.11,122.77,77.945,98.01,44.69,282.65,133.18,240.08,480.04,47.27,479.18,241.77,442.24,48.7,22.07,178.57,261.06,190.94,354.83,303.85,79.39,28.85,310.54,1019.49,32.49,241.56,34.08,1744.16,62.01,215.23,167.56,123.39,5.77,147.42,356.74,613.26,335.95,67.45,211.08,119.44,62.43,217.45,93.43,220.77,213.78,61.82,25.21,1176.64,67.92,163.65,35.85,504.32,49.86,11.29,57.23,143.41,14.19,133.25,811.29,61.89,343.11,151.74,183.915,76.29,106.96,21.59,331.9,278.42,155.14,279.32,92.46,387.66,16.31,91.33,11.52,27.1,277.32,572.67,38.93,216.24,288.14,187.16,131.84,96.32,18.03,960.01,226.51,96.2,205.69,8.1,185.38,88.04,111.11,51.51,204.76,83.05,22.39,92.9,199.89,66.93,83.62,233.5,30.43,222.99,630.66,451.5,150.8,215.97,535.24,111.25,25.79,192.32,30.16,349.91,56.24,136.14,121.59,46.91,89.16,248.7,289.54,107.09,67.25,108.81,4.83,398.87,154.96,37.35,138.87,146.83,3.54,1073.44,71.03,409.2,106.24,81.41,0.7732,90.87,44.45,95.63,49.39,180.15,44.31,144.87,71.57,13.95,50.31,79.91,287.55,333.71,46.62,27.8953,40.47,1561.96,431.54,271.77,107.72,70.33,89.48,206.82,75.2,153.66,23.66,35.56,376.58,32.99,105.52,135.9,349.54,73.91,926.73,45.92,148.77,181.39,428.07,147.16,85.81,343.34,346.96,93.82,1058.88,1301.68,109.32,428.76,337.88,351.05,31.75,3.02,20.92,329.31,215.68,112.09,464.19,389.71,85.5,74.66,264.04,79.92,196.78,145.33,62.33,216.4,234.19,161.78,110.05,550.01,93.51,133.11,29,157.99,101.85,107.41,57,55.71,146.7,224.99,87.48,357.46,42.05,52.77,42.21,120.9,371.84,234.3,98.16,167.9,281.65,299.23,436.36,103.2,65.73,137.63,98.07,74.13,164.19,76,196.45,105.46,87.295,246.04,43.16,141.82,29.36,30.09,273.14,7.22,356.69,68.44,31.84,33.48,63.85,107.58,183.34,111.02,30.94,91.64,58.45,74.33,356.19,52.64,19.33,3.25,5.26,134.54,193.39,262.17,12.27,487.2,76.59,885.565,1233.66,556.52,68.34,214.6,106.86,314.66,16.6,17.65,186.77,599.37,67.61,357.77,11.83,268.1,55.12,73.5,905.09,513.11,404.92,62.99,91.14,694,1997,570.05,88.91,531.74,179.37,48.73,68.07,376.73,60.17,354.88,1304.15,156.45,158.83,193.4,240.38,216.77,491.71,126.83,42.18,302.4,932.97,221.97,84.22,135.14,277.58,82.23,40.65,4.45,39.48,542.52,10.35,127,113.61,351.24,187.43,66.44,336.71,15.14,247.55,213.05,151.48,12.44,224.75,84.81,62.83,198.34,91.7,44.27,130.61,88.2,72.51,8.24,291.62,144.76,90.32,36.23,58.41,102.81,54.21,339.9,16.66,55.63,231.7,129.22,18.36,87.75,73.28,68.78,142.27,28.57,145.4,222.09,1016.31,23.66,246.54,21.55,143.33,172.73,193.92,244.11,97.67,8.08,113.65,34.99,322.67,236.9,150.59,603.78,62.27,19.35,160.56,710.72,122.38,5.82,148.79,224.07,8.46,39.12,292.29,162.45,11.48,833.56,79.12,96.74,267.76,16.94,132.95,21.3,16.74,66.91,89.86,236.59,241.19,383.66,221.77,37.8923,57.74,85.58,110.96,38.02,41.1556,62.58,37.0119,31.71,63.49,76.92,210.28,9.19,211.38,20.31,5.355,187.62,105.76,219.7,35.11,112.27,29.88,4.88,22.7,60.97,153.88,350.45,82.08,2.27,102.8,32.79,241.83,158.6,53.29,62.32,35.68,38.46,555.82,9.81,5.92,1480.77,317.02,408.79,251.39,89.97,19,514.06,137.95,218.99,432.99,13.73,75.64,552.57,765.91,79.21,84.03,231.08,49.46,821.67,49.43,65.7,80.77,330.59,40.41,83.46,25.77,48.85,1192.6,71.62,201.41,366.43,163.47,55.42,139.48,307.67,83.47,628.15,181.61,36.8,286.91,46.11,369.66,212.71,350.25,417.41,455.25,232.93,223.97,151.42,64.72,260.05,117.41,80.35,73.32,575.79,143.57,396.59,309.59,105.14,48.14,1053.14,19.41,62.41,108.89,126.15,27.94,15.97,384.14,240.65,396.14,233.53,175.13,142.41,117.51,329.01,26.29,341.9,340.41,274.09,99.25,189.03,187.32,255.75,552.85,72.46,31.31,139.03,160.99,378.15,93.83,226.79,87.4,88.12,18.67,50.25,28.9,450.75,106.67,241.15,84.79,222.13,71.08,105.38,163.72,16.32,169.1,77.19,106.38,53.58,113.18,62.06,58.31,178.4,181.74,86.52,45.36,43.31,175.29,117.95,160.64,182.73,11.6,73.57,191.93,87.89,490.93,82.72,27.88,168.42
2026-08-26,113.76,313.45,262.9,188.07,114.1,5.9,79.11,181.38,273.47,371.8,80.09,281.39,107.75,214.04,123.36,76.46,97.86,44.78,290.3,134.51,239,479.76,47.15,480.93,245.2,440.34,48.4,22.16,175.73,260.28,202.25,353.98,306.66,80.67,26.87,308.11,1047.1,32.45,251.06,34.22,1745.64,59.88,212.86,169.46,118.11,5.76,146.88,355.59,607.48,336.15,65.18,212.09,119.83,62.23,218.21,93.26,221.07,208.89,62,24.68,1173.21,67.57,163.08,35.63,504.91,48.17,10.67,61.35,143.2,14.25,133.56,821.93,62.04,343.77,150.36,182.15,75.54,107.36,21.44,334.68,279.52,153.89,280.87,93.66,404.03,16.02,92.06,11.54,27.2,280.98,578.14,39.59,217.21,294.37,181.78,130.61,95.54,17.42,956.12,226.49,97.05,205.62,7.99,189.18,88.01,112.36,51.76,205.78,82.88,22.4,94.32,200.21,66.91,83.08,236.93,30.5,227.67,634.54,463.82,149.25,215.36,534.23,109.63,24.78,193.43,30.33,344.56,56.39,137.71,121.89,46.83,88.96,240.93,290.6,108.05,67.17,108.27,4.855,402.54,158.29,38.415,142.46,144.84,3.34,1079.61,71.67,419.44,107.23,82.23,0.7501,90.78,44.32,95.43,48.86,179.18,44.44,144.09,71.4,13.9,51.15,79,288.25,335.99,46.73,27.6276,40.64,1615.69,437.8,267.37,108.1,69.6,92.8,205.93,75.7,157.54,23.8,35.55,382.02,32.56,102.42,132.86,354.39,73.31,953.09,45.67,148.09,180.57,421.32,152.78,86.33,339.1,342,92.96,1040.46,1335.39,107.06,427.16,334.85,346.15,29.83,2.87,20.7,332.56,220.67,108.54,472.46,391.06,85,75.23,269.34,79.9,194.96,146.22,62.67,215.23,229.87,161.92,110.49,553.44,93.32,134,29.05,158.64,102.39,105.93,57.41,55.39,146.77,224.84,88.24,345.88,40.03,52.5199,39.58,121.43,370.42,236.38,97.31,167.93,285.51,298.93,436.31,102.36,66.05,137.55,97.94,73.4,165.38,75.77,196.1,104.74,87.22,246.67,43.73,144.33,28.77,29.76,270,7.14,356.5,68.7,32.205,32.32,64.12,108.5,183.83,110.34,32.02,90.08,58.51,74.58,359.76,52.93,19.22,3.21,4.95,137.43,187.63,262.96,12.14,490.33,75.92,939.03,1189.41,565.62,68.92,210.36,106.78,312.88,16.11,17.39,182.64,598.47,67.57,358.67,11.22,266.93,55.1,74.05,896.65,514.55,406.11,63.01,92.02,698.4,1950.44,576.14,88.85,532.18,180,47.81,69.12,384.03,59.31,362.27,1303.88,153.1,149.66,193.26,245.11,214.08,496.37,123.19,42.07,304,938.4,213.93,84.22,131.6,284.89,81.46,41.13,4.37,38.59,549.95,10.41,125.8,116.14,352.68,193.85,65.39,338.45,15.17,252.8,209.66,155.23,12.67,223.15,87.23,62.26,199.43,94.9,41.6,134.42,87.89,73.22,8.22,291.88,148.87,89.55,35.87,58.62,108.9,52.63,339.31,16.76,56.21,232.31,129.23,18.22,86.74,74.03,68.12,142.19,28.3,145,222.51,1039.49,23.31,246.68,21.16,142.59,177.5,194.1,244.67,98.69,8.08,114.42,35.02,317.37,242.23,151.5,616.73,61.81,17.51,163.72,711.37,122.29,5.74,148.78,223.82,8.35,37.56,290,155.36,11.27,814.79,78.07,96.21,266.14,15.94,130.39,20.61,16.33,66.18,90.03,235.69,236.27,391.16,222.11,37.6,57.42,85.6841,112.15,37.84,41.23,63.16,36.7517,31.67,63.99,77.34,211.99,9.13,215.44,20.51,5.13,185.98,108.49,213.75,35.05,109.39,33.08,4.78,22.8,59.59,150.29,348.66,82.05,2.25,100.63,32.35,263.11,159.87,53.6,61.59,35.36,37.39,555.77,9.27,5.42,1499.37,315.37,410,255.17,89.76,18.84,515.4,139.63,217.11,436.49,13.54,75.88,550.03,766.08,78.28,85.28,235.9,49.66,846.37,49.56,66.62,79.78,329.67,40.61,83.27,25.87,48.78,1207.06,71.12,205.03,363.1,164.04,55.03,136.83,306.29,83.3,633.71,179.61,36.97,294.03,46.24,371.15,221.23,345.82,417.69,463.4,233.45,228.46,150.06,64.26,261.77,114.83,78.49,73.08,596.8,143.34,401.01,310.62,105.65,48.05,1057.66,18.92,62.8,108.46,127.35,28.02,15.7,383.9,240.53,394.04,232.75,175.94,142.31,117.99,326.27,26,345.51,348.03,273.74,98.61,187.97,188.05,263.81,547.29,71.51,30.66,140.03,160.87,378.23,93.5,226.83,87.41,87.82,18.54,50.19,28.75,468.88,107.52,241.56,85.23,221.24,74.41,104.34,156.02,15.97,168.39,77.68,106,53.67,112.61,62.43,58.26,180.34,182.84,86.27,45.09,43.51,173.54,117.16,158.19,184.46,11.71,72.81,192.46,88.23,490.71,83.1,28.23,170.31
2026-08-27,113.28,314.58,258.15,184.4,111.59,5.93,80.49,187.38,289.15,374.52,79.1,284.68,106.75,215.44,122.71,77.49,97.83,45.94,304.09,135.77,236.56,482.36,46.52,476.67,243.67,436.99,51.74,22.91,174.16,256.26,201.09,349.56,305.47,80.69,27.44,312.63,1058.9,32.82,255.21,34.56,1735.01,61.44,214.52,167.22,118.4,5.69,152.28,371.54,611.2,334.16,66.92,209.89,116.31,61.17,217.83,96.94,221.5,202.56,62.11,24.76,1167.57,66.95,162.24,36.14,503.7,46.67,11.33,60.9,143.64,14,132.68,817,62.12,338.31,147.22,186.67,75.03,106.33,22.21,347.55,282.41,148.32,277.67,100.79,399.85,16.77,90.96,11.83,26.41,280.94,573.87,39.29,216.67,295.39,190.72,129.52,96.45,17.62,934.66,240.24,95.58,252.05,8.04,227.96,86.8,112.15,51.54,204.15,82.4,22.3,92.92,199.77,66.5,81.14,231.89,30.86,242.93,622.66,472.26,145.26,215.68,535.22,106.82,24.22,192.1,30.33,332.055,56.83,136.24,120.84,47.12,89.29,233.22,285.91,106.69,67.61,108.02,4.66,399.11,157.71,39.25,145.31,144.5,3.42,1076.45,70.92,416.04,106.49,81.42,0.7399,89.95,44.58,95.84,48.63,182.14,43.96,142.79,71.04,13.95,51.135,78.42,293.83,331.41,46.25,27.8612,40.55,1614.98,432.71,271.31,110.23,67.22,104.03,210.1,76.32,172.78,23.75,35.24,380.06,33.51,103.69,134.79,342.73,72.48,953.83,46.34,148.86,181.91,422.6,152.8,86.18,337.71,340.65,92.74,1040.87,1321.08,106.92,419.34,328.61,337.01,31.66,3.06,21.43,325.68,220.39,109.76,470.28,392.63,87.13,75,267.65,79.87,195.35,144.62,62.26,214.8,238.79,161.24,109.64,545.08,93.23,134.18,29.69,162.6,110.32,104.73,57.26,54.62,146.78,227.69,92.09,348,42.46,52.4288,40.53,122.69,367.07,234.26,95.63,169.01,281.67,299.81,439.2,100.99,65.93,136.88,97.47,72.63,164.32,74.69,195.74,103.79,86.4,253.81,43.39,142.21,28.49,29.35,265.77,7.15,354.22,68.42,31.88,32.51,63.65,109.32,183.77,109.98,31.54,89.06,56.93,74.35,357.46,53.69,19.2,3.17,5.09,139.86,194.78,261.98,12.18,485.35,77.13,956.14,1176.1,565.89,68.21,206.74,106.73,318.58,16.18,17.35,180.64,591.73,68.6,353.87,11.87,260.06,54.9,75.49,890.51,509.02,440.58,62.43,89.97,698.61,1930.75,571.1,90.48,528.59,178.83,46.7,67.67,383.23,59.03,363.54,1311.08,149.54,142.77,190,241.45,214.86,505.06,137.4,41.22,304.23,935.39,218.48,83.47,132.29,308.23,79.84,40.96,4.36,38.44,545.13,10.59,138.43,114.41,347.93,190.64,69.84,338.7,14.88,252.37,227.98,155.55,12.51,225.86,89.58,61.8,200.06,94.72,42.53,172.91,87.89,74.8,8.75,292.62,151.94,87.83,36.54,59.17,99.24,54.89,382.85,18.33,56.06,237.04,126.54,17.95,84.69,73.33,66.86,139.72,28.02,143.14,217.65,1011.2,22.88,243.69,21.16,141.85,185.93,190.48,243.51,97.89,8.19,113.47,34.44,311.2,239.81,149.5,621.83,61.47,17.9,164.78,721.11,123.39,5.9,150.96,224.6,8.65,38.15,284.8,153.95,11.27,807.71,79.25,94.9,268.96,16.44,129.18,20.88,16.8,67.53,91.11,235.76,229.87,391.69,221.45,37.2265,56.31,85.26,112.39,37.61,40.8838,62.75,36.28,31.25,65.82,76.71,212.08,9.06,221.15,22.71,5.31,186.96,107.26,216.28,34.83,108.05,33.51,4.88,22.69,59.21,154.33,345.21,82.035,2.33,103.14,33.16,255.08,166.6,55.01,62.77,36.81,38.46,573,9.74,5.33,1484.95,329.11,464.89,260.13,89.05,19.18,525.43,140.87,214.89,435.39,14,75.12,527.25,771.1,80.43,84.75,235.84,51.34,847.2,48.63,67.36,79.93,322.12,41.14,82.45,25.43,49.74,1186.48,70.54,203,372.06,165.93,55.72,134.22,304.58,83.13,630.7,177.75,35.17,288.95,46.23,369.33,219.85,354.81,427.3,454.31,233,241.34,153.1,64.85,266.54,112.39,76.95,74.75,592.85,144.54,395.05,307.67,105.68,48.37,1037.51,19.25,62.4,107.78,130.01,28.02,15.74,379.66,239.51,389.85,229.21,175.74,141.56,121.91,322.93,25.77,343.14,346.59,273.85,97.65,186.22,186.74,269.28,547.55,72.73,31.74,139.81,161.57,380.63,92.89,225.45,88.9,87.93,18.1,49.43,28.88,462,106.28,239.6,84.97,217.76,74.19,102.63,157.99,16.49,168.23,77.16,104.52,53.23,111.41,62.29,57.88,178.8,188.61,85.08,44.66,43.18,171.58,115.88,156.44,185.47,11.33,72.41,191.61,86.59,500.26,84.85,30.22,187.3
2026-08-28,106.23,319.7,255.48,189.43,112.47,5.75,74.42,189.61,291.52,361.78,81.54,287.48,106.12,206.25,122.31,77.76,97.49,45.03,289.47,137.36,237.1,461.67,46.67,465.58,236.25,432.42,47.88,21.99,176.23,266.43,195.38,355.4,308.09,78.87,25.34,317.76,1023.21,32.35,239.05,34.29,1696.16,58.05,210.76,166.65,113.19,5.83,147.94,368.79,600.73,333.2,58.63,209.82,118.9,62.32,210.77,97.12,218.5,205.63,62.41,23.7,1164.48,66.58,162.5,35.75,505,46.84,10.32,59.13,142.39,13.86,132.9,800.25,61.87,339.92,150.82,179.08,76.14,100.01,21.13,340.39,276.75,153.62,278.88,98.56,378.44,15.17,90.75,11.62,27.06,285.8,564.85,39.24,215.67,279.2,178.64,130.35,94.42,16.51,945.47,232.75,95.86,256,7.12,218.4,84.23,109.93,51.28,204.18,83.9,22.19,93.06,201.86,65.55,80.07,236.74,30.79,236.98,630.33,456.24,147.39,216.07,535.06,108.1,25.26,185.47,30.51,350,55.83,135.86,120.25,47.35,90.82,230.19,286.75,107.49,67.14,107.72,4.51,394.43,155.18,37.25,134.92,143.35,3.26,1044.41,70.84,402.78,105.75,80.65,0.6833,90.21,44.59,95.87,48.55,180.2,43.93,142.91,70.84,13.88,49.78,76.45,294.41,330.88,45.88,27.11,41.44,1518.73,414.36,266.16,101.695,68.42,98.74,204.46,75.84,166,23.675,35.51,379.32,33.41,99.65,128.8,342.58,71.725,911.93,44.76,145.68,179.87,408.89,148.98,86.27,342.88,346.59,91.82,1033.99,1306.3,105.35,417.82,330.19,336.53,28.84,2.775,20.38,321.85,217.43,104.26,459.66,385.54,79.42,75.07,264.85,79.74,195.14,145.08,62.21,208.95,235.59,162.33,108.67,554.99,92.85,134.81,29.93,160.95,109.5,103.96,56.85,55.19,145.58,215.59,89.47,358.06,39.2,51.79,35.45,117.4,372.6,232.82,96.41,168.47,280.1,295.75,437.51,102.04,66.25,137.34,97.81,72.31,162.86,75.16,193.43,103.43,86.39,251.2,43.05,139.59,28.74,29.18,268.04,6.98,357.62,68.46,32.18,31.27,63.91,108.68,175.54,109.55,31.56,89.66,57.72,74.3,351.46,52,19.17,3.07,5.01,140.66,175.78,262.82,12.23,489.51,76.07,895,1174.61,563.85,68.03,208.05,106.35,301.9,15.37,17.7,181.65,595.3,69.07,351.08,10.67,265,55.23,72.93,893.39,514.95,446.62,62.36,91.23,690.55,1966.25,578.02,90.12,531.05,174.34,46.86,68.65,374.66,56.13,368.83,1256.26,148.35,137.99,192.64,216.62,214.77,513.53,127.31,41.58,299.71,932.86,209.18,81.84,127.98,299.84,81.72,40.57,4.37,39.6,545.57,10.21,144.71,111.12,348.68,187.02,69.16,326.26,14.3,250.5,217.55,148.48,11.49,223.58,85.44,61.98,198.63,94.76,40.14,166.23,88.28,72.61,7.9,270.79,150.85,88.5,34.62,59.1,93.4,52.87,371.59,18.15,55.31,238.53,125.34,16.6,85.69,73.19,66.9,141.07,27.96,143.78,218.64,995.02,23.19,240.39,19.98,140.7,186.29,191.89,242.22,97.64,7.5,114.22,34.2,313.51,244.01,144.33,602.7,53.66,16.99,164.19,716.43,122.27,5.61,148.23,223.62,8.15,38.53,279.41,153,10.87,794.19,77.42,94.64,262.85,15.59,129.33,18.99,16.07,64.39,85.76,240.33,228.55,387.59,220.69,37.6024,56.79,85.15,112.87,37.44,40.82,62.22,36.24,31.35,64.77,75.99,211.71,8.78,207.88,21.54,4.85,190.95,107.85,209.8,34.9,110.16,31.41,5.03,22.69,52.37,152.9,344.86,81.89,2.21,99.14,31.71,245.81,165.14,57.33,60.02,36.62,37.08,553.11,9.29,5.43,1484.98,328,442.61,253.97,88.25,18.06,508.62,141.5,214.56,442.89,13.17,75.08,547.51,769.35,78.63,84.31,234.665,49.38,829.76,48.29,65.79,78.05,330.69,39.875,81.94,26.01,48.65,1185.97,69.34,202.66,354.97,163.18,53.93,135.12,296.105,82.88,622.18,181.37,35.15,287.82,46.27,369.9,208.01,348.75,417.52,448.96,235.39,237.78,141.38,61.54,258.64,110.6,78.82,69.48,599.35,144.585,392.95,307.41,105.33,45.57,1030.25,17.99,62.47,107.27,129.7,28.18,14.67,381.6,238.52,393.81,230.35,176.56,142,120.07,320.96,25.87,339.25,352.36,274.51,97.24,188.56,184.76,257.08,541.69,67.37,30.56,137.09,161.01,379.36,91.81,225.29,88.54,87.52,18.36,50.1,28.77,459.45,106.22,238.07,86.69,219.66,73.73,103.09,153.33,15.35,162.38,76.45,104.6,53.18,112.99,62.68,58.1,177.14,185.69,85.45,44.48,42.73,171.16,117.21,156.71,185.94,11.53,70.79,188.56,86.89,481.84,83.57,30.54,184.23
2026-08-31,107.69,316.85,256.42,183.22,110.36,5.78,72.82,189.76,292.79,362.14,81.29,286.16,106.01,203.11,122.43,74.45,97.41,45.13,296.98,134.97,240.69,458.39,45.89,470.72,235.17,429.88,47.3,22.12,175.7,259.77,195.69,321.52,309.46,79.275,25.41,312.06,1031.66,32.38,241.91,34.33,1696.01,59.1,204.2,166.13,112.32,5.63,148.35,370.34,566.56,330.17,60.61,207.78,114.02,61.94,206.3,95.28,216.65,199.09,63.55,23.1,1155.61,66.81,161.28,35.89,504.03,48.3,10.85,58.4,143.24,13.3,131.62,797.47,61.21,338.6,145.81,184.24,76.14,98.76,20.78,338.78,274.77,152.44,276.08,100.15,382.8,15.5,89.82,11.55,26.62,285.5,564.4,39.6,214.51,277.83,188.12,132.49,92.86,16.3,943.89,226.19,94.29,257.54,7.21,231,84.89,110.49,50.51,201.79,84.63,22.17,93.91,206.14,66.01,78,231.74,31.3,237.04,654.91,456.01,144.56,213.56,531.57,107.55,24.29,185.59,30.52,342.06,56.9,135.63,119.91,48.51,91.06,228.5,283.2,107.02,67.02,107.45,4.49,392.54,152.44,36.42,135.29,144.96,3.22,1046.72,70.14,401.88,106.31,81.02,0.6782,90.75,44.23,95.88,48.37,180.86,43.72,141.1,70.46,13.94,49.31,75.74,292.49,327.4,45.86,27.0093,40.77,1545.62,412.93,263.15,100.61,67.35,100.07,201.9,78.15,170.93,23.46,35.37,371.35,31.85,98.51,127.93,335.71,71.23,898.53,44.69,146.34,179.56,408.42,148.73,86.32,335.41,339.35,91.05,1025.9,1309.49,106.49,414.45,327.83,331.15,29.58,2.78,19.87,316.28,213.53,104.81,453,383.23,78.64,74.49,244.95,79.81,194.47,143.94,61.37,209.05,233.87,160.7,107.59,556.69,92.74,136.8,30.67,160.97,109.98,103.64,56.71,54.97,144.52,213.63,89.51,359.3,39.31,51.29,37.115,115.35,376.86,228.35,94.69,167.92,275.37,293.93,436.14,101.22,67.59,136.47,97.3,72.02,161.2,74.66,192.03,102.63,85.14,251.28,43.12,138.24,28.24,28.5,265.85,6.84,356.02,67.81,31.86,30.68,63.15,109.72,175.45,107.95,32.24,88.67,57.54,73.56,359.36,50.98,18.88,3.09,4.85,140.21,171.4,266.25,12.1,489.58,76.37,914.76,1156.73,561.23,67.98,204.7,106.21,301.49,15.36,16.9,179.89,589.31,68.74,341.76,10.77,263.54,54.72,73.45,885.32,504.64,453.37,62.07,90.65,687.13,1936.2,572.34,89.9,518.7,171.83,45.92,68.48,371.5,54.75,373.32,1267.77,147.76,140.34,189.8,211.66,213.32,507.29,132.94,40.65,300.36,958.73,206.32,82.34,126.06,305.11,81.05,40.92,4.23,39.06,539.7,10.14,147.99,110.12,342.79,185.29,68.57,321.96,14.55,249.64,220.78,150.75,11.59,224.64,82.03,61.28,199.96,96.01,40.57,173.04,87.53,74.09,7.655,267.21,149.12,88.8,34.44,60.18,92.95,51.92,382.13,18.67,54.7,239.1,124.13,13.27,84,73.33,65.37,140.34,28.46,145.12,218.08,979.44,21.71,233.94,19.85,139.92,186.38,187.3,239.63,97.64,7.46,112.17,34.13,306.99,246.58,147.75,607.09,52.665,17.2,170.48,716.76,121.94,5.59,147.935,222.62,8.23,41.29,268.74,147.81,10.7,799.08,77.52,93.77,261.47,15.66,126.76,18.995,16.06,63.92,86.69,240.1,228.54,384.05,219.39,37.1777,56.02,84.52,114.96,37.4,40.47,61.58,35.9771,31.1,64.99,74.78,207.73,8.57,205.57,22.1,4.87,189.66,106.25,208.87,34.89,109.82,32.2,4.87,22.58,54.86,147.37,338.81,81.89,2.17,97.95,31.34,246.84,165.34,60.1,60.13,37.18,37.28,556.63,9.27,5.55,1566.7,331.43,439.59,252.85,88,17.88,511.04,143.69,212.32,435.84,13.27,74.69,543.62,767.05,79.01,81.7,232.62,50.14,828.38,46.9,67.01,77.08,323.8,39.67,81.08,25.89,47.57,1171.74,68.12,205.25,349.83,160.88,54.3,133.91,295.76,82.52,617.1,180.44,34.09,293.65,45.92,365.93,205.05,367.95,415.32,444.4,219.7,235.63,139,62.45,260.91,107.99,75.65,67.83,590.02,141.63,389.41,300.67,104.23,45.51,1038,17.82,61.58,104.84,133.7,28.12,14.75,379.37,236.38,391.39,229.56,180.17,140.96,120.49,319.96,25.65,335.75,358.92,269.58,96.44,186.51,182.86,258.72,544.52,67.27,30.43,137.37,160.55,378.15,91.17,224.85,88.24,87.32,18,50.02,28.53,450.55,106.17,236.24,86.39,218.92,75.05,104.87,150.83,15.13,162.5,75.69,102.81,52.69,111.46,63.96,57.71,175.13,186.5,84.98,44.11,42.23,170.54,116.59,160.95,188.96,11.36,70.62,193.99,86.1,485.14,82.02,30.97,188.385
2026-09-01,103.39,325.13,259.99,182.545,108.93,5.56,70.04,188.09,286.08,354.52,84.55,283.49,106.09,193.46,122.96,69.94,96.77,44.2,279.91,135.54,246.11,441.85,45.82,459.61,231.32,438.12,45.73,22.6,176.02,254.92,189.26,326.3,305.32,81.59,24.29,311.74,1028.51,31.83,234.82,34.21,1665.14,55.8,200.95,167.7,108.13,5.46,144.17,369.68,518.3,324.19,56.11,205.66,112.85,61.99,213.63,94.86,216.04,195.69,63.655,21.45,1128.1,66.92,160.51,35.15,502.33,48.08,10.35,59.16,136.66,12.45,132.54,779.16,60.73,338.74,144.46,172.62,75.84,96.26,20.2,313.04,280.31,146.19,283.06,96.2,360.33,14.61,89.63,11.54,26.3,286.45,551.15,39.47,211.34,272.03,176.82,136.19,89.24,16.07,939.96,206.63,91.2,258.11,6.92,215.07,81.85,109.74,48.7,200.59,87.73,21.87,97.6,211.05,66.38,76.38,225.66,31.93,223.84,676.08,425,141.37,206.93,527.75,106.22,23.44,183.27,30.46,340.37,55.06,136.06,120.39,49.05,90.14,233.98,280.25,107.7,66.77,106.49,4.44,403.04,147.63,35.54,129.51,148.35,3.04,1027.59,70.5,390.71,107.02,81.52,0.6001,90.74,43.44,95.22,48.19,175.8,43.83,140.12,69.63,13.84,48.75,72.47,287.14,324.88,46.16,26.25,40.83,1554.37,402.07,255.42,95.41,65.93,91.78,199.65,78.31,161.85,23.21,35.34,369.41,31.24,94.67,122.28,331.09,70.42,898.53,43.93,149.92,176.7,396.75,145.56,85.63,332.03,335.02,90.06,1002.56,1309.21,107.72,413.58,319.77,325.15,28.44,2.64,19.11,311.99,209.98,103.51,443.31,394.88,77.57,73.24,254.89,79.1,191.39,143.82,60.82,210.82,231.4,159.6,108.37,545.16,92.1,139.58,30.44,158.66,106.18,103.98,57.43,54.29,142.92,207.13,88.97,344.93,37.78,50.18,36.82,114.22,369.25,225.46,92.36,166.61,269.88,290.57,432.82,99.9,68.54,135.4,96.275,72.38,158.71,75.08,189.34,102.45,82.93,247.94,42.59,139.25,27.9,27.89,271.19,6.69,354.95,66.95,31.89,29.43,63.07,106.41,170.89,107.08,32.1,88,57.94,72.62,363.84,49.34,18.75,2.97,4.55,139.18,168.31,263.56,11.9,486.76,74.71,868.95,1160,544.5,67.92,200.05,105.22,290.2,14.72,16.77,177.2,581.1,68.23,334.55,10.23,261.11,54.41,71.41,906.77,494.71,434.21,61.61,92.04,679.95,1963.49,578.54,89.04,504.92,170.24,44.99,69.57,365.03,53.74,383,1225.96,149.86,154.27,187.58,210.39,211.04,501.02,124.88,41.91,296.52,933.44,199.54,82.93,122.63,285.51,80.81,40.96,4.06,38.12,532.91,9.93,142.9,109.51,332.96,183.16,66.69,320.76,14.46,251.92,217.44,147.3,10.94,222.4,83.07,61.36,187.01,95.69,38.53,166.43,86.09,72.65,7.04,256.37,141.32,87.95,33.26,60.95,93.78,50,362.09,18.14,53.92,237.95,122.45,14.06,83.17,73.48,64.65,139.79,28.55,146.21,220.54,952.09,21.25,229.12,19.26,139.68,179.92,187.15,237.49,97.66,7.1,109.7,34.47,302.86,252.02,146.49,611.39,52.4,16.54,166.61,707.64,119.9,5.47,144.56,220.99,7.9,40.67,265.7,144.64,10.26,823.82,76.19,94.33,254.09,14.99,123.46,17.79,15.535,62.54,84.4,231.36,229.24,390.11,217.59,36.8115,55.32,83.4739,116.12,37.47,40.06,60.52,35.8475,31.21,63.61,75.36,205.16,8.37,209.87,20.63,4.6,188.81,106.15,201.61,34.81,108.28,32.49,4.69,22.23,52.64,139.82,329.95,81.59,2.12,94.29,30.03,237.35,160.72,57.15,57.92,38.04,36.71,545.22,9.21,5.35,1536.87,319.8,414.82,251.39,88.09,17.05,500.31,142.23,211.87,440.21,12.02,74.54,544.15,761.78,80.51,84.26,234.09,49.4,816.64,45.43,67.41,76.62,317.4,38.22,82.11,26,46.86,1155.76,66.79,208,335.46,163.75,56.09,133.27,293.73,81.87,600.5,182.16,33.59,296.06,45.18,363.92,199.06,356.09,414,440.15,216.68,228.65,132.06,59.98,253.34,104.63,75.24,65.11,586.78,137.95,396.3,290.62,102.66,43.94,990.15,17.26,61.21,106.66,141,28.21,14.22,372.67,233.2,384.49,230.08,182.67,139.56,118.87,321.59,25.54,330.84,361.99,259.69,96.3,185.51,184.24,255.97,547.65,66.28,29.63,138.08,159.31,375.17,92.07,223.96,87.37,86.71,18.55,50.3,28.32,450.44,106.2,240.42,87.04,219.77,75.23,105.92,144.93,14.65,163.4,75.89,100.56,52.07,110.88,64.77,57.2,172.73,183.64,85.25,44.04,42.56,171.67,114.59,164.55,192.72,11.17,70.1,185.09,85.92,472.93,77.88,31.56,178.37
2026-09-02,103.13,324.96,261.72,183.26,110.47,5.65,69.9,187.68,279.79,355.71,85.38,281.16,105.89,196.66,123.57,74.09,96.84,44.1,274.13,137.75,267.4,438.46,46.68,457.06,233.19,442.84,47.17,21.82,172.92,254.98,186.1,330.88,309.45,80.04,24.91,319.05,1055.37,31.85,234.86,33.99,1682.3,62.4,201.69,167.68,107.83,5.85,145.39,367.24,506.98,329.98,56.95,208.87,111.81,62.6,217.28,94.34,222.67,199.6,64.63,21.76,1107.08,67.66,162.04,35.19,505.24,48.37,10.74,60.25,136.82,11.57,134.34,792.28,62,339.42,142.06,184.52,75.38,96.38,21.42,306.67,290.04,158.97,282.84,93.54,354.16,15.18,90.1,12.42,26.81,277.77,550.9,39.51,216.6,268.64,174.96,137.2,89.9,16.81,928.48,165.22,92.67,256.93,7.3,203.42,80.93,109.455,48.65,198.09,89.97,22.29,97.23,211.78,66.05,78.14,226.24,31.93,209.23,698.37,492.2,142.26,209.91,530.62,107.98,24.21,183.76,31.28,346.68,56.21,136.05,120.56,49.03,89.69,231,279.9,107.67,67.15,107.06,4.52,405.84,148.98,35.52,131.31,148.96,3.61,1019.24,70.44,390.85,106.75,80.77,0.5848,90.82,43.52,96.04,48.22,178.86,43.97,139.93,69.88,14.14,47.93,73.93,287.39,316.54,46.29,26.804,41.87,1560.13,395.35,259.71,96.58,67.52,91.73,202.6,79.67,154.54,23.69,35.54,364.07,30.815,97.63,128.05,329.5,70.56,921.94,43.97,149.61,179.53,402.78,144.13,84.87,333.78,337.12,92.81,1004.42,1284.85,109.66,402.06,318.51,322.9,28.68,2.72,20.77,311.51,206.07,106.99,450.08,400.97,80.68,74.84,252.96,79.11,190.82,144.79,62.2,213.8,231.7,157.85,108.58,538.99,92.18,140.3,31.13,158.76,103.42,105.16,57.65,54.42,144.31,213.25,90.05,342.94,37.64,51.45,39.6,111.84,371.88,223.37,92.82,167.41,269.09,294.01,435.07,100.41,68.8,136.27,97.04,73.01,159.43,75.54,192.02,101.84,83.32,248.38,42.7,139.25,27.83,28.33,275.21,6.82,356.22,68.35,32.59,30.26,63.62,106.43,172.26,109.29,31.97,88.24,58.22,74.24,369.23,47.78,19.13,3.01,4.71,133.78,171.49,261.31,12.01,487.45,74.26,870.58,1160.08,531.55,67.74,199.84,105.35,288.32,14.86,17.35,179.59,588.14,68.76,333.14,10.47,260.95,54.54,72.76,924.78,490,375.4,62.45,92.18,684.93,2006.58,592.85,89.28,517.07,168.75,44.42,69.56,365.16,54.7,387,1219.36,151.64,150.81,187.84,206.48,211.82,496.82,123.19,42.44,297.04,956.08,204.09,83.1,125.16,272.74,82.73,41.15,3.86,38.24,523.82,9.84,136.72,111.09,330.06,180.77,66.85,325.165,15.4,263.97,224.41,148.17,11.21,228.5,82.55,61.5,187.61,96.01,39.52,163.15,81.76,72.34,7.61,254.55,145.75,86.97,34.83,60.91,92.43,51.54,328.48,17.99,54.28,236.25,122.13,13.33,82.25,73.32,65.23,140.52,29.02,147.64,221.38,949.38,21.22,233.54,19.99,136.59,169.46,187.94,242.46,97.38,7.29,111.31,34.54,301.33,256.09,146.08,610.78,54.67,16.49,169.96,709.24,119.88,5.45,144.72,221.4,7.84,41.21,265.6,158.1,10.33,852.03,76.29,93.96,258.38,14.87,122.64,18.635,15.61,63.1,84.72,230.87,230.85,400.21,218.6,37.46,55.74,84.23,116.79,37.84,40.83,60.48,35.7679,31.36,63.41,75.38,200.78,8.96,209.23,19.68,4.73,186.42,106.72,204.26,35.01,108.24,33.98,4.87,22.67,54.29,141.87,331.25,81.64,2.15,98.69,31.64,242.51,159.31,58.13,59.07,38.29,37,550.48,9.56,5.59,1553.4,305.84,415.97,253.06,88.31,17.84,501.44,140.71,210.2,431.71,11.91,74.66,559.36,765.16,81.14,83.79,247.64,50.71,808.54,45.36,71.67,78.39,312.19,39.87,81.76,25.95,47.27,1153.75,67.07,202.21,341.62,163.36,56.9,131.31,302.03,81.95,608.54,187.3,34.04,293.46,45.82,366.18,206.81,357.01,415.5,439.02,216.14,226.75,131,61.65,254.8,108.35,76.45,66.07,598.37,141.91,399.66,289.73,103.01,44.32,979.82,17.85,62.77,104.79,141.15,28.17,14.29,378.4,237.1,386.06,230.61,183.61,140.86,119.13,324.47,25.61,331.22,366.09,263.93,95.78,188.32,184.65,256.7,556.75,69.92,30.61,143.46,160.11,376.88,92.06,225.41,87.6,87.16,18.02,50.22,28.39,448.9,105.73,238.59,89.27,219.04,75.16,106.09,150.91,14.82,165.37,75.51,101.17,52.95,112.42,65.1,57.66,172.78,183.6,85.53,43.73,42.67,172.95,114.86,164.15,193.16,11.08,71.47,185.98,86.38,477.1,82.46,30.44,172.73
2026-09-03,100.38,328.21,260.21,185.25,108.79,5.76,69.42,193.12,285.75,356.5,84.38,283.53,106.41,207.13,124.71,74.3,96.95,45.34,282.82,132.16,264.5,435.91,45.89,456.16,234.2,444.12,46.94,22.77,177.75,258.9,191.44,327,304.22,82.07,25.91,313.58,1053.46,32.35,242.59,34.07,1646.19,62.13,204.54,169.12,111.67,6.32,147.21,357.16,538.15,329.82,56.2,210.51,111.81,63.04,235.55,95.58,224.51,195.13,63.64,20.63,1126.15,68.09,164.33,35.81,508.13,46.95,11.91,61.43,137.68,11.27,138.14,800.14,62.58,348.25,148.74,190.44,77.26,100.62,21.65,304.875,285.05,151.38,286.26,95.32,317.46,17.37,90.09,12.28,26.65,282.05,545.5,39.98,220.5,264.41,192.7,135.72,91.25,17.9,925.41,164.17,92.04,264.43,7.36,214.97,84.56,108.61,48.99,201.05,88.62,22.48,97.2,211.32,66.79,78.75,222,31.96,214.76,694.41,516.39,144.41,211.03,536.93,107.16,24.19,187.79,30.36,347.03,55.99,137.07,121.4,48.79,89.71,228.88,278.97,108.75,67.47,108.21,4.56,414.78,150.21,36.31,130.7,145.96,3.5,1040.83,71.47,397.12,107.78,81.93,0.6,89.78,43.92,97.9,48.68,180.56,44.53,140.98,70.28,14.41,49.23,72.56,293.42,324.31,47.04,27.9151,42.28,1580.19,395,270.31,96.76,67.71,90.61,207.42,80.08,156.36,23.87,35.34,365.87,31.12,101.49,132.33,333.48,69.72,941.84,44.53,151.22,180.35,410.22,146,87.22,339.08,342.48,91.77,1037.93,1312.84,110.76,409.2,318.07,325.7,27.82,3.05,21.21,314.35,207.63,124.72,460.15,406.52,88.09,75.6,260.49,79.21,198.06,147.87,63.01,213.81,234.71,164.59,109.53,529.29,92.28,139.77,30.68,160.98,106.95,105.42,58,53.91,144.8,221.66,91.67,344.3,39.02,51.96,41.65,114.98,369.83,225.98,93.62,169.17,271.65,295.19,439.54,101.22,68.37,138.94,98.6,73.15,160.67,75.13,192.36,102.88,83.6,252.54,42.67,142.23,27.74,28.42,278.43,6.87,362.06,69.11,32.88,31.59,64.8,109.76,172.94,107.95,31.6,88.81,58.51,74.87,371.47,48.1,18.95,2.97,4.6,132.36,170.46,262.14,12.06,482.19,74.46,847.37,1159.6,532.95,68,201.9,105.5,292.66,14.7,17.28,177.49,585.71,70.43,336.07,11.6,259.63,54.37,73.11,921.38,504.3,384.45,61.45,93.1,690.64,1991.055,610.68,90.67,508.94,168.31,44.08,69.49,370.12,53.78,387.71,1213.65,152.34,148.87,188.46,208.83,217.15,510.12,144.82,42.43,299.42,958.16,210.63,84.06,130.43,284.51,82.67,41.66,3.86,38.77,528.24,9.77,145.59,111.84,327.83,185.38,68.08,327.67,15.68,262.47,228.45,152.09,11.1,224.99,83.5,61.74,185.75,95.75,39.84,170.42,84.73,73.65,7.63,252.46,154.04,87.38,35.83,60.61,98.15,52.6,331.94,18.22,54.69,240.52,124.51,13.96,81.63,73.81,64.91,140.02,28.81,146.92,223.87,964.52,20.85,234.57,18.35,138.35,182.53,186.17,245.18,98,7.33,110.75,35.11,305.73,254.66,148.8,620.06,56.82,16.82,168.57,717.67,120.93,5.45,146.12,223.46,7.96,41.51,265.55,155.99,10.37,843.47,76.03,94.27,264.85,15.18,122.25,21.14,15.91,63.81,84.34,229.19,231.67,398.24,220.05,37.65,55.95,86.03,116.25,37.87,40.51,61.1,36.0008,31.12,64.26,76.09,202.13,8.93,210.87,19.8,4.63,191.52,105.82,199.53,35.08,110.38,33.8,4.83,22.98,54.97,145.88,332.26,81.71,2.12,101.36,32.39,235.7,163.92,57.41,60.55,37.6,37.87,552.6,9.75,5.7,1554.99,356.47,416.31,262.53,88.77,18.51,502.2,149.74,211.52,450.58,11.88,75.24,560.11,773.17,79.78,84.57,246.03,51.28,798.61,45.26,71.5,79.85,307.99,41.6,81.08,26.19,47.72,1157.83,68.82,209.41,338.59,164.01,56.71,132.19,305.52,82.07,618.43,188.02,33.93,293.54,46.06,374.34,206.16,376.365,417.01,445.19,214.13,240.48,128.71,63.22,253.83,108.66,75.96,66.59,595.96,143.44,400.94,289.15,103.5,45.7,993.87,17.69,63.53,104.41,142.09,28.01,14.35,378.75,236.13,391.04,230.17,182.16,143.09,120.88,324.8,25.65,334.88,370.69,260.23,96.66,190.48,186.07,268.83,557.96,71.72,30.45,144.22,161.76,380.93,92.11,227.02,88.88,87.97,17.62,50.59,28.37,441.57,106.7,241.12,89.19,221.72,74.05,108.42,156.63,16.23,164.38,76.34,102.27,52.62,113.38,64.62,58.56,174.56,185.97,85.26,44.25,43.03,173.26,116.46,162.21,192.33,11.14,71.03,184.8,86.73,478.52,83.37,32.68,177.8
2026-09-04,105.53,319.97,256.46,181.94,108.33,5.71,74.44,186.72,266.51,362.25,84.61,277.62,106.47,204.73,124.5,72.35,97,45.93,310.4,126.28,266.11,454.71,45.15,477.57,237.72,437.23,47.77,23.15,175.85,258.51,193.78,323.09,301.27,82.78,26.37,320.56,1033.15,32.22,252.09,34.2,1714.88,62.31,210.65,167.56,109.07,6.34,144.65,357.895,515.67,326.16,61.64,212.25,113.24,62.68,252.87,99.47,220.83,193.29,63.5,20.5,1122.29,66.82,164.84,35.95,506.03,47.8,12.38,60.73,136.15,11.79,137.72,813.94,62.69,341.59,147.85,210.05,75.83,100.74,21.24,292.7,298.96,151.99,282.52,94.59,321,17.74,88.77,12.5,26.49,281.29,560.75,39.67,219.6,281.86,184.64,134.26,90.66,17.89,915.74,170.57,94.26,259.23,7.28,213.1,89.36,109.2,49.41,200.47,87.86,22.62,96.74,208.6,65.84,80.17,211.73,31.9,212.93,693.53,524.14,142.75,207.66,534.08,105.31,24.01,188.39,29.44,341.08,59.69,136.08,120.22,48.06,87.9,230.22,279.28,107.29,68.7,108.35,4.69,407.5,152.82,36.37,138.74,145.19,3.88,1035.98,71.05,410.85,107.27,81.54,0.5982,89.9,43.89,98.28,48.59,188.87,43.64,139.25,70.46,14.62,49.6,72.73,290.87,322.52,46.77,27.45,41.89,1610.34,407.4,266.18,103.9,65.42,87.6,204.45,79.84,156.29,24.1,35.88,359.39,31.365,99.26,129.03,337.12,68.86,941.95,45.21,150.995,177.47,406.77,154.3,87.76,335.31,338.46,92.54,1038.61,1324.49,110.19,405,321.05,325.48,27.71,3.11,20.68,311.18,209.61,122.11,460.72,401.54,93.545,75.84,259.27,79.16,196.46,145.56,63.03,211.92,234.89,161.26,109.61,535.38,92.25,138.66,30.55,161.74,104.57,104.68,57.42,53.63,145.34,218.22,95.8,332.7,39.52,51.41,44.68,116.86,366.7,225.61,93.91,168.64,270.12,296.01,438.1,100.24,67.73,138.02,97.97,72.4,161.1,74.47,191.1,102.14,84.17,253.31,42.69,144.94,28.26,28.8,275.23,6.74,358.64,69.34,32.59,30.87,63.9,107.73,185.6,104.96,31.4,88.07,58.59,75.27,358.24,47.82,18.74,3,4.68,133.05,173.89,256.45,12.37,477.57,74.18,881.255,1149.36,525.28,67.97,204.45,105.48,307.65,14.81,16.72,173.5,579.21,69.44,336.51,11.31,255.69,54.91,74.17,907.99,493.55,368.74,61.28,94.17,691.52,1978.36,616.77,90.23,514.77,168.56,43.82,68.88,371.68,54.53,388.9,1223.86,150.33,145.55,185.74,223.55,217.72,499.7,142.8,41.86,304.86,1016.59,226.39,83.43,128.09,278.92,78.25,41.39,3.8,38.4,514.98,10.03,141.26,119.02,329.46,185.59,68.06,328.18,15.37,261.07,230.36,156.03,11.8,227.835,84.5,61.25,185.87,95.43,41.27,170.6,82.62,74.38,7.62,268.01,158.78,87.89,36.43,60.04,99.51,51.34,333.26,15.19,55.16,231.67,124.7,14.3,82.21,73.7,64.79,137.63,28.45,146.44,218.95,962.59,20.4,237.25,18.12,137.34,174.33,182.53,245.6,97.52,7.92,112.53,35.11,302.01,255.09,145.72,624.41,54.96,16.58,168.74,718.96,120.75,5.48,147.89,222.58,8.01,43.31,265.19,154.46,10.53,827.72,75.66,93.25,262.11,15.2,123.49,21.8,15.74,64.26,85.46,228.35,230.69,400.51,219,37.0456,55.555,85.2135,115.16,37.45,40.4,61.22,35.8262,30.89,64.16,76.2,200.79,8.89,210.02,19.88,4.64,189.44,104.47,198.76,34.8,109.29,34.2,4.945,23.69,55.94,145.09,333.71,81.69,2.07,99.29,31.68,256.21,161.56,57.51,59.82,36.44,39.59,567.01,9.7,5.47,1740,337.18,393.84,262.64,88.11,18.22,519.86,147.95,209.44,443.51,11.98,74.74,542.43,770.19,76.43,84.04,242.06,52.24,849.28,45.83,74.02,79.92,303.13,42.94,80.05,25.68,48.04,1162.05,69.1,208.65,357.03,164.44,55.985,132.08,317,82.21,613.78,181.52,33.95,290.05,46.62,369.35,222.335,354.08,428.91,447.9,214.69,232.98,124.72,62.65,258.44,111.38,75.76,72.43,579.66,143.76,397.14,289.62,102.29,46.06,1009.86,17.61,63.37,104.04,141.96,28.08,14.47,375.07,235.46,387.34,228.34,180.58,142.05,121.27,321.66,25.42,336.71,370.72,262.63,96.02,188.93,186.35,280.53,546.12,75.32,31.8,149.3,161.73,379.73,90.27,226.46,88.45,88.41,17.72,50.14,28.25,467.46,105.94,236.17,89.97,218.99,74.15,107.14,154.98,16.51,163.81,75.72,103.25,52.44,112.03,64.06,58.1,175.27,187.28,84.58,43.93,43.08,171.45,114.91,159.47,190.71,10.95,70.93,193.1,87.59,491.45,82.76,31.35,169.8
2026-09-08,111.55,316.22,248.78,174.54,105.52,5.83,76.91,179.03,257.26,363.2,84.5,267.96,106.73,201.84,125.42,72.08,96.9,46.37,288.85,129.57,260.1,472.79,44.34,505.74,237.76,393.17,50.72,23.93,175.73,256.97,194.96,315.79,297.71,81.76,28.31,312.01,1007.07,32.52,261.53,34.09,1764.85,66.12,207.32,168.07,107.83,6.51,148.78,368.56,505.43,326.1,69.56,210.73,112.66,62.39,277.22,92.55,212.5,180.3,63.92,22.08,1095.37,64.69,162.85,35.61,505.83,44.98,12.67,62.56,133.97,11.21,136.74,822.48,61.86,336.64,142.26,199.77,75.97,101.97,20.66,284.11,299.05,145.74,275.83,94.01,341.29,18.51,88.41,12.29,26.33,278.23,561.55,40.12,213.96,301.88,178.94,135.04,94.38,18.73,910.18,167.75,90.61,249.12,7.32,210.02,99.83,109.17,49,200.5,85.9,22.31,96.07,209.8,66.22,78.96,200.44,32.4,210.23,680.73,533.88,138.49,205.23,528.03,105.06,23.87,189.5,29.57,335.41,61.1,137.26,121.24,48.4,84.53,222.49,278.11,108.27,68.83,107.76,4.8,401.94,152.15,38.83,141.09,145.36,4.3,1041.21,71.49,422.13,108.53,82.24,0.5899,86.72,43.57,97.96,48.35,189.91,43.95,139.16,70.37,14,49.38,76.62,287.61,314.13,46.45,26.7,39.42,1648.47,416.31,264.31,109.86,65.23,86.73,213.25,78.16,157.47,23.62,35,356.58,32,98.41,127.54,334.91,66.775,971.31,45.09,146.64,185.04,399.72,165.96,85.79,335.38,338.36,89.42,1036.53,1289.17,108.31,402.02,313.7,316.1,28.17,3.15,20.46,304.47,208.24,117.34,464.75,403.09,99.49,74.55,231.53,79.12,193.29,143.07,62.22,207.33,232.09,157.76,110.48,520.21,92.16,140.73,30.6,162.01,102.66,102.68,56.95,51.74,144.25,211.06,104.47,318.93,40.47,49.98,46.93,116.08,350.16,223.53,91.05,167.7,268.69,294.67,435.65,99.08,68.38,136.07,96.77,70.66,159.88,74.11,190.77,102.05,82.97,253.08,43.17,146.37,27.68,28.27,269.12,6.84,353.51,68.4,32.55,30.15,62.52,105.73,188.98,102.93,31.98,88.36,57.2,74.31,351.26,48.2,18.39,3,4.63,129.24,185.53,255.74,12.46,468.38,73.79,978.535,1123.91,536.15,68.61,200.8,105.48,320.42,15.68,16.24,170.45,570.89,69.07,328.79,11.83,255.81,53.95,73.38,889.12,481.25,356,61.63,92.39,686.96,1926.25,613.48,89.94,511.98,167.52,43.15,68.17,369.61,55.37,397.77,1218.5,148.46,140.33,180.52,225.41,216.24,493.95,136.52,41.15,308.69,1000.26,243.88,83.83,127.09,284.3,76.77,41.9,3.79,38.1,518.58,10.65,134.21,119.64,327.92,189.13,67.49,324.14,15.33,256.4,225.73,162.57,12,223.87,85.45,61.02,187.01,97.51,43.31,167.595,81.13,71.08,7.62,281.11,162.52,85.89,37.49,60.65,101.14,51,336.98,14.01,54.81,219.16,122.5,14.82,79.75,74.24,63.77,138.45,27.79,145.58,214.9,955.87,20.14,231.99,17.81,138.48,170.3,184.73,242.91,98.04,8.31,109.72,35.08,301.6,259.14,145.94,639.05,53.18,17.67,174.09,718.36,119.78,5.59,148.91,220.79,8.22,44.82,264.5,149.38,11.23,810.31,76.73,93.24,261.37,15.81,120.66,22.26,16.17,65.87,86.89,221.05,229.31,398.31,216.73,36.84,54.54,83.54,116.46,36.49,40.03,60.64,35.6184,30.52,64,76.86,198.81,9.22,207.32,19.43,5.35,188.69,102.01,208.56,34.41,106.87,36.43,4.9,23.21,57.63,134.1,326.09,81.66,2.11,98.5,31.55,272.02,159.62,57.1,59.37,37.76,40.26,573.73,11.18,5.43,1737.99,335.5,392.03,258.6,88.99,18.01,528.4,153.47,211.88,429.31,12.14,74.55,528.64,765.96,75.66,85.47,240.31,51.97,904.38,44.26,75.38,78.62,276.43,43.3,79.84,25.6,49.13,1145.14,71.97,204.99,372.06,162.71,55.74,128.92,325.77,82.2,603.02,181.69,33.29,294.29,45.83,365.66,219.82,368.16,439,446,213.29,225.89,128.06,65.6,258.92,108.235,73.13,75.62,580.53,142.55,400.84,288.45,100.48,47.5,1015.17,17.66,62.49,103.09,146.03,27.99,14.62,368.64,233.45,384.04,226.73,182.24,140.06,121.05,314.61,25.27,335.51,382.85,258.3,95.93,188.4,188.09,290.83,528.9,77.75,31.47,151.72,160.92,377.6,89.87,224.64,88.12,88.08,17.99,50.41,28.12,477.3,107.06,237.25,87.96,217.78,75.83,106.05,155.11,17.86,161.93,76.88,100.75,51.94,111.52,64.77,57.3,174.42,187.87,84.02,43.9,43.45,167.13,113.99,160.66,193.91,10.93,70.38,190.06,85.7,495.98,80.1,30.79,161.94
2026-09-09,107.93,315.34,250.91,169.63,105.23,5.5,73.83,175.8,254.86,365.07,86.55,265.22,106.25,202.57,124.67,68.15,96.68,46.22,300.54,125.91,258,468.85,43.13,521.095,236.27,391.27,51.35,22.8,175.43,252.4,192.93,304.69,295.24,81.34,27.14,305.06,1002.31,31.84,264.23,34.04,1729.52,62.42,206.54,166.59,108.53,6.5,140.8,364.38,490,321.8,68.91,206.42,109.4,62.67,269.28,92.03,210.73,173.43,63.64,21.61,1072.03,64.41,162.51,35.18,506.72,44.96,12.33,61.99,129.07,10.9,137.8,815.56,61.34,337.62,139.68,196.2,75.18,100.41,21,284.6,293.905,133.89,278.17,94.48,338,16.9,88.03,12.09,24.59,274.7,554.76,39.77,210.86,303.48,174.72,136.53,95.27,18.09,902.6,167.92,89.35,244.16,7.07,207.8,94.94,109.43,48.37,200.04,84.75,22.08,95.38,213.81,65.1,78.75,197.245,32.85,225.27,677.21,535.25,138.93,204.85,524.07,104.18,23.66,189.08,29.4,321.46,61.58,136.06,120.43,48.98,83.88,215.31,272.21,107.49,68.48,106.56,4.56,396.9,150.34,36.72,143.03,147.01,4.15,1043.06,70.44,415.22,107.17,81.22,0.5788,86.18,43.04,97,47.83,190.78,43.7,135.63,69.63,13.45,48.79,76.23,287.93,309.19,46.21,26.05,38.07,1615.14,418.27,265.43,114.18,63.86,87.32,203.1,77.81,157.22,23.41,34.55,352.67,32.39,99.47,129.25,325.42,65.17,951.04,45.95,145.65,179.79,403.35,168.46,83.76,328.38,330.65,87.02,1028.78,1278.83,107.39,421.83,310.45,312.32,27.9,3.1,20.85,306.99,204.93,115.28,454.97,400.02,95.92,74.43,232.62,78.98,191.63,142.94,61.77,205.49,239.94,156.5,109.25,515.15,91.895,141.69,30.6,162.13,101.83,102.19,56.74,51.48,142.7,205,106.24,313.94,38.14,49.07,45.37,115.22,353.24,219.45,90.31,166.8,263.99,290.64,433.29,97.715,68.91,135.38,96.44,70.43,157.71,73.34,190.06,100.91,81.71,252.88,42.39,144.92,27,28.02,267.08,6.42,354.71,67.67,32.08,30.23,62.08,104.09,182.91,98.7,31.41,87.55,56.44,73.45,348.09,46.74,17.75,3.19,4.27,128.14,181.49,250.41,11.91,466.65,73.77,988.98,1124.21,524.46,67.86,198.6,105.31,315.84,14.94,14.9,169.99,567.5,69.32,331.52,11.92,253.48,53.34,73.01,891.68,474.57,358.38,62.42,91.89,679.65,1876.33,653.69,89.56,502.99,164.4,42.84,67.89,367.51,54.3,399.44,1203.75,147.53,135.61,176.84,235.01,215.35,491.65,132.7,41.43,309.29,1027.77,240.35,82.65,128.71,314.18,76.03,41.67,3.7,37.35,515.57,10.76,131.11,115.37,323.3,184.74,66.94,330.31,15,257.91,223.67,158.54,11.6,223.32,82.37,60.11,181.96,95.82,42.57,172.74,78.3,70.98,7.29,278.4,161.63,86.08,36.24,61.3,97.06,52.9,335.1,13.57,54.19,215.58,121.88,14.19,78.61,72.6,62.86,136.69,27.78,142.64,215.5,949.47,18.28,227.28,17.22,135.66,169.53,185.71,240.69,97.18,8,107.16,34.55,294.6,260.78,145.09,626.98,52.17,17.12,176.4,716.31,118.8,5.22,147.81,219.56,8.04,44.52,259.76,146.44,10.7,807.65,76.34,92.26,262.54,15.24,122.5,22.07,16.005,63.07,87.65,219.95,225.27,394.99,214.64,36.1792,53.68,82.85,116.79,36.3,39.53,59.79,35.2982,30.09,64.01,76.04,197.55,8.8,207.68,19.44,4.99,186.74,100.04,209.26,34.09,106.54,35.21,4.655,22.92,56.75,126.79,320.64,81.625,2.06,100.11,31.94,277.7,158.14,57.05,60.72,37.98,38.93,574.29,10.81,5.31,1764.17,331.48,393.22,258.23,88.34,17.33,532,147.55,204.53,418.36,11.49,74.02,523,762.4,75.46,85.01,240.69,51.55,885.92,42.2,76.54,77.35,275.39,42.62,81.57,25.15,47.74,1125.68,70.34,204.68,383.69,157.52,54.65,126.12,319.67,81.73,605.69,177.34,32.45,291.38,45.39,366.85,216.57,367.81,435.36,444.17,211.14,227.19,125.52,67.29,261.59,107.12,71.08,75,520.58,141.22,393.06,284.74,99.22,46.86,1028.77,17.06,62.11,97.45,149.97,27.98,14.55,367.39,231.33,378.74,224.11,183.84,139.35,120.89,313.3,25.21,330.32,388.95,249.89,94.94,188.08,185.89,262.89,521.12,72.36,31.69,151.1,159.89,375.56,89.38,223.92,87.68,87.41,18.3,49.74,27.91,482.28,106.15,235.9,89.67,216.44,75.15,105.83,156.76,17.13,159.38,76.19,99.23,51.39,110.83,65.31,57.06,171.79,187.87,83.05,43.41,42.94,166.58,112.46,164.23,195.01,10.57,69.32,184.25,84.3,495.65,79.4,30.42,166.1
2026-09-10,103.29,326.57,255,167.65,103.36,5.45,72.39,177.91,248.83,361.25,86.91,267.33,104.95,196.68,123.47,67.99,96.05,45.28,284.53,122.11,247.51,454.01,43,503.6,234.24,382.47,49.53,22.79,172.98,251.89,188.99,307.77,293.65,80.25,25.78,314.49,984.04,31.665,254.18,33.62,1687.43,59.91,199,164.81,103.88,6.33,147.065,360.83,478.85,320.71,64.7,204.8,108.56,62.56,258.49,90.59,215.43,174.33,59.4,20.75,1062.4,63.75,162.59,34.76,507,43.1,11.53,57.88,125.41,10.45,138.5,805,62.04,338.67,137.99,191.34,73.87,97.42,20.34,284.95,285.97,140.56,280.91,94.16,334.56,15.94,87.9,11.83,25.17,274.07,550.03,39.12,207.11,293.17,172.28,137.04,88.61,17.37,902.38,160.31,87.66,243,6.72,208.86,89.12,107.44,49.04,198.44,84.49,22.39,95.29,212.76,65.05,78.24,201.03,33.62,221.72,677.94,506.62,135.57,200.53,520.75,105.82,23.71,185.37,29.64,317.3,58.56,134.34,119.37,50.02,84.51,214.69,271.6,106.73,67,105.66,4.43,416.54,148.37,36.86,137.4,147.46,3.99,1023.81,68.99,409.15,105.73,81.36,0.554,86.77,42.62,96.44,47.53,182.78,43.39,136.45,68.98,13.88,49.01,71.21,285.5,311.8,46.25,25.81,38.52,1590.81,403.95,260.66,112.12,65.18,88.65,207.17,75.58,158.85,23.6,34.35,354.25,31.06,96.03,124.1,324.15,64.24,923.91,45.96,144.81,170.38,396.36,163.12,86.12,330.39,332.6,88.55,1019.77,1271.49,107,421.21,305.69,312.49,27.44,2.99,20.02,306.24,202.18,113.33,452.41,400.73,90.6,74.4,227.91,78.62,189.77,143.28,62.05,202.64,234.02,155.81,108.235,506.53,91.18,141.49,29.79,160.26,101.2,101.27,56.69,50.9,141.44,201.27,100.32,312.77,36.84,48.92,43.64,112.9,360.46,218.32,88.22,165.72,265.2,287.7,430.38,97.41,68.61,134.91,95.96,70,156.53,73.44,186.03,99.97,82.03,250.31,42.15,142.81,27.02,27.84,266.35,6.31,353.56,67.96,31.46,28.93,62.25,100.87,177.18,98.48,30.95,87.83,56.95,73.81,345.55,46.98,17.79,3.02,4.18,129.55,165.87,248.37,11.65,461.62,71.81,935.7,1123,530.12,67.25,196.59,104.36,298.01,14.62,15.02,170.08,565.37,69.18,329.07,11.43,253.05,52.8,71.58,880.86,467.36,373.87,62.47,91.62,673.25,1906.24,644.38,89.09,502.47,162.86,43.09,68.79,366.72,51.32,392.42,1186.08,144.71,136.62,177.29,226.96,212.66,492.44,128.56,41.82,303.15,977.41,228.11,82.44,126.14,311.17,76.01,41.42,3.58,36.62,518.95,10.62,131.17,111.65,323.3,183.6,65.42,326.14,15.02,255.46,218.36,155.17,11.15,226.465,81.35,59.57,180.55,95.72,39.88,171.11,79.45,70.17,7.25,268.92,152.94,85.51,35.23,61.16,94.1,50.65,338.49,13.87,53.36,216.04,122.57,14.03,77.84,72.48,62.41,136.65,27.65,142.97,216.19,934.34,18.78,232.41,16.69,134.41,165.86,189.77,242.98,96.59,7.6,105.05,34.21,294.6,258.51,145.16,618.73,53.31,16.66,176.88,708.69,117.57,5.18,145.61,218.42,7.82,44.88,259.01,155.34,10.87,793.26,72.42,92,253.98,15.16,122.35,20.95,16.05,61.96,85.35,219.58,225.48,392.4,213.17,36.5144,53.37,82.6,115.84,35.92,39.08,59.32,34.8,30.03,63.18,75.24,198.12,8.63,203.35,19.81,4.7,181.42,99.22,194.14,33.99,107.33,36.75,4.42,23.13,56.57,126.6,317.44,81.42,2,96.2,30.65,265.25,156.61,56.01,57.5,38.18,37.38,560.28,10.21,5.52,1692.59,329.72,397.17,255.54,87.75,17.21,517.43,148.18,204.67,410.42,11.28,73.67,521.73,757.83,72.49,84,237.08,50.74,862.33,42.21,84.03,75.44,270.01,41.1,82.31,25.55,47.04,1126.88,65.9,204.63,370.19,155.73,55.39,126.42,311.54,80.78,603.18,177.16,31.94,291.91,47.45,367.56,208.07,363.56,428.03,439.83,216.96,231.13,126.85,66.38,258.82,106.49,72.56,71.13,536.84,139.37,388.28,285.78,99.97,45,989.08,16.04,62.41,96.06,158.38,28.03,13.63,367.21,227.71,376.3,224.1,182.95,138.91,119.63,311.27,24.73,327.19,385.43,250.6,94.12,188.83,184.01,248.13,514.56,74.18,31.29,147.05,158.53,373.24,90.44,222.36,87.21,86.28,18.88,49.97,28.2,460.93,105.35,235.71,89.45,214.77,72.82,105.73,150.98,16.14,156.82,75.41,96.91,50.76,111.5,64.93,56.87,170.55,185.22,83.09,43.05,42.52,165.66,111.96,165.23,195.47,10.34,68.01,182.34,83.63,490.47,79.07,30.56,163.48
2026-09-11,105.36,332.27,257.12,170.19,101.95,5.58,72,183.9,252.23,378.78,86.72,268.26,104.9,200.36,123.33,71.44,95.98,45.82,291.22,117.52,248.68,456.49,42.32,516.13,241.87,377.35,51.73,23.78,177.85,256.78,199.59,302.69,291.43,83.92,26.42,323.96,984.39,31.84,264.79,33.64,1698.3,59.86,198.77,163.19,104.42,6.43,146.71,361.99,479.34,324.69,64.77,210.45,109.3,62.69,275.75,91.4,217.15,173.92,59.06,20.61,1079.65,63.64,162.66,35.28,510.37,42.98,11.96,58.73,128.51,10.21,138.82,818.57,62.01,338.25,140.51,191.93,75.62,96.68,20.58,289.37,284.75,145.77,280.76,94.4,349.54,16.85,86.8,12.06,25.2,275.54,556.75,39.11,208.3,305.37,175.26,137.35,88.53,17.94,904.77,162.95,88.55,247.72,6.43,206.74,88.99,112.13,48.95,201.5,83.9,22.44,94.66,214.06,64.36,79.91,201.95,33.16,221.21,675.74,567.29,137.89,200.14,525.79,106.55,24.74,188.58,29.03,311.6,59.1,132.58,119.42,50.23,83.03,212.49,276.18,106.46,67.84,106.7,4.53,418.72,152.19,36.35,140.37,147.36,3.95,1037.72,68.52,425.37,105.33,81.62,0.5358,84.37,42.87,98.56,47.94,188.72,43.16,137.64,69.61,13.97,49.32,71.07,288.92,311.99,46.13,26.1494,38.14,1690.82,414.58,266,114.95,65.94,87.18,209.03,76.34,156.07,23.6,34.49,355.9,30.82,97.1,125.41,323.66,63.93,957.27,46.95,143.72,167.25,398.77,166.4,85.62,335.45,338.5,88.29,1029.18,1280,107.2,426.94,308.74,316,27.51,3.03,19.78,306.19,202.36,112.57,460.4,409.8,98.6,75.25,229.61,78.6,190.51,144.02,62.3,202.93,243.29,157.4,107.94,504.7,91.01,141.79,29.76,162.24,101.52,101.07,56.63,50.88,142.19,206.45,102.94,321.57,36.75,49.43,43.83,115.18,369.15,219.01,89.54,167.11,268.16,288.89,434.07,98.29,68.82,135.56,96.63,69.92,158.47,73.66,186.56,100.75,82.14,253.25,43.26,146.01,27.06,28.17,265.58,6.39,356.23,68.04,31.39,29.13,62.35,101.08,180.64,98.15,30.86,88.29,58.49,73.9,347,46.69,17.78,2.91,4.22,128.86,152.31,245.54,11.81,466.22,71.49,927.03,1115.7,524.19,67.26,196.82,104.32,298.22,14.35,15.32,170.15,569.19,69.89,334.69,11.98,252.53,52.96,74.2,881.51,474.95,362.21,62.44,90.96,678.68,1897.37,648.03,89.9,509.96,164.97,43.4,68.98,367.02,50.51,395.93,1234.46,143.93,143.97,176.91,236.1,214.38,495.63,130.97,42.39,307.04,975.26,224.55,82.31,126.81,306.53,77.4,41.41,3.69,36.8,518.97,11.13,132.53,113.46,320.27,199.28,65.92,328.93,14.62,259.43,218.29,162.38,11.63,236.62,82.89,59.5,179.79,96.62,36.22,166.5,79.01,76.14,7.23,281.26,150.28,85.82,35.33,61.46,98.18,50.34,330.65,13.75,54.08,218.91,122.73,13.8,77.81,72.39,63.09,136.32,27.72,145.27,217.62,950.23,19.05,234.4,16.45,135.75,167.23,191.06,244.24,96.1,7.95,105.5,34.08,296.5,259.47,148.18,650.58,53.72,16.8,181.97,714.88,118.24,5.28,147.41,220.2,7.99,45.5,260.14,157.77,10.62,781.49,70.56,92.08,252.28,15.27,121.99,21.47,16.03,62.95,86.97,218.27,230.74,394.21,214.87,36.9013,53.77,82.9791,116.04,36.08,39.16,59.9,35.2351,30.06,64.77,75.0189,197.68,8.56,203.77,19.75,4.79,185.47,98.74,193.49,34.12,107.25,34.68,4.48,23.19,59.41,128.79,323.31,81.37,2,96.36,30.49,284.48,158.47,56.06,58.12,38.1,40.1,568.53,8.61,5.68,1633.35,328.99,397.38,269.21,87.17,17.32,527.07,151.21,204.83,410.71,11.42,73.79,525.75,764.29,69.88,83.34,239.79,51.51,830.17,43.22,88.35,75.99,275.56,42.13,83.21,26.06,47.15,1140.32,66.44,211.96,379.72,155.83,53.89,126.02,312.74,80.87,609.82,182.33,32.12,290.25,46.98,375.2,211.52,365.44,433.24,442.52,215.47,227.35,127.22,68.59,268.7,109.82,71.67,74.04,564.15,139.49,379.09,284.4,100.28,43.53,989.12,15.56,62.84,95.34,154.9,28.07,12.95,370.45,228.45,380.21,225.21,183.61,139.68,121.07,310.74,24.83,331.15,390.42,252.74,94.8,190.89,183.19,257.06,515.44,74.31,33.21,148.38,159.94,376.31,89.99,223.97,88.02,87.14,18.07,50.61,28.04,447.18,105.33,235.62,90.29,213.46,72.85,107.15,154.12,16.74,156.2,75.5,98.46,50.95,112.6,65.14,57.25,172.37,187.67,83.38,43.42,42.39,165.36,112.96,165.99,195.72,10.54,67.51,182.18,84.79,505.57,79.21,30.18,164.54
2026-09-14,95.76,333.08,261.77,170.65,103.09,5.51,66.86,195,265.6,361.02,86.44,276.63,103.97,197.55,122.23,73.38,95.89,44.84,257.04,115.03,249.99,424.21,42.25,493.41,233.65,381.5,47.12,22.68,176.94,253.54,187.81,311.54,287.13,78.55,24.58,334.24,990.54,31.65,239.01,33.45,1575.15,60,188.15,163.84,100.48,6.46,153.4,344.72,490.18,327.78,57.06,210.27,109.23,59.47,257.05,91.9,217.36,175.35,56.78,20.8,1065.6,64.1,157.66,34.76,514.95,45.05,11.66,60.3,128.29,10.31,136.18,784,62.42,341.85,140.9,181.21,74.17,93.26,19.88,279.06,264.57,143.35,290.05,100.05,319.64,15.635,87.89,11.65,24.88,280.46,541.1,38.65,206.68,266.5,191.45,136.67,85.62,16.96,918.91,150.09,88.98,259.43,6.46,235.38,82.98,110.06,48.91,200.82,82.54,22.75,95.55,212.17,64.46,79.8,203.54,33.15,230.05,681.46,534.28,139.41,203.25,524.49,108.59,24.85,179.14,28.9,323.77,54.8,131.13,119.02,49.73,84.68,214.16,275.51,105.78,65.99,105.85,4.51,424.24,148.3,36.66,128.52,148.54,3.82,998.72,68.33,393.16,103.64,80.86,0.5887,85.52,42.71,97.58,47.91,176.22,42.72,139.4,68.52,13.86,49.44,69.34,292.71,312.57,45.83,26.5944,38.18,1582.8,382.55,261.67,102.94,68.53,93,207.04,72.87,170.18,23.75,34.84,356.81,30.27,94.14,120.89,317.56,64.25,874.76,43.54,146.41,171.09,392.84,143.6,87.16,345.71,349.39,90.19,988.45,1277.51,107.94,425.49,310.87,303.75,28.81,2.99,18.82,310.6,201.38,114.33,442.38,407.02,91.13,75.72,227.13,78.53,188.87,145.66,62.19,204.6,249.09,157.75,106.67,509.56,90.93,140.87,28.4,160.48,106.64,101.81,57.62,51.86,141.26,208.21,97.19,339.15,37.5,50.08,43.17,112.06,377.94,216.77,90.05,166.37,269.04,287.91,432.28,99,68.18,134.98,95.98,70.87,156.79,74.4,183.24,100.28,82.64,251.1,42.39,137.76,27.26,28.18,266.32,6.3,350.13,68.14,31.58,28.18,63.41,102.27,169.09,99.09,30.96,89.35,60.91,74.11,340.03,47.58,17.91,2.89,4.16,132.83,146.25,248.93,12.17,464.41,69.97,835.03,1138.28,529.38,66.92,198.17,104.3,273.49,13.88,15.9,171.49,574.42,70.1,340.46,11.5,257.49,53.32,71.48,910.95,477.93,382.29,62.39,93.8,672.62,1900.24,665.6,89.61,500.92,162.02,44.2,70.61,362.41,50.68,396.45,1143.24,144.85,146.69,180.43,218.82,206.58,505.41,136.94,43.15,299.7,924.03,212.19,81.63,123.07,330.36,80.32,41.07,3.67,37.05,527.39,9.65,142.35,108.47,320.05,188.275,67.69,341.79,14.41,254.63,210.96,146.64,10.89,224.23,82.62,59.27,181.91,96.97,36.21,186.45,81.07,71.65,7.23,250.13,144.79,87.22,33.46,61.78,93.78,48.64,373.94,14.66,53.02,222.85,122.86,13.6,79.38,70.92,63.66,136.34,27.72,146.13,221.02,928.83,19.69,233.26,16.2,135.19,173.31,194.86,242.72,95.4,7.43,105.25,33.79,295.4,257.06,147.78,622.02,54.03,16.83,180.15,709.18,118.01,5.2,142.8,220.15,7.97,51.29,255.34,162.38,10.49,793.74,68.93,92.4345,248.34,15.27,122.2,20.95,15.86,62.55,80.39,222.99,230.04,384.23,215.01,37.6949,54.22,83.3201,114.715,36.58,38.82,59.69,35.1792,30.35,63.91,74.13,195.34,8.33,205.11,22.61,4.85,183.07,99.07,188.35,34.34,107.31,35.33,4.43,23.25,51.91,133.89,324.5,81.34,1.94,93.27,29.36,236.81,162.77,53.32,56.84,39.03,36.74,541.5,8.51,5.84,1551.99,332.35,381.43,261.12,87,17.65,497.4,148.15,204.97,418.54,11.34,73.82,556.31,760.88,69.73,82.99,234.53,47.78,805.55,43.75,79.26,75.88,281.87,41.6,83.54,26.51,46.22,1111.22,66.25,203.37,329.2,158.7,54,125.99,286.52,80.93,613.62,182.9,33.29,287.25,47.13,378.05,191.12,358.97,418.01,426.01,222.91,231.88,134.75,70.11,263.42,108.96,72.63,66.39,552.91,139.77,383.55,285.08,102.46,42.19,993.8,15.71,62.68,94.8,156.66,28.17,12.34,375.28,225.51,379.38,227.77,181.57,139.29,119.17,315.02,25.04,325.92,382.95,250.54,94.33,195.33,180.77,237.39,519.51,71.64,30.8,140.73,158.73,374.68,89.1,222.89,87.71,86.04,18.23,51.29,28.1,426.94,105.17,234.21,88.71,218.09,71.95,109.08,149.67,15.47,157.6,74.16,98.27,50.49,115.07,64.53,57.03,169.93,184.28,84.42,43.12,41.82,167.75,112.85,165.08,193.47,10.71,67.9,180.49,85.52,474.62,79.49,31.01,191.73
2026-09-15,95.29,331.34,263.04,168.32,102.03,5.47,63.94,193.4,257.76,361.35,86.61,276.53,103.02,196.9,120.61,72.09,95.85,44.53,252.54,113.45,238.27,421.17,42.46,504.2,234.45,375.65,46.38,22.35,177.71,248.42,192.84,304.67,290.56,77.65,23.42,331.46,979.76,31.51,241.83,33.24,1591.48,58.77,186.69,162.04,100.71,6.44,156.99,339.27,442.08,324.43,57.7,209.69,109.34,59.52,259.35,90.39,216.17,171.32,56.72,21.38,1058.66,63.73,154.67,34.63,516.76,43.87,10.91,58.84,126.7,9.99,136.17,783.54,62.45,341.86,140.11,184.03,73.25,91.21,19.91,273.96,259.89,141.2,288.9,101,334.33,15.09,87,11.79,24.42,275.09,538.02,37.98,206.85,271.17,172.11,141.22,84.59,16.04,901.35,150.39,87.69,255.65,6.35,242.49,80.92,110.07,48.66,198.95,83.39,22.91,94.49,217.77,63.87,78.89,198.26,33.68,230.27,684.04,543.51,140.2,209.36,521.23,106.42,24.64,179.27,29.85,310.82,55.01,130.4,117.77,51.33,86.45,203.47,274.6,105.24,65.76,105.4,4.52,417.54,147,36.72,129.64,153.74,4.07,1006.98,67.21,392.4,102.92,80.2,0.5787,85.74,42.53,96.92,47.8,176.49,42.195,137.3,68.33,13.5,49.41,69.38,289.9,308.26,45.33,25.68,37.34,1576.78,374.91,263.09,101.69,67.57,94.8,202.34,74.97,172.37,23.75,34.4,358.6,30.44,94.13,120.31,307.05,64.07,882.81,42.75,146.3,171.68,394.15,143.57,85.37,341.43,344.98,88.98,976.67,1269.53,106.25,423.82,305.48,296.85,27.85,2.89,18.68,307.79,203.44,110.45,438.53,396.62,87.09,75.93,224.67,78.38,185.23,144.96,61.49,202,248.37,156.9,104.88,510.73,90.82,144.76,28.9,159.69,105.55,100.89,57.06,51.78,140.05,222.29,97.14,329.27,37.05,49.15,41.58,112.04,377.16,214,89.12,165.14,268.6,285.14,429.1,97.06,69.25,133.92,95.41,70.64,155.85,73.65,183.52,99.31,81.82,250.08,42.32,138.29,27.09,27.88,267.2,6.13,352.49,67.95,31.49,28.04,63.12,100,168.02,98.675,30.77,88.71,62.25,74.05,336.68,47.62,17.92,2.81,4.12,129.24,142.12,249.66,11.76,462.96,70.02,838.96,1136.11,533.46,65.99,194.61,104.28,270.87,13.87,15.69,170.24,573.27,69.6,337.24,11.24,252.78,52.91,71.49,899.56,467.16,377.67,62.1,93.75,669.85,1828.94,670.24,89.05,506.81,164.67,44.63,69.81,356.7,49.17,410.84,1142.46,143.79,143.77,179.76,221.7,206.28,497.12,129.6,44.4,299.51,927.6,207.37,81.07,124.19,327.23,77.9,40.59,3.6,36.22,531.25,9.84,141.9,105.99,320.22,189.93,67.99,350.78,14.19,258.82,212.17,146.8,10.81,226.35,79.79,58.71,180.96,94.72,35.98,190.45,79.85,73.2,7.24,244.16,140.35,85.16,32.79,63.52,96.97,48.42,375.09,14.23,52.84,226.76,122.46,13.15,78.08,70.42,62.41,135.5,27.55,146.67,221.31,925,18.76,231.21,16.02,135.84,172.56,194.11,240.78,94.9,7.21,104.89,33.23,296.68,264.93,143.4,613.35,53.81,16.41,187.8,704.54,116.76,5.05,142.74,218.68,7.84,50.24,249.3,159.63,10.75,774.11,68.3,91.54,251.16,15.09,120.71,19.7,15.54,63.55,83.11,229.44,226.26,392,213.96,37.3144,53.1613,82.54,117.11,36.7,39.08,59.265,35.0567,30.085,63.79,73.25,195.5,8.4,204.86,23.48,5.07,183.14,96.58,189.39,34.33,107.79,35.26,4.33,23.2,49.99,129.86,323.22,81.31,1.96,92.71,29.18,239.2,162.37,54.2,57.53,41.29,35.64,542.11,8.43,5.83,1530.895,322.98,367.7,262.48,85.95,17.07,498.85,143.49,204.1,412.52,11.6,73.42,558.26,757.39,69.29,81.2,239.22,47.92,771.81,43.71,90,76.06,281.5,42.77,79.6,26.72,45.09,1085,64.65,201.42,332.85,154.4,53.04,124.6,282.15,80.71,641.39,180.47,31.84,285.68,47.52,377.97,195.12,356.58,413.75,422.73,211.91,242.16,138.1,74.39,263.43,106.92,71.43,65.66,562.75,137.46,375.93,283.99,102.35,41.77,989.13,15.4,62.22,92.01,161.86,28.22,11.86,375.62,226.25,372.36,225.89,185.61,138.66,118.79,314.56,24.76,324.05,397.04,249.2,94.1,193.81,178.82,234.61,514.63,70.61,31.43,141.53,158.03,372.84,88.56,222.7,87.06,85.69,18.26,51.45,28.03,411.96,103.51,232.76,89.72,217.25,71.63,108.09,150.02,14.49,154.03,72.49,97.76,50.73,114.03,65.93,56.85,168.85,183.74,83.73,43.07,41.32,167.66,110.88,169.32,199.7,10.23,66.79,178.24,83.22,480.49,78.31,31.04,193.89
2026-09-16,96.74,332.41,262.51,167.51,102.36,5.22,64.82,189.64,250.5,362.04,85,273.19,103.04,195.57,120.69,71.58,95.81,44.92,269.18,109.47,239.36,415.38,41.97,512.5,232.19,376.35,46.28,22.86,176.39,245.96,197.54,300.57,287.08,77.26,24.39,326.56,984.69,31.58,243.98,33.28,1602.22,59.27,189.65,161.96,99.74,6.36,156.45,339.51,468.42,312.43,64.3,201.96,107.27,57.9,270.02,88.55,216.01,171.4,56.32,21.52,1037.24,63.6,153.47,34.72,519.8,43.91,11.03,58.96,123.45,10.95,132.95,782.72,62,341.53,138.56,190.47,73.22,90.9,18.98,279.9,259.53,135,280.45,100.3,340.5,16.72,87.02,12.15,23.73,272.46,527.5,38.33,203.19,289.93,164.51,132.54,84.19,16.88,893.74,161.49,86.7,250.54,6.48,241.36,83.35,107.74,47.9,199.46,81.01,22.72,91.72,211.54,63.51,77.87,196.76,33.16,230.79,669.47,563.29,138.32,208.36,515.22,106.99,24.33,181.07,30.08,301.3,55.33,130.7,117.76,48.44,87.34,210.61,274.08,105.42,65.72,105.02,4.54,412.56,145.83,35.56,130.2,144.93,3.935,1016.16,67.86,397.8,102.32,80.39,0.6033,89.28,42.43,97.01,47.46,175.54,42.44,136.43,68.16,13.35,49.03,69.24,288.66,301.72,45.38,25.15,36.85,1587.35,392.68,259.41,104.82,66.16,92.62,191.07,72.78,171.77,23.46,33.92,360,30.37,92.8,118.02,312.9,63.49,925.09,43.03,147.68,163.47,391.74,144.16,84.29,339.36,342.87,86.49,937.98,1258.26,108.44,430.43,302.47,299.43,28,2.9,17.99,305.63,207.66,104.42,439.07,384.72,89.82,74.55,227.73,78.42,181.16,143.86,59.34,202.4,237.49,154.1,104.77,513.62,90.73,139.63,28.16,159.66,104.96,101.23,56.67,51.9,139.46,228.93,101.05,318.13,36.84,48.25,42.62,112.15,382.29,215.27,88.12,164.38,267.33,283.92,427.43,96.36,67.17,131.63,93.74,70.77,155.36,73.18,182.17,98.65,80.16,250.15,42.07,140.47,26.9,27.8,267.28,6.08,348.92,66.78,31.8,27.82,62.62,96.84,167.36,98.1,30.73,87.87,61.14,72.74,336.67,47.59,17.83,2.78,4.04,129.35,139.01,250.74,12.03,462.09,69.85,919.4,1137.82,537.25,66.11,194.1,104.45,269.23,13.87,15.69,171.13,567.75,69.52,334.97,11.04,248.56,52.31,69.59,887.29,465.3,376.34,62.36,92.6,665.88,1839.71,673.31,89.12,496.76,162.65,44.57,70.1,359.7,48.99,413.92,1147.61,144.91,145.62,176.76,229.71,202.42,490.3,126.18,43.58,299.83,926.55,209.37,80.37,121.76,324.65,76.41,40.66,3.58,35.78,530.78,10.14,139.82,107.38,317,191.49,68.7,345.34,13.81,260.68,213.9,147.65,10.48,218.98,78.03,57.15,174.36,92.7,35.62,188.12,79.33,66.6,7.2,243.64,143.16,83.68,33.99,59.36,97.61,47.56,375.65,13.63,52.75,227.59,118.22,13.35,78.76,70.39,62.33,134.34,27.46,147.02,216.99,918.75,18.65,231.45,16.02,133.74,174.34,191.71,231.49,94.99,7.4,104.98,33.41,294.68,264.63,142.84,619.28,52.71,16.27,184.84,704.72,116.62,5,143.27,217.37,8,47.43,253.92,157.6,10.79,774.61,67.61,90.94,245.51,14.79,119.93,20.35,15.23,63.7,81.41,228.25,224.8,394.3,212.28,36.9904,52.72,80.9898,113.35,36.775,38.8,58.94,34.759,29.96,63.52,73.34,196.83,8.27,195.92,23.17,4.95,180.02,97.34,189.88,33.84,105.16,34.68,4.29,22.81,52.21,129.96,321.46,81.24,1.97,90.93,28.62,241.14,161.89,52.3,57.05,38.16,36.85,545.56,8.3,5.72,1519.97,331.02,378.47,260.5,86.23,16.84,502.06,150.88,202.94,406.76,11.49,72.92,547.43,754.05,68.68,81.7,238.23,48.06,783.18,44.58,85.59,74.88,284.76,43.11,78.71,25.86,44.62,1080.11,64.25,202.2,341.15,154.68,55.85,122.84,287.6,80.88,648.43,176.26,31.12,284.77,47.17,378.92,202.2,358.08,417.72,421.68,211.81,238.88,143.07,72.68,260.67,106.3,70.97,66.53,570.37,134.2,375.26,280.92,98.77,41.37,1006.25,15.1,59.73,92.51,156.17,28.4,11.73,370.93,224.7,370.26,225.11,180.16,136.44,118.92,314.66,24.53,323.85,403.28,244.3,93.48,192.5,178.95,239.41,513.26,70.95,31.32,140.39,157.41,371.26,88.21,220.64,87.06,85.41,18.43,49.76,28.07,416.97,103.38,234.5,87.05,214,70.9,107.5,146.73,15.39,154.18,72.71,96.8,50.36,113,64.03,55.93,168.71,183.93,83.33,42.81,41.32,167.77,110.18,163.32,191.8,10.34,66.79,174.41,82.73,479.8,76.63,30.85,191.58
2026-09-17,98.06,337,264.02,165.93,102.23,5.4,67.77,190.29,252.67,362.65,88.09,272.24,103.9,201.37,121.62,70.28,96.33,46.08,293.56,115.05,245.51,417.4,42.38,545.09,234.32,379.78,47.95,23.7,175.58,251.19,199.53,296.05,286.12,78.37,26.38,321.6,995.77,32.3,264.9,33.43,1629.67,62.71,183.64,162.03,102.36,6.49,163.38,347.3,453.5,311.17,67.75,197,108.54,58.18,280.76,90.03,219.05,170.52,56.565,22.76,1053.96,62.84,153.02,35.115,509.2,43.55,11.24,56.6,125.41,11.7,132.7,798.57,62.02,341.9,139.32,194.14,73.74,92.8,19.98,280.76,262.8,133.37,276,101.66,344.25,16.94,87.73,12.76,22.91,271.15,523.88,38.56,202.04,295.98,173.97,133.19,86.61,17.14,893.93,168.25,86.7,242.85,6.87,245.7,79.88,110.24,47.9,197.96,81.53,22.81,90.27,211.57,64.29,79.43,194.56,33.05,236,685.63,588.4,140.38,212.5,518.35,105.35,22.47,184.26,29.49,297.65,57.78,130.44,118.54,48.72,87.93,199.56,271.68,107.08,66.91,106.04,4.62,414.26,147.4,36.02,134.67,145.47,3.98,1025.94,68.99,409.46,103.31,80.84,0.6042,88.25,42.69,97.91,47.95,182.39,42.64,139.03,68.75,13.61,49.18,70.85,291.6,305.88,45.73,25.395,36.43,1573.96,380.92,266.6,111.53,64.98,93.98,201.16,72.74,172.58,23.39,34.19,355.95,31.3,95.92,123.63,313.47,64.445,924.93,45.84,150.89,161.42,398.36,147.8,86.62,343.68,347.33,85.4,951.47,1262.61,109.68,429.04,302.51,296.48,27.89,3.11,18.96,302.54,206.49,109.81,443.23,384.52,90.99,74.7,225.76,78.72,182.51,143.58,59.66,207.07,237.75,153.3,105.62,506.48,91.25,140.86,28.2,162.94,105.78,102.27,56.55,51.7,139.5,245.18,108.8,313.13,40.34,48.27,43.48,114,383.54,213.88,88.55,166.21,267.51,285.43,431.95,96.79,67.64,131.66,93.68,71.37,155.63,73.04,184.29,98.94,80.8,255.42,42.08,141.06,26.64,28.17,270.22,6.19,349.31,66.68,31.43,28.49,62.42,98.19,168.98,98.19,31.31,88.06,60.75,72.74,338.75,47.66,17.87,2.89,4.28,130.96,149.85,250.46,11.97,458.48,70.9,893.61,1152.44,538.09,66.64,194.19,105.16,269.31,14.79,15.5,168.34,565.73,70.78,334,11.64,248.48,52.67,70.82,879.57,461.88,393.42,62.04,92.77,669.43,1825.21,682.31,90.57,494.44,164.71,44.51,69.7,355.63,49.38,421.96,1169.58,147.15,158.07,174.58,240.76,203.52,497.75,132.25,43.77,306.12,977.5,217.99,81.28,124.39,333.94,75.31,40.91,3.62,36.36,524,10.6,138.47,106.23,318.97,196.92,69.97,366.31,13.84,265.14,219.34,151.33,11.14,227.95,83.36,57.32,175.09,93.22,39.65,190.02,78.6,68.3,7.39,250.03,150.59,84.89,34.95,59.29,103.99,49.62,375.06,13.76,52.91,226.06,117.36,13.38,77.73,70.98,62.13,133.66,27.64,147.55,216.29,925.29,18.31,235.57,16.99,135.18,176.24,190.48,232.01,95.59,7.51,105.45,33.6,300.76,274.21,143.7,616.54,52.94,17.69,188.71,716.92,117.56,5.17,146.75,218.95,8.44,47.5,249.74,152.83,11.55,789.45,69.1,91.13,251.45,15.99,120.61,21.88,15.4,67.82,85.87,228.42,229.48,400.56,213.31,36.3959,52.97,81.08,114.18,36.97,39.17,59.03,34.9141,30.03,64.68,73.8822,193.54,8.725,196.94,23.19,5.51,181.13,96.67,196.11,33.89,104.63,36,4.3,22.875,56.725,128.6,320.94,81.36,2.02,95.01,30.1,253.3,164.39,52.08,58.97,36.97,40.35,560.61,9.04,5.65,1614.39,338.39,381.17,264.41,86.76,16.73,519.1,154.81,204.47,404.11,12.14,73.06,528.84,762.6,71.8,82.18,245.35,48.61,803.13,45.48,91.32,74.41,280.13,44.61,79.11,25.39,46.36,1076.01,65.22,206.6,353.13,159.83,56.47,126.55,293.31,81.78,658.32,166.45,30.65,285.07,46.74,379.49,219.24,366.2,430.26,423.33,210.62,246.24,155.56,76.97,258.14,107.64,70.87,67.54,596.44,134.76,375.21,282.48,100.17,42.68,1002.53,15.63,60.25,92.16,155.31,28.38,11.98,369.93,226.3,373.72,225.02,181.01,136.35,121.48,317.03,24.11,324.75,412.53,244.5,93.81,192.27,180.43,241.49,516.34,73.02,31.85,143.56,159.22,375.34,87.71,221.78,88.43,86.5,17.73,48.33,28.24,423.87,104.73,232.26,86.89,213.33,71.81,106.79,152.2,16.47,158.25,73.63,97.07,50.71,112.35,64.48,55.88,169.01,188.06,83.49,42.94,41.69,168.81,111.39,163.27,192.59,10.6,67.75,175.34,82.82,499.27,76.47,30.37,197.47
2026-09-18,105.17,336.13,263.96,166.22,102.61,5.26,68.51,181.29,248.92,375.72,85.18,271.22,102.23,199.49,120,71.21,95.96,46.55,303.25,110.91,239.56,444.57,41.9,559.82,237.64,385.65,50.3,23.75,173.98,253.71,199.39,295.64,284.18,77.55,28.12,308.06,990.32,32.12,275.61,33.77,1679.92,58.52,191.63,160.3,103.29,6.31,159.95,357.61,447.76,311.56,70.03,198.2,113.24,57.73,265.63,89.93,215.5,167.9,57.25,21.67,1069.78,63.06,153.79,35.11,509.77,43.34,12.97,56.78,124.96,11.51,131.77,808.99,62.25,340.64,139.5,198.37,73.06,91.62,19.76,282.9,254.71,128.17,275.28,99.87,348.8,18.34,87.47,12.5,22.74,276.01,532.23,38.22,202.43,317.36,194.25,131.83,87.28,17.99,895.31,175.89,86.15,237.92,6.73,237.65,81.36,109.51,47.1,197.64,80.53,22.7,88.84,209.51,63.58,79.62,192.94,32.93,229.92,683.99,568.06,138.02,211.81,515.88,102.67,21.75,182.12,28.73,294.2,59.61,128.52,117.53,48.61,89.35,196.71,269.46,105.43,67.03,104.97,4.58,410.95,149.92,34.64,142.25,144.23,3.96,1021.34,67.72,424.77,102.01,79.78,0.6328,88.26,42.15,97,47.27,181.31,42.07,136.71,68.16,13.21,49.01,71.54,288.14,303.65,45.26,25.765,35.62,1651.37,388.55,265.93,118.38,64.45,92.81,195.96,72.02,169.84,23.4,34.32,353.05,32.79,95.48,124.44,314.27,64.13,940.33,47.82,150.11,163.81,401.17,150.13,82.2,344.41,349.54,85.06,942,1266.61,112.45,427.71,299.98,298.22,27.99,3.41,18.92,305.73,206.46,119.82,446.92,386.22,98.74,74.95,229.67,78.53,184.8,142.699,59.58,204.56,229.55,155.47,104.21,511.65,90.8,140.02,28.06,163.99,104.35,101.53,56.16,51.77,138.9,239.62,108.6,303.19,39.13,47.96,46.68,114.34,393.33,213.84,87.41,166.34,269.42,284.1,431.88,96.12,67.37,131.77,93.87,71.17,155.72,72.38,182.37,98,80.27,256.87,41.91,143.28,26.92,28.22,269.99,6.12,349.67,66.62,30.96,28.08,61.95,98.81,176.99,97.86,31.84,88.25,60,72.75,336.67,47.46,17.81,2.86,4.09,127.69,145.23,247.29,12.14,460.4,70.5,930.91,1152.93,533.38,65.605,192.49,104.7,288.11,13.92,15.1,167.12,565.24,70.46,338.92,13.24,248.24,53.07,73.27,874.65,468.59,383.56,60.85,92.13,666.68,1787.39,665.75,90.89,490.64,165.89,44.71,69.52,364.64,47.26,424.89,1217.8,146.87,154.04,175.01,244.25,202.58,493.78,153.92,43.2,309.62,1015.8,223.54,80.47,123.41,323.6,71.79,40.58,3.66,35.51,527.39,10.68,135.47,103.66,314.16,197.79,69.8,369.39,13.65,248.38,222.27,157.88,11.43,227.99,80.47,56.66,173,93.46,38,182.37,76.57,69.98,7.39,263.43,147.61,84.71,35.05,58.84,104.14,49.99,363.58,13.39,52.96,226.28,116.06,13.2,78.9,69.77,61.77,129.75,27.66,146.39,213.48,943.54,18.6,232.77,16.42,134.84,177.64,188.62,233.17,94.21,7.8,104.52,33.34,296.31,273.13,143,636.71,52.41,17.11,177.72,721.45,117.82,5.025,147.79,219.18,8.7,47.82,245.81,150.85,10.74,784.85,69.06,89.72,249.65,15.76,121.94,23.75,14.99,64.57,87.6,224.99,226.61,390.15,212.29,35.8934,52.43,81.33,113.9,36.73,38.4646,59.075,34.5248,29.68,64.72,72.885,194,8.53,190.95,22.51,5.11,178.59,95.83,195.7,33.68,105.25,34.68,4.41,22.89,57.56,128.5,320.73,81.24,1.97,95.2,30.19,272.11,162.02,51.12,59.93,36.97,39.09,573,8.27,5.53,1791.82,332.43,384.97,266.16,85.52,16.96,533.07,152.71,205.32,405.32,11.4,72.58,509.45,761.69,67.72,81.31,235.26,50.18,858.79,44.33,88.76,75.04,275.12,41.89,79.05,25.4,45.66,1086.05,65.52,205.42,371.47,158.19,56.87,127.24,292.3,81.25,651.45,168.18,29.74,292.19,46.71,374.62,223.6,364.27,434.67,429.11,205.45,243.84,166.99,76.6,266.64,108.71,70.5,70.64,589.48,134.52,376.9,279.37,99.06,41.65,1013.91,15.37,60.06,93.42,153.82,28.39,11.7,368.29,223.49,371.96,223.55,180.31,136.32,122.31,315.85,23.72,325.54,413.28,240.83,92.91,189.68,177.98,249.39,508.34,76.38,32.51,140.67,158.55,375.43,86.69,221.25,88.75,85.88,17.76,48.09,27.8,441.36,103.17,228.87,86.12,211.1,72.05,106.73,151.01,17.01,156.72,72.3,96.39,49.99,110.81,64.31,55.86,169.75,189.6,82.8,42.53,41.1,168.39,111.03,163.54,190.61,10.62,66.94,174.25,82.03,506.66,76.28,30.23,197.31
2026-09-21,108.67,338.98,264.48,166.84,102.98,5.43,72.77,186.11,249.52,383,83.38,269.94,101.83,197.48,120.03,71.05,96.21,48.19,340.74,112.92,244.32,464.24,42.15,615.52,241.23,393.16,52.19,24.08,174.6,258.45,205.42,290.82,279.46,80.72,28.19,330.17,988.2,32.9,322.9,34.23,1711.32,61.89,189.16,158.27,101.93,6.51,160.9,362.66,452.06,313.59,79.93,201.15,115.75,57.96,272.89,92.21,219.07,168.52,57.83,23.17,1090.27,62.62,153.89,35.82,502.01,43.72,13.14,55.86,126.41,11.92,135.05,816.5,61.48,337.26,143.21,208.49,73.22,93.23,19.52,294.9,262.11,123.35,274.47,103.09,365.96,18.9,86.26,12.07,22.93,275.53,534.78,37.99,204.92,321.52,201.05,127.53,87.49,18.36,898.48,187.27,87.14,236.42,9.33,249.35,85.43,111.46,45.99,196.88,79.11,22.43,87.6,203.67,62.82,82.5,193.83,32.58,245.05,684.73,575.31,139.25,215.84,519.78,104.23,21.97,186.33,28.27,295.94,61.58,126.13,116.74,47.59,89.17,200.3,269.98,103.86,68.83,106.13,4.73,409.31,151.72,34.76,143.14,141.38,4.07,1057.26,66.89,435.43,101.58,79.26,0.6301,88.34,42.6,97.96,47.69,189.16,41.98,137.46,68.99,13.17,49.65,72.16,296.85,295.79,44.97,25.9924,35.19,1632.59,401.57,261.68,119.31,64.79,92,199.84,71.31,175.23,23.28,34.91,353.9,34.25,94.43,122.68,319.01,64.81,946.22,48.57,150.56,161.53,398.38,158.98,83.95,350.87,354.97,85.29,959.39,1277.79,111.45,425.97,297.2,303.03,29.35,3.48,18.35,307.08,206.48,123.3,457.49,378.58,103.42,74.51,227.37,78.68,187.1,141.34,59.76,207.16,231.93,155.37,103.68,515.3,91.15,135.64,27.97,169.32,107.13,102.24,55.86,51.95,139.24,238.82,121.78,304.12,40.51,48.16,47.23,116.89,401.65,216.14,88.2,168.81,267.52,285.58,438.4,97.35,65.84,132.31,94.38,71.61,156.52,71.91,181.49,98.9,79.86,264.46,42.45,145.18,27.28,29.01,269.47,6.41,352.04,66.07,30.62,27.79,61.39,100.83,183.97,97.74,31.72,87.12,59.69,71.99,333.85,48.59,17.67,2.96,4.3,128.23,154.85,246.93,11.52,457.5,70.83,954.49,1164.89,535.4,64.97,190.98,105.09,302.28,15.72,15.27,169.18,567.65,72.97,342.66,13.28,247.88,54,74.78,886.47,467.22,407.3,60.17,91.75,668.33,1820.47,741.245,93.33,499.67,164.97,44,68.53,369.42,50,402.38,1277.68,149.5,172.94,172.72,257.38,206.12,501.61,168.5,43.16,316.25,1043.96,232.8,79.63,123.05,351.67,73.36,40.52,3.67,36.1,526.66,10.94,137.68,103.28,309.07,198.15,70.04,370.64,14.06,242.4,227.38,159.44,12.16,232.41,83.15,56.65,175.36,91.8,40.18,191.33,75.59,71.72,7.38,275.98,148.56,82.88,38.12,57.25,113.66,48.75,371.76,13.59,53.08,226.24,114.73,12.94,79.295,69.31,62.6938,129.59,27.74,146.08,212.24,958.17,19.36,238.31,17.07,135.82,183.09,187.48,233.25,93.31,8.41,104.93,33.05,296.67,261.75,144.98,642.61,52.62,17.7,194.23,741.47,120.69,5.1,153.04,222.93,8.96,51.25,250.25,158.73,11.6,798.17,70.27,90.3,250.11,16.53,121.68,24.18,15.36,69.89,96.96,223.61,231.25,384.65,212.68,36.4745,52.73,81.18,111.68,36.84,38.22,59.04,34.5663,29.35,66.26,72.01,194.34,8.79,192.76,23.8,5.58,176.28,94.9,198.06,33.72,106.88,35.61,4.44,22.65,59.93,137.92,321.31,81.29,2.07,93.76,29.79,269,168.21,51.76,59.63,34.75,41.2,596.03,8.79,5.7,1766.64,339.39,401.85,279.59,85.46,16.97,559.34,151.85,204.98,404.47,11.96,72.18,516.77,773.5,69.53,81.2,229.99,51.63,877.325,45.41,88.74,75,274.19,43.96,78.43,25.45,46.71,1109.65,66.76,210.01,381.54,157.71,57.16,130.96,299.97,81.8,658.76,165.27,29.8,289.36,46.44,371.13,233.82,375.3,445.14,433.32,209.92,266.06,165.83,79.1,270.87,114.39,70.84,73.05,586.17,133.53,377.56,269.63,94.75,42.98,1029.92,16.78,60.44,94.22,148.16,28.48,12.3,369.95,223.35,376.65,222.94,176.11,136.76,125.56,317.99,24.05,327.12,393.27,246.2,93.81,197.5,177.38,250.86,510.72,76.38,32.62,140.78,160.89,381.1,87.03,221.94,91.02,87.15,17.69,47.68,30.8,448.17,103.48,232.76,86.54,207.04,71.65,107.44,147.66,17.45,158.23,71.85,96.96,49.71,114.75,62.46,55.9,169.98,194.85,81.92,42.59,40.66,169.01,112.23,158.3,184.75,10.47,67.52,174.34,82.56,524.56,77.91,31.15,207.13
2026-09-22,107,339.75,265.21,161.81,103.69,5.69,75.8,183.72,238.25,390.37,82.34,269.64,101.66,203.55,120.27,71.77,96.25,48.61,363.46,116.8,251.65,472.46,43.24,623.77,245.41,410.24,54.59,24.22,175.25,254.98,205.19,286.1,287.86,82.84,28.54,328.73,963.79,33.04,333.2,34.17,1747.9,63.69,186.56,157.34,104.6,6.46,156.15,364.54,459.32,305.07,77.79,197.72,116.31,56.2,276.53,92.43,225.36,164.22,57.26,23.19,1066.66,62.25,150.17,36.01,503.49,44.92,13.1,56.55,124.01,11.51,132.47,808.01,60.7,335.77,141.05,212.41,72.37,94.59,20.49,302.95,263.46,117.26,273.74,102.575,368.56,19.09,87.05,12.53,22.42,267.21,526.13,37.85,200.55,310.39,201.07,125.27,89.98,18.79,899.41,192.56,88.04,233.28,8.54,250.06,86.76,106.44,46.59,198.8,80.34,22.16,87.1,202.41,62.43,83.92,192.21,32.44,247.475,703.12,548.92,144.11,221.09,518,103.82,21.8,185.65,28.2,297.115,63.62,125.41,116.31,46.93,89.53,206.81,276.22,103.84,69.1,106.5,4.73,402.43,154.19,34.42,151.11,139.52,4.06,1059.26,66.38,442.49,101.16,79.27,0.7376,88.78,42.65,98.78,47.67,192.62,41.8,134.99,69.16,13.1,50.08,74.35,293.44,295.94,44.73,25.995,34.96,1625.13,403.8,267.2,126.01,64.25,89.95,200.78,70.82,174.26,23.02,35,343.39,33.75,97.83,127.97,319.22,66.27,950.28,47.95,152.67,159.86,400.07,159.69,83.45,347.41,351.16,84.78,949.49,1268.62,115.13,438.12,305.35,307.77,30.43,3.54,19.03,308.44,211.85,124.25,458.83,372,106.61,73.57,225.36,78.67,183.44,139.36,58.65,210.81,231.38,152.93,103.44,521.5,91.16,132.75,27.9,170.3,106.75,102.92,55.47,52.3,139.7,247.46,123.86,292.35,40.74,47.78,48.55,118.13,402.09,214,91.03,168.88,270.47,287.21,438.5,97.47,65.14,129.79,92.46,72.08,156.37,72.46,185.35,98.68,80.15,265.99,41.76,146.44,27.38,29.12,269.19,6.44,340,65.23,31.51,28.7,60.69,98.44,188.32,98.91,31.27,88.61,58.56,71.19,350.88,46.97,17.86,3,4.32,123.31,157.83,239.89,11.66,464.91,71.33,945.67,1170.14,522.34,64.62,196.08,105.09,310.96,16.24,14.9,169.84,555.89,72.57,348.06,13.63,250.35,54.25,75.82,891.23,469.25,427.69,61.08,90.77,670.49,1826.58,736.595,93.52,499.34,169.3,44.27,68.64,367.83,51.04,389.68,1380.62,150.91,182.56,170.01,262.36,200.18,498,167.33,41.71,317.9,1096.16,236.12,79.26,127.26,353,72.16,39.88,3.72,36.1,509.86,10.82,137,102.75,314,192.91,69.25,390.9,14.16,245.66,228.87,162.65,12.46,237.57,82.52,56.53,177.31,90.09,40.45,196.62,75.34,73.6,7.72,283.81,149.2,85.82,40.25,56.31,110.89,50.85,374.57,13.25,53.57,224.61,113.9,12.88,80.35,69.12,62.37,131.19,27.93,148.22,206.94,964.85,18.39,238.23,16.91,135.88,184.99,190.23,227.96,93.16,8.17,107.77,32.88,289.71,256.78,145.07,642.63,52.89,17.56,198.27,747.46,121.71,5.05,154.43,223.07,9.08,49.87,234.89,155.67,11.76,803.9,70.97,89.84,258.29,16.52,121.55,24.93,15.14,71.98,105.24,221.97,232.51,386.95,212.8,35.9421,53.07,79.7773,109.99,37.2,38.81,59.3,34.5413,29.53,66.56,71.78,190.99,8.79,192.86,23.85,5.74,175.84,95.11,206.14,33.74,100.35,36.08,4.55,22.5,63.21,147.74,328.35,81.32,2.13,97.41,31.09,283.26,167.39,52.12,60.73,33.92,41.54,607.46,8.89,5.62,1887.04,336.59,409.24,283.25,85.15,17.16,572.78,154.72,205.95,402.44,12.21,71.94,501.3,773.38,70.19,80.98,233.99,53.41,919.84,46.45,89.96,72.67,275.09,45.07,78.67,25.1,46.5,1112.42,68.88,213.48,398.69,159.02,58.11,130.79,294.54,81.75,658.52,162.41,29.65,282.15,45.94,362.01,236.61,378.9,452,437.82,205.53,284.53,164.6,80.7,271.41,115.21,69.89,76.55,580.88,134.21,372.95,274.41,95.87,43.74,1043.04,16.99,59.44,94.2,144.08,28.48,12.14,362.04,227.66,377.84,225.15,174.34,134.12,126.41,320.2,23.98,328.08,377.14,247.87,93.62,195.59,176.86,253.46,514.99,74.99,33.14,140.41,161.24,381.27,86.86,221.66,91.12,87.49,17.15,46.45,30.83,464.6,102.83,230.39,83.15,207.68,70.98,110.12,153.81,17.33,161.87,72.06,99.41,50.53,113.53,61.78,54.8,170.27,196.27,82.73,42.5,40.53,169.89,112.33,158.71,181.61,10.48,68.78,177.67,83.67,534.45,77.53,30.13,210.18
2026-09-23,101.06,337.02,265.08,149.58,103.49,5.71,80.67,183.52,240.69,385.23,82.15,263.68,99.74,195.57,118.4,68.09,95.41,48.08,360.46,113.47,246.51,474.38,42.8,614.61,246.45,406.09,53.32,22.73,170.78,249.27,203.47,281.6,286.97,82.19,27.23,315.25,945.82,32.67,332.56,33.59,1744.61,59.98,184.18,156.24,98.74,6.32,155.94,354.99,450.61,301.96,72.98,199.93,110.8,56,275.19,89.78,227.53,155.9,58.03,22.25,1060.89,61.15,149.51,35.29,507.17,44.62,12.31,55.78,119.27,10.03,131.93,812.02,60.47,335.21,136.41,205.24,70.23,90.8,19.32,309.09,263.88,116.61,268.27,104.01,355.91,18.35,85.93,12.87,22.55,270.8,524.65,37.16,196.1,300.6,198.13,128.09,87.03,18.1,904.7,193.87,85.23,237.58,7.72,262.49,86.9,106.43,47.19,191.97,80.42,22.01,85.86,205.51,61.17,81.75,189.27,32.88,251.49,709.48,549.83,140.17,221.56,514.3,103.46,21.25,181.45,28.65,296.43,61.9,122.89,114.17,48.04,87.73,210.8,276.72,102.61,67.71,104.8,4.58,398.56,154.59,33.07,150.93,141.84,3.58,1037.66,64.91,438.76,99.23,78.42,0.6825,86.82,41.87,97.05,47.09,185.65,40.69,133.84,68.08,12.94,50.99,72.58,290.32,291.5,43.65,25.4279,34.67,1625.9,400.85,260.91,131.26,63.96,92.33,191.97,71.24,178.74,22.75,34.36,343.33,33.11,93.56,121.28,319.8,66.09,951.82,46.42,151.37,153.49,392.88,154.48,83.77,334.98,337.83,84,936.36,1270.67,112.44,436.48,296.72,310.57,28.39,3.37,18.27,307.22,212.57,122.7,463.7,374.78,102.46,72.39,228.78,78.1,182.83,138.23,57.85,206.6,232.76,156.35,101.71,522.02,90.19,133.59,27.9,169.11,108.1,101.32,54.96,51.78,138.14,255.38,122.6,286.8,42.54,47.01,47.05,115.09,398.3,213.92,88.79,167.54,273.42,281.92,435.02,96.25,65.76,128.98,91.97,71.54,156.16,72.16,183.74,97.24,79.76,264.52,41.34,145.9,27.16,28.25,269.17,6.25,337.53,64.51,31.76,27.62,60.09,97.21,187.86,97.7,31.37,88.09,57.64,70.38,341.75,46.16,17.67,2.9,4.16,124.69,151.31,239.21,11.7,469.72,69.58,937,1150.99,524.68,63.69,191.36,103.89,307.28,15.24,14.77,169.03,559.92,72.08,351.66,13.35,238.32,53.17,75.53,880.5,473.85,428.36,61.44,89.3,666.33,1799.24,744.1,92.71,490.45,170.3,43.91,68.95,374.98,48.89,388.38,1355.47,148.08,182.11,170.38,260.9,198.39,500.59,162.2,40.48,316.95,1071.88,226.61,77.02,123.55,352.33,71.36,39.25,3.67,36.05,514.42,10.63,140.78,100.72,315.01,196.33,69.68,390.79,13.62,246.98,225.51,162.85,11.84,235.44,81.81,55.61,177.72,90.54,38.82,205.36,75.49,74.1,7.4,282.31,144.56,85.9,39.38,57.36,109.65,48.11,393.3,13.04,53.39,221.68,112.09,12.41,79.2,67.31,61.49,130.18,28.18,147.39,203.13,971.21,18.45,240.98,16.38,133.96,191.79,190.84,224.03,92.05,7.8,107.2,32.25,286.73,256.48,138.7,634.9,52.51,16.81,197.24,741.21,120.9,4.91,152.45,222.14,9.12,48.99,230.3,151.98,11.27,801.82,68.76,89.085,252.78,16.005,120.74,24.69,15.02,70.31,103.47,222.3,233.98,384.63,211.31,35.5961,52.22,79.16,110.58,36.94,38.61,59.12,33.9975,29.38,66.45,70.48,192.19,8.35,190.74,24.1,5.51,170.53,94.14,201.94,33.28,99.5,33.35,4.31,22.89,57.73,142.34,326.46,81.12,2.01,92.22,29.4,276.53,167.54,51.87,58.16,34.31,41.44,601.41,8.68,5.29,1816.57,334.81,413.06,287.89,83.47,16.55,565.72,148.36,204.16,406.5,12.21,71.35,510.4,767.81,69.08,79,234.29,52.46,923.86,46.49,91.45,70.67,273.4,43.69,77.14,25.3,45.05,1105.28,66.8,214.39,389.14,156.26,56,131.59,300.34,80.46,665.3,165.66,29.81,283.01,45.69,360.39,230.5,380.12,446.57,437.09,206.32,290.7,158.5,75.62,272.62,110.72,69.42,77.29,573.4,133.85,371.29,275.53,95.82,41.99,1031.99,15.83,58.48,93.93,148.83,28.65,11.6,361.52,224.98,371.28,223.13,174.75,132.87,125.6,316.18,23.7,326.8,375.84,244.4,91.45,192.96,172.45,248.78,516.34,73.68,32.6,137.97,159.33,378.23,86.64,220.61,90.27,85.92,17.49,46.52,30.76,473.69,101.17,229.87,81.9,207.88,71.11,110.53,145.45,16.35,155.2,70.66,97.09,50.28,112.56,62.37,54.54,170.1,195.34,82.43,41.84,39.75,168.8,110.65,161.23,182.65,10.29,66.23,179.92,82.1,527.44,74.68,29.79,214.45
2026-09-24,101.03,335.92,265.12,151.39,101.07,5.71,76.18,177.41,238.93,382.61,81.88,263.11,99.2,193.88,117.57,71.57,94.95,48.21,360.51,108.25,249.59,474.25,42.1,629.26,247.74,406.04,52.69,21.67,167.26,249.38,205.7,276.09,284.49,83.08,27.06,312.47,962.22,32.77,306.34,33.19,1722.5,61.06,186.21,156.42,98.49,6.06,158.55,350.36,445,305.66,75.9,196.8,110.63,56.03,266.65,88.08,226.36,157.41,57.29,23.17,1073.45,61.5,150.19,35.22,505.18,44.68,12.15,56.02,117.21,9.19,132.1,805.25,61.13,334.84,136.53,206.41,67.63,88.12,18.94,322,261.62,117.55,265.5,103.19,358.43,18.1,85.32,12.5,22.13,268.91,521.07,36.82,196.61,290.61,199.21,129.34,86.25,18.12,896.48,195.97,83.96,238.22,8.17,259.67,90.13,106.97,46.95,197.68,79.45,22.3,85.05,205.65,60.4,82.76,187.53,33.18,256.92,694.94,536.02,140.35,223.77,512.68,105.56,21.27,181,28.56,293.03,60.72,121.18,113.23,48.9,87.47,206.71,275.37,102.71,67.25,104.5,4.54,398.25,156.14,32.82,148.63,142.86,3.245,1034.76,63.8,440,98.16,77.66,0.677,85.73,41.87,95.81,47.16,182.53,40.2,132.23,68.2,12.6,50.73,72.08,292.55,279.54,43.19,25.4426,34.99,1643.39,398.36,259.89,129.04,63.84,94.2,172.16,70.95,178.67,23.05,34.24,336.29,33.32,92.35,119.83,319.78,66.38,955.04,47.05,149.69,154.88,391.69,154.15,80.57,339.01,342.36,85.31,923.29,1279.47,115.22,423.48,292.18,306.33,29.28,3.3,17.94,312.13,211.79,120.82,465.88,380.32,101.54,73.18,229.38,77.89,181.08,137.69,57.83,209.25,227.06,156.93,100.9,513.39,89.69,135,27.7,169.26,107.15,102.34,54.97,51.34,137.78,273.9,127.39,277.13,44.98,47.55,46.15,114.09,399.52,212.76,88.31,167.42,272,281.66,434.91,95.87,65.97,128.52,92.02,72.08,155.45,71.69,182.15,96.81,78.92,264.31,41.49,145.36,26.75,28.46,270.68,6.3,338.56,64.8,30.88,24.42,59.67,95.64,187.11,97.22,31.25,88.1,58.92,70.94,344.96,47.02,17.61,2.83,4.15,123.35,147.32,238.04,11.78,468.14,68.82,929.04,1181.89,523.7,63.31,188.49,103.15,307.16,15.7,14.75,171.06,566.08,72.51,351.51,12.92,237.02,52.82,74.69,869.36,467.35,421.4,60.86,88.51,663.74,1754.13,777.59,92.99,480.1,167.52,42.67,68.88,382.75,49.3,390.95,1335.55,147.98,194.82,169.93,258.95,196.32,497.93,161.61,40.8,317.45,1080.53,243.48,75.62,121.3,358.82,71.72,39.12,3.63,35.99,508.98,10.43,137.78,97.85,313.17,197.24,68.59,408.79,13.56,247.96,224.58,162.88,11.84,230.16,79.97,55.41,174.93,91.18,38.29,206.64,74.7,73.15,7.6,279.73,139.54,86.24,41.37,58.05,121.88,47.51,389.92,12.6,53.07,220.81,110.67,12.32,78.2,66.56,62,128.15,28.41,145.68,202.17,974.98,18.72,238.11,17.62,133.82,192.59,191.5,223.34,91.08,7.75,106.32,31.97,284.56,255.87,137.34,643.5,52.6,17.48,194.26,741.1,120.56,4.94,152.47,222.55,9.16,48.83,238.98,152.72,11.6,796.02,66.93,89.1,252.49,16.5,121.97,23.48,15.29,73.61,104.55,221.89,235.4,385.77,210.26,35.7442,52.005,78.96,111.03,37.11,38.08,58.47,33.7265,29.15,65.88,69.88,188.61,7.78,199.86,23.98,5.94,166.12,93.65,201.58,33.1,99.49,31.91,4.51,23.06,56.4,145.16,320.4,81.09,2.07,90.96,28.93,275.1,166.91,51.43,57.62,35.1,41.51,600.52,8.47,5.43,1753.62,334,424.91,259.47,82.89,16.8,566.07,148.03,204.7,403.25,12.26,71.11,511.38,767.18,67.12,77.74,235.2,51.58,905.92,46,87.81,71.55,269.75,44.04,78.19,25.45,43.47,1105.28,66.51,213.67,387.7,156.15,57.52,131.63,300.01,79.42,678.39,165.35,30.11,283.15,46.09,362.39,217.28,377.94,451.15,438.54,202.98,299.66,184.03,84.11,270.65,111.19,69.22,76.52,563.11,134.99,375.01,274.07,92.05,40.86,1021.67,15.38,58.4,93.82,153.09,28.69,11.32,367.98,222.52,369.95,221.12,175.42,132.85,125.19,318.42,23.27,324.49,382.86,241.7,91.17,196.04,170.82,245.3,522.38,73.72,31.8,137.94,159.05,378.08,86.83,219.88,90.45,85.59,17.57,47.32,30.84,450.31,100.9,233.61,82.18,207.96,70.58,107.59,143.88,16.29,156.05,69.56,96.8,49.68,113.99,62.6,54.53,168.83,194.71,81.7,41.65,39.36,169.87,110.32,162.14,184.05,10.25,66.4,176.12,82.1,526.7,76.74,29.57,214.64
2026-09-25,101.4,341.07,264.34,157.47,101.29,5.61,77.3,176.11,235.47,393.6,81.12,263.67,99.39,194.48,118.35,71.52,95.12,48.1,364.62,109.73,255.96,485,42.51,630.63,250.74,414.61,53.61,21.48,169.03,249.67,206.55,277.99,281.76,84.09,26.25,310.75,959.49,32.695,310.32,33.09,1743.94,61.81,185.48,157.21,99.03,6.04,152.05,352.81,430.11,308.89,78.94,198.07,109.74,56.7,288.7,87.33,227.6,163.95,57.83,23.25,1086.31,62.86,150.15,35.4,505.48,43.92,11.51,56.59,118.42,8.35,134.28,821.58,61.45,333.37,134.55,206.75,67.84,88.07,19.22,326.13,263.27,112.91,272.01,100.95,356.91,17.73,86.06,12.18,21.91,264.48,525.06,36.84,200.2,295.83,195.11,127.3,86.73,17.34,922.765,210.97,85.04,234.02,7.83,252.13,87.59,106.7,46.78,199.91,78.52,22.53,89.13,204.45,60.68,84.94,193.36,32.62,268.13,690.46,562.89,141.51,224.49,517.49,106.15,22.02,178.61,28.02,292.14,61.91,121.44,113.35,47.05,86.62,207.2,279.49,103.1,67.98,105.56,4.51,396.09,158.23,32.4,151.89,140.35,3.165,1008.08,63.67,439.98,98.57,78.04,0.739,86.29,42.26,97.93,47.32,187.18,40.34,133.35,68.71,12.71,50.43,72.31,291.61,285.85,43.3,25.3589,35.41,1658.91,417.39,257.87,129.69,63.07,89.18,177.71,70.99,173.46,23.23,33.96,336.72,32.77,92.87,121.11,327.09,66.63,957.63,49,150.93,154.43,393.41,156.74,82.63,341.08,343.92,86.49,935.45,1243.07,113.9,435.61,293.2,308.53,29.42,3.16,18.19,313.96,212.55,119.4,466.62,397.93,96.82,73.85,232.48,77.86,180.88,138.1,58.53,209.77,225.51,154.31,101.17,519.26,90,133.7,27.75,169.98,106.01,102.53,55.86,51.6,138.29,270,123,275.79,45.48,47.95,44.125,111.38,405.18,213.81,89.43,168.24,274.32,281.97,436.77,96.24,65.38,129.24,92.57,72.44,156.72,71.76,182.67,96.63,79.35,266.12,41.58,150.2,26.51,28.98,271.22,6.32,343.06,65.36,31.95,25.05,59.71,96.67,187.92,98.43,30.75,87.81,58.74,71.55,345.82,45.62,17.8,2.75,4.07,123.61,147.07,237.69,11.5,469.89,69.02,941.65,1183.46,519.56,63.6,189.28,103.21,315.21,15.61,14.865,170.87,567.65,72.64,352.03,12.55,236.5,52.62,78.69,866.64,468.7,410.44,60.25,88.64,665.87,1752.61,751.66,93.37,484.3,169.55,43.11,68.82,387.8,48.83,393.52,1367.43,148.78,198.88,171.12,261.935,196.31,516.17,158.61,40.55,318.5,1082.28,237.33,76.08,121.43,349.02,71.145,39.42,3.58,35.75,510.52,10.39,135.62,100.37,313,201.145,68.03,412.56,13.59,247.25,225.07,164.41,12.2,238.08,80.85,55.54,173.3,88.63,38.04,195.19,76.15,77.2,7.64,287.64,137.1,86.115,43.72,56.86,126,48.04,374.74,12.46,53.47,220.46,111.31,12.34,77.57,67.02,62.29,128.63,28.67,146.23,205.5,978.33,18.9,237.18,17.43,133.05,189.67,190.48,225.64,91.74,7.77,107.52,32.03,287.97,255.75,141.86,649.13,55.04,17.41,201.97,744.5,121.02,4.91,153.72,223.59,8.96,46.44,242.7,149.84,11.62,788.04,66.66,89.2,252.49,16.66,121.46,23,15.47,73.95,105.16,222,236.12,387.28,211.11,35.4976,52.325,79.33,109.97,37.36,38.12,58.97,33.7785,29.21,66.38,70.15,189.4,8.11,204.97,22.38,6.17,166.15,94.86,203.92,33.21,99.03,32.68,4.45,23.23,54.68,142.25,329.1,81.21,2.12,91.56,29.22,276.23,164.68,51.54,58.14,33.91,43.26,606.56,8.42,5.42,1777.8,335.94,425.76,263.03,82.88,16.58,572.68,148.68,204.82,403.3,12.08,71.3,510.01,771.35,66.89,77.93,233.66,51.93,916.83,46.41,89.34,72.94,272.36,43.47,78.46,25.38,44.06,1116.2,66.05,218.59,398.38,157.45,57.43,130.06,304.42,79.32,675,165.43,30.6,277.84,46.04,363.04,230.47,372.11,450.61,454.44,201.44,275.8,182.83,85.71,278.07,113.99,69.62,77.69,560.67,135.82,376.59,273.79,93.96,40.91,1047.06,15.18,59.33,93.33,148.33,28.62,11.35,367.38,223.62,370.94,222.17,173.71,133.67,126.17,319.61,23.51,327.06,387.18,245,90.99,194.15,171.48,253.28,526.19,73.02,32.55,138.46,160.03,379.77,86.59,220.81,90.94,86.35,17.3,47.08,30.86,456.81,101.45,231.37,82.97,206.83,69.26,107.98,142.92,15.74,155.03,69.8,98.32,49.8,112.96,62.04,54.84,170.43,196.27,82.06,41.56,39.51,170.7,110.56,160.59,181.5,10.12,66.09,173.17,82.47,540.74,76.42,29.45,193.05
2026-09-28,96.82,338.4,266.28,156.08,100.98,5.2,75.95,174.47,231.01,395.43,80.38,261.8,99.39,184.15,118.2,67.21,94.65,47.28,351.31,107.39,255.36,486.76,42.79,607.87,251.67,418.13,53.18,20.32,168,246.15,204.92,272.1,278.75,84.62,24.53,308.24,972.25,32.07,283.33,32.51,1771.41,61,180.67,157.05,92.77,5.29,147.23,349.57,424.75,306.33,73.67,184.39,108.76,55.47,262.87,86.97,228.69,163.87,57.12,22.95,1071.25,63.88,148.44,35.13,503.09,44.11,11.03,56.54,114.56,8.52,131.31,819.95,60.74,331.37,130.35,196.74,67.1,87.04,17.87,326.7,260.43,111.4,271.83,101.67,344.19,16.74,86.52,11.22,21.79,263.24,517.84,36.62,196.46,282.45,191.79,126.04,85.26,16.52,922.92,192.67,83.75,227.27,7.65,259.25,85.07,106.74,46.76,200.58,77.74,22.19,87.85,206.37,60.28,84.03,178.39,32.49,268.7,689.59,543.43,139.42,227.33,514.02,105.59,21.16,177.18,27.89,292.27,59.7,120.83,113.41,46.73,86.68,202.45,280.23,102.83,67.2,105.04,4.4,394.59,159.39,30.91,150.63,140.63,3.07,1011.07,63.28,431.41,98.1,77.91,0.6652,86.83,42.13,96.83,47.27,183.58,40.32,131.68,68.52,12.38,50.49,71.96,285.83,289.65,43.02,24.755,34.31,1658.3,409.96,245.81,130.97,63.06,88.81,172.97,70.62,176.33,22.97,34.17,334.16,31.66,87.89,114.1,318.24,66.78,949.77,47.78,152.21,158.56,377.91,151.59,80.64,339.16,342.75,84.7,916.28,1255.69,112.89,432.6,289.89,304.61,28.78,3.04,17.01,320.28,211.52,116.46,465.72,389.63,92.71,72.83,228.32,77.54,178.38,137.73,57.97,210.71,220.67,152.91,100.52,529.06,89.53,132.73,27.48,167.71,105.43,103.19,55.68,51.96,137.37,271.9,116.03,269.4,44.58,47.14,41.72,111.05,414.79,209.26,88.75,166.95,273.83,280.02,433.38,95.32,65.37,127.42,91.42,72.67,155.25,71.83,179.84,96.16,79.07,263.57,41.17,148.89,26.61,28.49,271.95,6.11,336.59,64.5,31.46,24.11,59.39,93.24,189.17,98.77,30.63,87.18,59.69,70.55,337.08,44.07,17.88,2.68,3.9,122.35,140.37,237.7,11.71,472.04,68.28,921.32,1184.78,518.1,63.21,187.66,102.47,314.47,15.2,14.88,171.89,568.26,71.52,358.57,12.11,233.6,52.54,77.97,856.29,460.08,334.68,60.18,89.5,661.08,1712.41,715.62,92.48,490.77,169.48,41.86,69.13,389.96,46.45,389.44,1351.2,148.69,197.28,169.03,251.9,193.64,509.22,157.14,39.51,315.59,1053.98,231.88,75.49,116.05,353.99,69.23,39.1,3.59,36.39,505.8,10.12,131.45,97,313.05,204.41,68.7,411.77,12.23,244.49,228.86,160.5,11.73,236.32,79.13,55.35,176.85,88.62,37.11,202.18,75.1,75.65,7.68,288.74,132.6,86.51,40.9,56.1,129.4,45.77,392.09,12.19,53.08,220.58,111.65,11.95,78.49,66.73,62.72,128.5,28.72,149.03,209.47,969.55,18.41,234.52,16.77,132.44,187.48,193.76,223.67,91.32,7.41,107.01,32.11,284.79,253.55,142.44,644.36,54.28,16.78,187.48,736.53,119.96,4.56,151.36,222.87,8.57,41.86,242.59,143.08,11.2,752.25,64.47,89.17,240.32,15.95,122.09,21.62,14.79,72.19,102.12,222.1,237.09,391.53,209.74,35.2325,51.96,78.34,109.2699,37.47,37.85,58.58,33.56,29.235,65.58,69.62,187.66,7.67,201.74,22.74,6.05,163.43,95.27,202.63,33.01,98.3,31.53,4.43,22.83,52.91,144.01,332.79,81.11,2.01,86.99,27.6,278.07,162.46,51.49,54.95,33.55,41.78,600.01,7.91,5.22,1712.89,328.12,417.61,256.75,82.35,15.93,560.79,145.47,204.53,395.92,11.74,71.12,497.51,765.61,65.16,76.89,230.39,52.74,921.51,45.07,87.59,71.52,275.31,42,78.57,24.9,43,1109.22,65.16,214.71,401.3,158.43,56.19,130.25,303.5,78.62,678.6,166.45,30.38,277.43,45.62,363.16,226.04,357.45,452.88,452.06,202.35,286.98,179.6,88.5,278.31,111.51,68.16,78.07,553.37,133.42,377.83,274.1,94.25,40.13,1043.92,14.415,58.78,93.72,150.01,28.7,11.03,367.74,221.25,365.45,222.8,173.83,132.11,125.1,320.74,23.19,323.81,389.57,246.15,90.59,190.43,170.29,244.04,527.67,71.65,32.23,138.02,158.81,375.84,87.04,218.38,90.04,85.75,17.46,46.68,30.9,453.23,101.45,232.96,80.81,206.44,68.98,108.73,135.62,15.12,156.61,69.39,97.3,49.47,111.18,62.1,54.19,168.78,194.53,82.28,41.35,39.25,171.26,109,162.52,180.14,9.95,66.89,176.66,82.55,527.67,73.31,28.99,199.39
2026-09-29,100.67,329.4,263.29,156.96,100.95,5.06,75.61,177.12,233.17,398.22,79.4,261.8,100.25,185.83,119.3,69.3,94.6,47.68,357.84,107.62,254.07,512.01,42.46,607.57,250.78,423.64,54.14,21.03,167.35,246.67,202.86,275.9,279.19,84.34,25.41,305.66,970.66,31.92,293.67,32.66,1834.39,59.4,188.95,157.6,94.63,5.39,143.24,355.1,419.58,305.4,78.18,187.68,107.74,54.96,291.25,86.71,227.07,162.34,55.92,21.89,1067.94,62.86,146.98,35.24,502.35,43.88,10.9,55.69,114,8.23,130.8,826.64,59.86,332.08,130.84,194.95,67.07,86.88,17.84,324.17,264.58,110.67,275.26,101.97,354.92,16.51,86.46,11.01,21.6,263.22,521.37,36.94,196.46,292.21,190.02,125.44,85.48,16.31,924.59,192.35,84.53,225.31,7.38,262.74,85.93,106.94,46.93,197.74,77.87,21.94,87.1,204.38,60.64,84.87,187.1,32,268.56,680.5,539.59,139.4,226.11,512.88,105.41,19.59,176.56,27.61,301.81,61.29,122.39,114.21,46.6,86.64,199.11,277.87,103.33,67.4,104.54,4.35,392.73,157.24,31.83,154.77,139.66,3.11,1015.27,63.9,433.27,99.76,78.73,0.6328,88.08,41.9,96.51,46.85,187.1,40.65,133.49,68.23,12.3,49.96,70.79,287.63,287.47,43.64,24.61,33.35,1665.05,424.12,247.94,136.25,62.48,90.37,176.93,68.85,175.96,22.65,33.86,332.34,31.28,89.07,115.8,317.89,66.46,962.49,47.86,151.28,158.55,382.89,158.71,80.47,337.32,340.92,83.33,916.24,1248.67,111.56,431.63,288.04,307.11,28.7,3.01,17.15,323.44,210.13,116.22,459.09,386.87,92.86,72.2,230.94,77.36,177.89,137.92,57.42,211.04,219.99,152.19,101.53,533.44,89.45,131.92,26.75,168.2,105.22,102.26,55.37,51.79,136.91,272,115.93,268.03,43.91,46.96,41.38,111.5,412.18,209.3,88.38,166.64,267.07,279.01,432.59,95.36,64.81,127,91.03,72.41,155.26,71.76,179.24,96.12,79.46,263.34,41.18,149.42,26.3,28.56,267.57,5.99,334.98,63.83,31.03,24.32,59.48,93.18,196.53,98.99,30.45,86.84,60.79,69.83,335.06,43.05,17.91,2.63,4.07,123.1,138.18,236.47,11.23,473.37,68.54,973.49,1184.63,512.21,64.34,187.26,102.41,323.86,14.55,15.07,171.09,563.58,71.39,361.62,11.99,233.98,52.1,78.78,864.82,454.82,337.19,59.32,87.09,660.23,1724.9,738.79,92.43,479.09,168.49,41.74,68.72,387.59,45.43,392.03,1355.99,149.28,203.46,170.42,263.27,192.76,508.96,154.67,40.13,316.93,1065.08,237.355,75.89,117.09,352.26,70.3,39.32,3.4,35.84,504.61,10.36,129.94,97.17,313,209.18,70.09,414.52,12.35,236.24,227.21,161.68,11.73,236.47,79.31,55.14,177.46,86.86,37.11,204.88,74.14,75.95,7.48,304.69,137.79,86.07,40,54.94,130.05,46.14,388.41,12.32,52.91,218.58,111.8,12.18,77.5,67.68,62.68,128.69,28.72,148.32,210.52,970.37,18.54,233.28,16.38,132.61,186.97,193.9,221.65,93.4,7.67,106.02,32.58,285.58,252.25,140.97,651.79,53.89,16.43,184.1,737.93,120.31,4.59,151.87,223.23,8.46,41.18,260.67,145.36,10.73,750.51,64.79,89.22,238.93,15.74,122.08,21.39,14.97,69.7,103.12,222.83,234.4,387.19,209.5,35.019,52.14,78.1299,107.98,37.4,37.55,58.57,33.5099,29.1,65.6,70.475,186.94,7.72,204.48,23.31,5.6,162.81,95.43,202.55,32.85,99.1,31.52,4.63,22.52,54.17,148.26,330.44,81.16,1.83,87.17,27.66,276.16,162.75,49.87,55.48,33.11,41.02,606.9,7.76,5.34,1729.76,330.31,415.09,258.19,83.45,15.91,567.44,149.24,204.28,392.45,11.15,71.19,493.66,764.2,66.08,78.18,221.9,53.24,913.45,44.38,88.04,71.72,278.77,41.51,78.49,24.48,43.43,1099.79,64.85,212.59,403.02,156.43,56.19,133.8,314.84,78.23,679.61,162.98,30.46,273.49,45.24,363.21,234.43,352.84,456.94,455.59,202.78,290.78,186.13,90.04,281.69,112.65,69.36,80.46,559.32,131.84,374.94,274.15,93.93,40.04,1014.54,14.075,58.14,93.7,143.35,28.75,10.99,365.88,219.84,365.58,221.56,172.13,131.6,124.85,319.79,23.2,324.13,387.72,242.75,90.53,191.38,172.14,248.34,526.73,69.09,32.46,140.83,158.45,375.26,86.91,217.89,89.94,85.515,17.45,45.98,30.85,453.48,102.58,232.9,80.48,207.09,68.63,106.8,135.39,15.09,156.81,70.69,96.97,49.1,111.47,61.54,54.01,169.13,194.5,81.85,41.34,39.71,170.73,109.15,161.35,178.63,9.47,66.09,177.37,82.47,530,74.05,28.96,198.355
2026-09-30,99.26,333.02,261.59,160.65,98.83,4.97,80.92,183.37,239.94,396.71,79.38,258.06,99.38,183.27,118.64,69.23,94.54,47.53,355.97,105.78,246.74,511.38,41.86,611.76,247.73,421.51,52.38,20.71,163.69,249.15,203.59,276.77,278.23,84.3,24.37,290.43,958.91,31.9,289.66,32.67,1811.67,58.86,189.4,156.44,93.95,5.54,142.22,351.19,422.52,304.1,77.41,186.05,107.54,54.43,276.98,86.87,225.88,162.91,54.9,21.31,1058.29,62.4,144.63,35.23,497.95,43.65,10.49,56.75,112.09,8.26,129.48,810.79,59.5,325.25,128.47,177.65,66.65,86.67,17.6,330.185,254.02,110.9,271.83,103.09,351.82,15.825,85.32,11.01,21.76,261.98,516.57,36.8,193.07,287.81,186.41,125.15,84.7,15.98,910.34,194.79,82.8,229.57,7.26,264.75,87.12,107.63,46.51,195.06,77.65,21.61,85.69,204.21,60.52,83.46,183.55,32.32,273.85,671.55,537.95,136.65,221.55,508.55,104.9,19,175.53,27.54,299.61,60.36,121.8,114.01,46.04,86.29,193.53,274.58,102.21,66.79,103.89,4.22,388.82,155.1,32.99,154.06,137.76,3.065,1011.58,64.16,429.71,99.26,78.44,0.5993,86.32,41.31,97.46,46.53,182.78,40.4,131.51,67.33,12.06,49.53,70,288.45,285.09,43.33,24.26,32.9,1654.09,424.27,238.11,149.31,62.65,97.04,175.16,67.92,178.76,22.56,34.02,331.83,31.23,87.8,113.95,312.29,65.37,950.49,47.92,149.05,164.19,380.84,153.76,77,340.74,344.08,81.67,900.36,1245.76,110.4,426.74,284.49,303.18,29.79,2.95,17.03,318.12,210.94,112.5,453.6,381.57,86.1,72.04,226.18,77.21,176.14,135.57,57.22,210.53,219.93,152.03,100.84,522.19,89.31,132,26.52,169.04,106.48,100.52,54.89,51.15,136.04,273.68,120.23,275.71,43.86,46.28,40.88,110.95,406.63,207.18,87.02,166.28,257.28,277.89,431.66,94.78,64.8,125.66,89.92,71.56,153.37,70.73,178.13,95.04,78.52,264.9,41.18,148.65,26.6,28.22,264.74,6.05,330.83,63.22,30.34,24.08,58.5,91.3,194.93,97.43,30.15,86.08,58.62,69.44,332.56,42.69,17.66,2.63,4.07,121.83,139.49,236.78,11.36,474.65,68.42,971.26,1157.08,509.25,63.3,184.29,102.18,328.51,14.24,15.01,169.3,551.47,71.69,355.67,11.33,230.94,52.19,77.77,853.81,454.13,348.61,57.82,86.29,656.71,1728.53,725.18,92.65,479.81,164.15,41.62,67.34,381.47,47.29,395.42,1347.22,145.31,192.57,170.73,264.21,188.08,512.9,153.09,40.15,317.34,1065.11,235.88,75.74,115.34,347.28,69.58,39,3.43,35.4,483.48,10.14,134.01,95.65,309,210.08,70.41,413.31,12.66,233.75,228.38,160.37,11.61,237.53,77.93,54.3,173.84,85.27,37.02,209.11,73.63,76.87,7.33,307.82,137.3,85.41,40.34,55.32,130.78,45.51,397.31,12.84,52.5,217.65,109.81,12.25,77.94,67.34,61.98,126.72,28.52,145.28,207.31,955.42,18.89,229.26,16.39,129.84,187.05,190.82,222.26,93.04,7.48,104.33,32.89,282.84,255.31,140.89,642.51,52.53,16.57,184.04,739.77,120.11,4.645,151.62,222.24,8.45,42.37,265.86,142.44,10.44,758.27,64.26,88.34,236,15.74,119.53,20.15,14.94,69.68,106.76,221.1,233.4,384.75,208.02,35.0818,51.72,77.405,107.46,37.01,37.17,57.92,33.2445,28.7,65.86,70.1,185.65,7.77,205.26,23.76,5.53,160.12,93.96,202.64,32.53,97.74,31.87,4.65,22.58,54.6,148.3,323.27,81.2,1.81,86.01,27.28,280,163.99,48.72,54.51,33.78,41.07,609,7.9,5.4,1739.89,339.56,434.94,256.85,82.89,15.72,568.64,150.86,200.76,394.47,11.18,70.51,487.38,762.63,64.87,77.96,221.61,53.36,922.34,44.1,85.48,70.97,275.39,42.07,77.96,24.4,43.97,1082.6,65.79,211.08,400.91,156.69,55.78,132.31,312.69,77.78,675.05,163.08,28.99,270.31,44.83,356.51,227.43,354.81,456.19,451.98,207.5,292.46,193.24,90.36,280.09,110.95,68.51,81.06,567.53,130.01,367.08,272.13,93.44,39.85,1000.78,14.08,57.76,92.21,145.66,28.77,11.03,359.33,218.17,364.68,218.21,172.16,130.09,125.67,316.08,22.97,320.51,387.61,244.63,89.63,190.59,171,241.31,522.81,70.38,32.55,138.35,157.85,374.24,85.02,216.08,90.11,84.96,17.61,45.87,30.95,454.46,100.78,230.24,80.05,203.92,67.97,103.92,133.72,14.8,157.68,70.48,96.03,48.7,110.97,61.5,53.4,166.98,195.75,80.6,40.91,39.44,168.42,108.84,162.75,179.33,9.56,65,175.98,82.15,529.62,73.53,31.57,199.42
2026-10-01,107.32,330.32,259.93,160.47,96.69,5.03,83.58,212.3,241.28,404.6,79.52,263.96,99.64,180.59,119.75,70.43,94.42,48.04,356.42,105.03,231.18,529.3,41.81,615.73,249.09,407.27,52.9,21,161.06,248.23,204.49,275.95,273.33,85.67,24.16,281.31,936,31.97,292.34,32.75,1808.49,57.04,191.14,156.38,94.2,5.52,140.31,343.64,422.21,302.09,81.81,192.28,107.45,53.73,277.58,85.59,222.82,160.28,55.62,21.15,1064.36,61.46,143.92,35.43,500.5,43.23,10.64,57.26,112.24,8.26,127,826.35,60.08,331.3,130.53,169.52,66.12,85.69,17.56,350.73,258.92,111.37,267.96,103.78,379.14,15.46,84.53,11.47,21.7,265.1,517,37.21,194.48,319.19,189.29,127.06,83.4,16.35,914.94,210.17,81.7,236.69,7.2,266.09,88.57,108.76,46.54,195.6,12.57,22.01,85.2,207.1,60.76,84.13,182.175,32.75,276.46,667.26,541.74,137.06,211.76,508.62,101.33,19.35,176.49,27.59,295,62.03,123.27,113.74,47.16,86.23,194.33,271.26,103.5,66.81,102.82,4.08,381.67,158.57,32.82,158.48,141.31,3.14,1012.33,64.31,437.28,100.4,78.79,0.6118,85.19,40.82,97.38,45.89,186.11,40.47,133.08,66.15,12.27,50.225,69.28,289.33,287.07,43.39,24.3707,33.1,1685.29,451.44,235.79,148.44,61.28,97.59,172.11,68.85,178.72,22.59,33.92,332.72,29.8,86.74,112.46,312.39,63.98,987.45,48.68,147.5,163.17,382.76,160.42,79.31,334.93,338.24,80.29,896.67,1281.68,106.94,423.39,282.46,306.39,29.3,2.92,17,315.44,213.8,111.15,466.98,379.68,86.36,71.93,228.38,76.9,176.29,137.28,57.17,205.96,225.62,151.47,101.3,517.75,89.3,136.4,26.74,170.24,108.23,99,54.37,50.65,136.97,265.72,120,282.78,43.99,46.51,40.65,111.13,401.24,208.04,87.37,166.67,260.84,279.02,432.59,94.65,65.98,126.03,89.99,70.4,155.03,70.68,177.63,94.47,79.04,266.83,41.61,151.77,26.37,28.09,258.66,5.96,333.18,63.64,30.69,24.06,59.21,91.24,200.33,94.34,30.53,86.1,59.48,69.95,325.31,42.82,17.22,2.57,4.19,121.97,139.11,238.4,11.12,469.45,68.22,1045.78,1149.85,505.5,63.71,182.38,102.03,340.1,14.05,15.21,166.85,550,71.44,354.79,11.21,231.83,52.11,78.5,898.82,447.36,351.73,57.76,86.44,663.38,1685.12,725.93,92.76,479.17,163.02,42.14,66.95,390.19,46.09,420.15,1360.97,143.81,188.94,171.85,268.08,188.01,512.8,160.5,40.13,320.88,1097.39,232.28,76.35,114.67,351,67.85,39.5,3.4,35.15,482,10.37,137.76,96.93,310.26,215.05,71.52,408.47,13.29,235.98,230.86,165.77,12.12,239.19,79.48,53.53,178.1,87.16,36.14,212.63,74.7,80.08,7.12,314.88,138.07,85.03,40.87,57.84,134.13,44.98,396.25,13.32,53.04,227.47,109.94,12.17,76.5,67.89,61.8163,125.6,28.12,143.95,210.96,965.88,19.46,229.71,16.14,128.18,190.04,188.18,220.75,94.63,7.64,104.67,32.76,284,264.23,139.19,662.6,53.06,16.56,182.09,742.03,120.66,4.59,153.25,223.44,8.39,43,269.99,149.53,10.57,734.81,62.95,87.68,232.33,15.62,120.94,19.61,14.76,70.46,107.29,221.15,234.1,393.04,209,34.56,51.81,77.67,110.0473,36.58,37.06,58.44,33.1362,28.53,67.42,70.44,185.01,7.64,205.89,24.67,5.42,158.02,94.88,199.22,32.66,98.37,30.87,4.75,22.73,49.85,149.09,320.78,81.1,1.78,85.63,27.11,275.24,166.96,48.66,55.02,35.06,41.92,617.81,7.79,5.65,1787.69,341.99,490.54,271.76,83.47,15.84,576.33,148.07,200.81,388.16,10.97,70.62,491.4,763.99,64.12,78.05,226.17,53.5,945.57,43.04,83.16,71.51,272.96,43.17,77.77,24.3,43.07,1097.24,65.22,217.76,415.79,156.7,53.62,133.59,323.09,77.71,652.51,161.73,29.23,279.31,45.08,361.64,241.3,354.11,459.2,458.94,203.62,301.27,188.05,88.76,281.31,111.78,67.88,78.64,609.64,129.79,365.2,272.42,93.89,39.59,1034.11,13.8,57.36,93.93,150.02,28.96,10.71,359.85,217.68,365.22,217.71,175.58,130.38,127.01,311.72,22.73,323.84,408.46,243.98,89.17,188.93,171.92,246.12,506.74,70.35,34.27,139.75,157.8,375.18,83.73,216.7,90.23,84.46,17.79,45.98,30.95,462.56,101.73,226.94,80.25,201.9,69.22,104.26,133.42,14.91,154.51,70.55,96.78,48.54,109.94,62.7,53.46,168.64,197.81,80.33,40.68,39.68,166.2,108.81,163.82,184.3,9.42,63.78,179.73,82.62,535.99,74.04,32.4,198.78
2026-10-02,115.59,333.69,262.82,162.43,97.5,4.89,83.38,198.9,237.69,417.15,80.45,257.68,99.94,183.69,119.57,70.77,94.25,48.82,350.33,104.59,219.72,540.04,41.86,633.91,251.93,403.04,56.02,21.57,162.2,251.52,207.35,269.45,277.57,86.96,25.38,268.22,919.21,32.68,307.49,32.51,1867.31,58.45,192.42,157.17,94.92,5.67,140.82,355.14,413.35,302.78,85.87,193.56,105.85,53.75,289.15,84.32,219.88,159.02,56,21.92,1059.63,61.15,145.4,36.03,502.65,42.6,11.02,60.25,111.75,8.25,128.5,845.42,60.84,330.89,129.58,166.43,66.44,85.18,17.66,351.35,257.49,109.29,270.53,104.7,391.34,15.71,84.26,11.32,21.57,263.14,528.32,37.79,194.72,337.04,183,126.75,85.91,16.45,920.65,218.64,81.94,234.69,7.03,270.04,89.62,112.2,47.43,193.02,11.92,22.28,86.46,206.69,61.31,84.09,189.15,32.54,277.22,687,562.52,135,214.06,511.1,102.19,18.59,178.55,27.97,297.615,61.78,124.45,114.13,47.65,85.36,202,273.7,103.39,67.67,103.96,4.14,386.43,161.61,33.47,166.47,141.38,3.21,1025.72,64.5,436.11,100.91,79.17,0.5939,85.15,41.3,98.92,46.18,191.88,40.73,133.25,67.03,12.1,50.75,72.04,291.75,290.36,43.34,24.34,32.44,1728.01,463.69,239.3,149.15,62.28,95.5,174.61,68.82,180.95,22.81,33.19,330.09,27.57,87.78,113.65,309.56,64.29,988.7,50.17,144.74,163.75,380.14,164.19,78.27,340.35,343.5,78.38,902.56,1280.3,109.86,426.69,282.85,302.45,29,2.975,17.2,319.36,213.99,112.74,475.52,388.36,89.63,73.09,231.27,76.91,175.89,137.33,57.59,205.29,222.64,150.15,101.73,518.39,89.05,136.6,26.81,172.03,108.43,98.65,55.09,50.45,138.52,273.04,119.33,281.08,43.77,46.46,41.76,113.39,391.95,207.79,86.64,167.95,262.92,281.52,436.16,95.12,66.22,126.07,90.17,70.4,155.97,70.91,180.26,94.77,80.2,269.69,42.57,156.24,25.78,28.14,256.03,5.95,332.38,64.36,30.37,24.06,59.24,90.29,206.89,94.36,31.07,85.65,59.03,70.78,322.28,43.07,17.2,2.55,4.13,117.74,139.27,236.6,10.69,479.48,69.28,1085.42,1142.85,505.41,64.33,180.8,101.83,347.49,14.71,15.46,168.77,552.26,72.59,358.96,11.23,231.89,51.24,81.32,902.28,441.36,357.96,58.19,86.38,669.66,1696.56,728.08,93.68,482.27,161.89,42.94,67.35,392.73,46.97,422.33,1439.73,144.3,190.01,170.06,272.29,190.31,517.53,160.01,40.32,322.88,1074.89,242.81,76.83,115.56,349.07,67.06,39.43,3.37,33.87,478,10.6,134.38,95.23,317.44,226.27,72.29,410.35,13.43,240.39,233.95,169.56,12.4,243.66,84.3,54.13,180.48,87.88,35.87,211.49,74.15,84.89,7.24,327.77,142.3,84.9,44.39,58.08,140.14,45.51,403.24,13.12,53.88,220.99,109.68,12.32,75.38,68.07,62.51,125.89,27.8,144.91,210.31,972.55,19.26,228.54,17.5,128.91,188.75,187.46,221.03,95.92,7.79,105.15,32.8,283.81,264.58,140.06,676.56,52.8,15.77,184.87,749.58,121.39,4.57,156.06,224.48,8.18,44.12,277.74,147.86,10.88,735.2,63.21,87.7,234.64,15.25,121.66,19.73,14.3,73.92,111.97,218.89,228.54,400.31,209.73,34.6697,51.83,77.5397,110.51,36.62,37.21,58.83,33.1034,28.635,68.12,70.75,184.68,7.71,206.64,25.06,5.73,158.49,94.71,205.54,32.72,96.7,33.09,4.615,22.9,50.81,151.39,319.51,81.05,1.81,86.5,27.23,280.5,168.14,48.74,54.74,35.24,43.69,630.6,7.75,5.58,1719.99,341.04,489.9,278.37,83.72,15.77,588.9,158.96,200.95,386.27,11.11,70.89,472.89,769.64,64.52,78.38,231.99,57.26,848.99,42.54,85.03,71.77,275.43,43.28,77.49,24.3,44.05,1090.38,68.56,220.36,449.04,156,54.29,132.68,320.77,77.48,654.8,163.64,29.79,281.74,45.93,360.38,240.86,370.59,472.78,463.91,202.73,294.58,188.67,93.5,293.8,112.51,68.11,72.69,620.52,130.94,371.9,278.28,93.02,39.79,1081.04,13.59,57.51,96.92,147.37,28.89,10.73,360.66,219.85,369.3,218.48,175.93,130.52,128.32,311.9,22.65,326.5,406.3,243.06,89.5,190.18,172.65,252.18,504.73,72,38.18,140.02,159.13,377.99,84.01,217.23,91.17,85.43,17.4,45.92,30.94,415.29,101.59,227.71,80.45,204.45,70.54,104.26,136.28,15.49,154.43,71.4,96.7,48.86,110.32,62.82,53.49,169.95,199.81,80.53,40.81,39.83,166.18,110.04,164.01,184.93,9.25,63.64,186.09,82.63,555.21,74.33,32.63,196.6
2026-10-05,121.57,332.89,265.76,164.07,100.1,4.72,76.17,195.05,238.785,419.1,82.47,260.26,99.7,183.33,119.73,74.75,94.13,49.12,362.34,104.37,219.89,542.28,41.8,631.75,251.92,402.98,54.63,21.49,162.26,251.4,206.9,272.05,279.45,87.27,24.7,281.97,912.87,32.91,302.9,32.65,1859.86,58.44,193.09,158.05,94.48,5.75,139.3,362.51,411.81,304.02,86.66,192.72,110.8,54,286.65,86.99,223.59,158.33,57.38,21.37,1066.45,58.81,143.75,36.2,504.26,42.4,10.93,62,111.65,8.06,128.55,848.14,60.48,330.49,129.4,181.55,67.58,87.47,17.05,353.48,267.62,107.77,271.29,106.01,389.69,15.48,86.19,12.2,21.57,270.03,523.37,37.75,195.14,333.64,188.22,128.4,86.33,16.6,923.52,212.48,82.65,229.79,7.51,272.67,87.39,112.82,47.43,195.4,12.39,22.12,87.01,206.47,61.02,83.08,191.77,32.39,276.415,682.2,552.29,133.23,221.21,512.11,103.61,19.6,179.87,28.51,297.27,61.67,125.04,113.84,47.98,86.9,194.16,277.07,103.38,68.73,104.03,4.03,394.51,162.33,33.45,166.92,144.08,3.27,1023.44,64.69,432.6,100.82,79.09,0.542,87.23,41.25,99.3,46.19,191.46,40.82,132.91,66.79,12.15,50.69,72.6,293.83,289.13,43.64,24.95,33.58,1713.07,453.84,240.78,147.99,63.33,97.86,176.16,70.25,184.13,22.69,33.85,331.72,29.29,87.42,112.81,306.34,65.74,990,48.56,144.63,164.01,379.55,159.37,80.23,343.83,346.47,82.18,893.46,1286.84,108.31,434.92,281.15,301.57,29.67,2.9,17.01,316.12,214.14,114.11,480.65,404.07,89.27,73.18,229.57,76.98,177.68,138.0473,57.49,207.96,221.58,152.15,102.18,527.07,88.92,138.9,27.53,173.2,109.72,98.22,56.04,51.59,139.02,293.69,116.19,284.68,42.97,47.63,40.48,112.33,406.48,206.98,85.58,169.08,264.19,283.38,438.96,95.52,66.84,126.85,90.76,70.91,156.6,71.62,181.66,94.36,79.85,271.63,42.93,156.85,26.36,27.89,252.93,5.78,332.38,64.15,30.89,23.58,59.56,89.96,206.85,95.41,31.41,86.51,58.78,70.39,334.85,42.02,17.39,2.55,4.17,119.45,141.44,236.88,10.85,482.38,70.13,1091.67,1143.12,506.63,64.29,179.5,101.83,345.8,14.29,15.73,170.67,564.59,73.5,355.89,11.17,233.04,52.28,81.49,915.45,448.15,359.23,58.49,87.97,672.27,1860.61,741.9,94.59,485.5,163.19,43.51,67.88,381.04,46.84,433.47,1479.89,139.54,203.21,170.43,271.25,190.19,525.18,164.43,40.33,323.14,1063.96,232.57,76.28,115.82,359.49,67.5,39.55,3.42,33.96,476.11,10.2,136.08,96.8,316.23,223.77,73.41,425.64,15.18,251.41,238.9,167.17,12.34,241.97,82.97,53.77,179.37,88.58,35.97,218.29,75.25,85.93,7.42,325.41,142.48,83.9,44.12,58.31,143.88,45.32,406.76,13.16,54.11,225.79,109.36,12.35,77.9,68.68,62.56,125.65,27.41,145.94,212.62,975.68,20.06,229.31,17.36,128.08,189.4,189.53,220.28,95.96,7.81,105.27,32.95,281.66,269.72,140.63,683.42,54.41,15.64,180.79,756.2,122.29,4.62,156.4,225.88,7.94,44.58,275.03,150.42,10.43,726.47,63.54,87.17,233.64,15.15,120.62,19.32,14.6,73.02,110.3,222.86,226.37,408.24,211.12,35.1045,51.75,78.18,112.11,37.28,37.65,58.89,33.0085,28.78,68.69,70.95,184.33,7.61,207.68,25.43,5.32,161.82,94.43,205.29,32.72,97.96,34.38,4.88,22.71,47.7,160.11,318.46,81.08,1.75,86.15,27.11,282.45,169.84,50.28,55.13,35.05,43.19,633.9,7.68,5.61,1704.16,338.99,488.47,277.28,83.79,15.92,589.51,171.09,201.4,390.92,10.89,71.09,483.05,774.83,65.83,78.16,241.04,57.68,887.09,42.41,83.91,71.88,285.22,42.87,76.38,24.24,43.67,1092.66,67.87,218.93,444.53,152.99,53.91,134.41,331.87,77.11,676.76,164.64,30.04,287.4,45.54,360.7,249.57,378.73,485.8,470.76,203.46,300.91,205,97.74,294.9,110,69.48,74.02,609.29,129.8,378.58,277.06,93.14,40.19,1074.28,13.65,57.27,94.63,143.99,28.99,10.82,369.71,221.71,371.24,219.93,177.88,131.4,129.2,314.51,22.53,326.85,419.33,245.57,89.15,192.67,173.2,253.62,503.5,69.79,37.1,144.89,160.11,380.6,81.36,217.93,92.06,85.85,17.2,45.85,30.95,441.64,101.3,224.16,81.44,206.66,70.81,105.07,136.27,14.79,156.19,71.49,96.3,49.5,111.61,63.45,53.88,170.1,200.93,81.04,40.67,39.97,167.37,110.42,164,187.44,9.4,63.66,182.86,82.92,552.42,76.23,32.88,201.8
